timestamp,bar_num,bar_close,raw_action,action,quantity,position_after,pnl_realized_usd,total_pnl_usd,equity
2026-01-15T14:44:31.722000+00:00,29,25931.5,-0.45345473289489746,SELL,0.453,-0.453,+0.00,+0.00,250000.00
2026-01-15T14:45:42.262000+00:00,30,25912.75,-0.3937712609767914,BUY,0.060,-0.394,+22.38,+22.38,250022.38
2026-01-15T14:50:24.291001+00:00,31,25884.5,-0.467511922121048,SELL,0.074,-0.468,+0.00,+22.38,250022.38
2026-01-15T14:51:15.124016+00:00,32,25845.5,-0.5438685417175293,SELL,0.076,-0.544,+0.00,+22.38,250022.38
2026-01-15T14:53:46.713004+00:00,33,25883.0,-0.463148832321167,BUY,0.081,-0.463,-60.54,-38.16,249961.84
2026-01-15T14:55:19.637004+00:00,34,25917.0,-0.4517737329006195,BUY,0.011,-0.452,-7.74,-45.89,249954.11
2026-01-15T14:58:16.614000+00:00,35,25878.0,-0.3620993196964264,BUY,0.090,-0.362,+69.95,+24.05,250024.05
2026-01-15T15:07:30.725006+00:00,36,25851.5,-0.24802573025226593,BUY,0.114,-0.248,+60.46,+84.51,250084.51
2026-01-15T15:10:05.025000+00:00,37,25881.5,-0.23500852286815643,BUY,0.013,-0.235,-7.81,+76.70,250076.70
2026-01-15T15:14:16.396004+00:00,38,25892.5,-0.19894345104694366,BUY,0.036,-0.199,-7.93,+68.77,250068.77
2026-01-15T15:24:00.665000+00:00,39,25897.5,-0.09596721827983856,BUY,0.103,-0.096,-10.30,+58.47,250058.47
2026-01-15T15:25:14.048000+00:00,40,25875.5,-0.04973766207695007,BUY,0.046,-0.050,+20.34,+78.81,250078.81
2026-01-15T15:28:43.074002+00:00,41,25847.5,-0.07090350985527039,SELL,0.021,-0.071,+0.00,+78.81,250078.81
2026-01-15T15:30:47.276000+00:00,42,25883.25,-0.1174490824341774,SELL,0.047,-0.117,+0.00,+78.81,250078.81
2026-01-15T15:35:07.173001+00:00,43,25914.0,-0.24353986978530884,SELL,0.126,-0.244,+0.00,+78.81,250078.81
2026-01-15T15:43:00.539000+00:00,44,25885.75,-0.3477267324924469,SELL,0.104,-0.348,+0.00,+78.81,250078.81
2026-01-15T15:44:39.148000+00:00,45,25852.0,-0.36721163988113403,SELL,0.019,-0.367,+0.00,+78.81,250078.81
2026-01-15T15:46:48.685029+00:00,46,25819.0,-0.3122269809246063,BUY,0.055,-0.312,+36.29,+115.10,250115.10
2026-01-15T15:52:47.670000+00:00,47,25810.0,-0.28017646074295044,BUY,0.032,-0.280,+5.77,+120.87,250120.87
2026-01-15T15:56:45.664052+00:00,48,25843.25,-0.2540696859359741,BUY,0.026,-0.254,-17.36,+103.51,250103.51
2026-01-15T15:57:37.113000+00:00,49,25873.25,-0.27428603172302246,SELL,0.020,-0.274,+0.00,+103.51,250103.51
2026-01-15T16:01:03.866047+00:00,50,25898.75,-0.2103598266839981,BUY,0.064,-0.210,-32.60,+70.91,250070.91
2026-01-15T16:23:22.709001+00:00,51,25923.0,-0.218704953789711,SELL,0.008,-0.219,+0.00,+70.91,250070.91
2026-01-15T16:28:25.403001+00:00,52,25892.0,-0.20325644314289093,BUY,0.015,-0.203,+9.58,+80.48,250080.48
2026-01-15T16:49:05.657008+00:00,53,25922.0,-0.35348212718963623,SELL,0.150,-0.353,+0.00,+80.48,250080.48
2026-01-15T17:16:05.583000+00:00,54,25898.0,-0.3341931998729706,BUY,0.019,-0.334,+9.26,+89.74,250089.74
2026-01-15T17:31:31.453000+00:00,55,25870.0,-0.2844768166542053,BUY,0.050,-0.284,+27.84,+117.58,250117.58
2026-01-15T17:58:37.180000+00:00,56,25854.75,-0.27824199199676514,BUY,0.006,-0.278,+1.90,+119.49,250119.49
2026-01-15T18:08:16.118000+00:00,57,25888.75,-0.3516105115413666,SELL,0.073,-0.352,+0.00,+119.49,250119.49
2026-01-15T18:31:07.128070+00:00,58,25909.0,-0.296367883682251,BUY,0.055,-0.296,-22.37,+97.11,250097.11
2026-01-15T19:00:19.950000+00:00,59,25871.0,-0.2611490488052368,BUY,0.035,-0.261,+26.77,+123.88,250123.88
2026-01-15T19:03:47.942003+00:00,60,25840.0,-0.26440104842185974,SELL,0.003,-0.264,+0.00,+123.88,250123.88
2026-01-15T19:23:26.070017+00:00,61,25820.75,-0.3221772611141205,SELL,0.058,-0.322,+0.00,+123.88,250123.88
2026-01-15T19:30:09.243006+00:00,62,25790.0,-0.3892364501953125,SELL,0.067,-0.389,+0.00,+123.88,250123.88
2026-01-15T19:40:27.062004+00:00,63,25793.25,-0.52187579870224,SELL,0.133,-0.522,+0.00,+123.88,250123.88
2026-01-15T19:55:42.072001+00:00,64,25764.75,-0.38255542516708374,BUY,0.139,-0.383,+79.41,+203.29,250203.29
2026-01-15T20:04:04.433000+00:00,65,25771.0,-0.2652161717414856,BUY,0.117,-0.265,-14.67,+188.62,250188.62
2026-01-15T20:17:09.124022+00:00,66,25731.75,-0.09300513565540314,BUY,0.172,-0.093,+135.19,+323.81,250323.81
2026-01-15T20:21:20.586007+00:00,67,25696.25,0.25026100873947144,BUY,0.343,0.250,+66.03,+389.84,250389.84
2026-01-15T20:39:30.036012+00:00,68,25687.5,0.22866211831569672,SELL,0.022,0.229,-3.78,+386.06,250386.06
2026-01-15T20:50:00.073031+00:00,69,25683.0,0.17081405222415924,SELL,0.058,0.171,-5.21,+380.86,250380.86
2026-01-15T20:59:59.170001+00:00,70,25716.5,-0.13594278693199158,SELL,0.307,-0.136,+114.45,+495.30,250495.30
2026-01-15T23:26:52.737000+00:00,71,25733.75,-0.17348404228687286,SELL,0.038,-0.173,+0.00,+495.30,250495.30
2026-01-16T00:59:18.315000+00:00,72,25762.25,-0.16971969604492188,BUY,0.004,-0.170,-2.15,+493.16,250493.16
2026-01-16T02:28:25.726001+00:00,73,25788.5,-0.13559725880622864,BUY,0.034,-0.136,-17.91,+475.24,250475.24
2026-01-16T06:49:40.017006+00:00,74,25824.0,-0.1836504489183426,SELL,0.048,-0.184,+0.00,+475.24,250475.24
2026-01-16T08:37:14.828000+00:00,75,25804.75,0.010593133978545666,BUY,0.194,0.011,+70.71,+545.95,250545.95
2026-01-16T09:05:17.726000+00:00,76,25835.5,-0.019251974299550056,SELL,0.030,-0.019,+6.51,+552.46,250552.46
2026-01-16T10:32:05.375000+00:00,77,25850.0,-0.10177554190158844,SELL,0.083,-0.102,+0.00,+552.46,250552.46
2026-01-16T11:55:17.304000+00:00,78,25833.0,-0.03227870911359787,BUY,0.069,-0.032,+23.63,+576.09,250576.09
2026-01-16T12:55:44.663001+00:00,79,25813.0,0.6260136365890503,BUY,0.658,0.626,+12.91,+589.00,250589.00
2026-01-16T14:12:04.166000+00:00,80,25842.0,0.9177938103675842,BUY,0.292,0.918,+0.00,+589.00,250589.00
2026-01-16T14:28:00.074001+00:00,81,25866.25,0.9730635285377502,BUY,0.055,0.973,+0.00,+589.00,250589.00
2026-01-16T14:30:54.669000+00:00,82,25880.75,0.98500657081604,BUY,0.012,0.985,+0.00,+589.00,250589.00
2026-01-16T14:32:05.625005+00:00,83,25851.0,0.996574878692627,BUY,0.012,0.997,+0.00,+589.00,250589.00
2026-01-16T14:33:25.552006+00:00,84,25836.5,0.9982379674911499,BUY,0.002,0.998,+0.00,+589.00,250589.00
2026-01-16T14:34:24.143000+00:00,85,25874.75,0.9985713958740234,BUY,0.000,0.999,+0.00,+589.00,250589.00
2026-01-16T14:41:19.315002+00:00,86,25840.5,0.9988363981246948,BUY,0.000,0.999,+0.00,+589.00,250589.00
2026-01-16T14:45:34.920011+00:00,87,25815.25,0.9987624287605286,SELL,0.000,0.999,-0.04,+588.97,250588.97
2026-01-16T14:52:42.623000+00:00,88,25804.0,0.9992345571517944,BUY,0.000,0.999,+0.00,+588.97,250588.97
2026-01-16T14:55:08.985003+00:00,89,25772.75,0.9994844198226929,BUY,0.000,0.999,+0.00,+588.97,250588.97
2026-01-16T14:58:01.393005+00:00,90,25746.75,0.9996004104614258,BUY,0.000,1.000,+0.00,+588.97,250588.97
2026-01-16T15:01:25.204002+00:00,91,25716.25,0.9996843338012695,BUY,0.000,1.000,+0.00,+588.97,250588.97
2026-01-16T15:05:47.093000+00:00,92,25751.0,0.9997121691703796,BUY,0.000,1.000,+0.00,+588.97,250588.97
2026-01-16T15:14:14.260000+00:00,93,25725.5,0.9997059106826782,SELL,0.000,1.000,-0.00,+588.96,250588.96
2026-01-16T15:19:13.430000+00:00,94,25689.5,0.9996422529220581,SELL,0.000,1.000,-0.05,+588.92,250588.92
2026-01-16T15:23:16.201009+00:00,95,25707.25,0.9995537996292114,SELL,0.000,1.000,+0.03,+588.95,250588.95
2026-01-16T15:25:37.771000+00:00,96,25689.25,0.9993441700935364,SELL,0.000,0.999,-0.08,+588.87,250588.87
2026-01-16T15:30:06.460000+00:00,97,25662.25,0.999148964881897,SELL,0.000,0.999,-0.11,+588.77,250588.77
2026-01-16T15:36:19.618141+00:00,98,25634.75,0.9987102746963501,SELL,0.000,0.999,-0.24,+588.53,250588.53
2026-01-16T15:41:31.044001+00:00,99,25610.75,0.9973350167274475,SELL,0.001,0.997,-0.66,+587.87,250587.87
2026-01-16T15:49:45.550032+00:00,100,25631.5,0.9927774667739868,SELL,0.005,0.993,+1.89,+589.76,250589.76
2026-01-16T15:54:47.212001+00:00,101,25648.25,0.9763850569725037,SELL,0.016,0.976,+5.49,+595.25,250595.25
2026-01-16T16:00:02.514000+00:00,102,25684.5,0.9356528520584106,SELL,0.041,0.936,+29.53,+624.78,250624.78
2026-01-16T16:10:24.060003+00:00,103,25701.0,0.8100042343139648,SELL,0.126,0.810,+41.46,+666.24,250666.24
2026-01-16T16:21:38.566000+00:00,104,25716.0,0.5708250403404236,SELL,0.239,0.571,+71.75,+738.00,250738.00
2026-01-16T16:30:54.342144+00:00,105,25731.75,0.3908633291721344,SELL,0.180,0.391,+56.69,+794.69,250794.69
2026-01-16T16:55:57.280000+00:00,106,25712.75,0.20247167348861694,SELL,0.188,0.202,-71.59,+723.10,250723.10
2026-01-16T17:31:06.585003+00:00,107,25682.75,0.13973678648471832,SELL,0.063,0.140,-37.64,+685.46,250685.46
2026-01-16T17:46:25.216000+00:00,108,25673.5,0.3312765955924988,BUY,0.192,0.331,+0.00,+685.46,250685.46
2026-01-16T17:59:57.091004+00:00,109,25660.0,0.4905177056789398,BUY,0.159,0.491,+0.00,+685.46,250685.46
2026-01-16T18:08:18.333000+00:00,110,25694.25,0.5675484538078308,BUY,0.077,0.568,+0.00,+685.46,250685.46
2026-01-16T18:25:01.776000+00:00,111,25728.0,0.4668845236301422,SELL,0.101,0.467,+67.95,+753.40,250753.40
2026-01-16T19:13:06.502000+00:00,112,25708.0,0.4029092788696289,SELL,0.064,0.403,-25.59,+727.81,250727.81
2026-01-16T19:39:03.144020+00:00,113,25712.75,0.3510952591896057,SELL,0.052,0.351,+4.92,+732.74,250732.74
2026-01-16T20:46:30.625000+00:00,114,25689.5,-0.27618759870529175,SELL,0.627,-0.276,-163.26,+569.48,250569.48
2026-01-16T21:10:04.817000+00:00,115,25676.0,-0.42758744955062866,SELL,0.151,-0.428,+0.00,+569.48,250569.48
2026-01-18T23:00:00+00:00,116,25636.0,-0.4713440537452698,SELL,0.044,-0.471,+0.00,+569.48,250569.48
2026-01-18T23:00:00.000001+00:00,117,25596.0,-0.46681663393974304,BUY,0.005,-0.467,+3.62,+573.10,250573.10
2026-01-18T23:00:00.000002+00:00,118,25556.0,-0.43962109088897705,BUY,0.027,-0.440,+21.76,+594.85,250594.85
2026-01-18T23:00:00.000003+00:00,119,25516.0,-0.2770319879055023,BUY,0.163,-0.277,+130.07,+724.93,250724.93
2026-01-18T23:00:00.000004+00:00,120,25476.0,0.10233666747808456,BUY,0.379,0.102,+221.63,+946.55,250946.55
2026-01-18T23:00:00.228006+00:00,121,25436.0,0.5673643350601196,BUY,0.465,0.567,+0.00,+946.55,250946.55
2026-01-18T23:00:00.280019+00:00,122,25410.5,0.8299426436424255,BUY,0.263,0.830,+0.00,+946.55,250946.55
2026-01-18T23:00:10.357000+00:00,123,25450.5,0.9280468821525574,BUY,0.098,0.928,+0.00,+946.55,250946.55
2026-01-18T23:00:10.797000+00:00,124,25424.75,0.9697027802467346,BUY,0.042,0.970,+0.00,+946.55,250946.55
2026-01-18T23:00:13.824000+00:00,125,25402.0,0.9731065630912781,BUY,0.003,0.973,+0.00,+946.55,250946.55
2026-01-18T23:00:18.779003+00:00,126,25436.25,0.950350821018219,SELL,0.023,0.950,+15.59,+962.14,250962.14
2026-01-18T23:00:36.127000+00:00,127,25454.0,0.8512124419212341,SELL,0.099,0.851,+35.19,+997.33,250997.33
2026-01-18T23:01:13.240003+00:00,128,25431.75,0.4466859996318817,SELL,0.405,0.447,-180.01,+817.32,250817.32
2026-01-18T23:05:37.565002+00:00,129,25458.0,-0.45994213223457336,SELL,0.907,-0.460,+234.51,+1051.83,251051.83
2026-01-18T23:10:29.593000+00:00,130,25425.0,-0.8172881007194519,SELL,0.357,-0.817,+0.00,+1051.83,251051.83
2026-01-18T23:15:56.842008+00:00,131,25415.25,-0.9210353493690491,SELL,0.104,-0.921,+0.00,+1051.83,251051.83
2026-01-18T23:29:30.655011+00:00,132,25444.25,-0.9422184228897095,SELL,0.021,-0.942,+0.00,+1051.83,251051.83
2026-01-18T23:58:19.649004+00:00,133,25461.75,-0.9584760069847107,SELL,0.016,-0.958,+0.00,+1051.83,251051.83
2026-01-19T00:13:25.132000+00:00,134,25430.0,-0.9656218886375427,SELL,0.007,-0.966,+0.00,+1051.83,251051.83
2026-01-19T00:17:07.172017+00:00,135,25390.75,-0.9707832932472229,SELL,0.005,-0.971,+0.00,+1051.83,251051.83
2026-01-19T00:18:40.289007+00:00,136,25418.75,-0.9775999784469604,SELL,0.007,-0.978,+0.00,+1051.83,251051.83
2026-01-19T00:30:06.247015+00:00,137,25378.75,-0.9800455570220947,SELL,0.002,-0.980,+0.00,+1051.83,251051.83
2026-01-19T00:38:18.274000+00:00,138,25413.5,-0.9820457696914673,SELL,0.002,-0.982,+0.00,+1051.83,251051.83
2026-01-19T01:05:14.680025+00:00,139,25408.75,-0.9834821820259094,SELL,0.001,-0.983,+0.00,+1051.83,251051.83
2026-01-19T01:16:37.621000+00:00,140,25447.0,-0.9863331317901611,SELL,0.003,-0.986,+0.00,+1051.83,251051.83
2026-01-19T01:21:41.406001+00:00,141,25412.0,-0.9864426851272583,SELL,0.000,-0.986,+0.00,+1051.83,251051.83
2026-01-19T03:23:29.924002+00:00,142,25384.75,-0.9906145334243774,SELL,0.004,-0.991,+0.00,+1051.83,251051.83
2026-01-19T05:24:52.768002+00:00,143,25403.0,-0.9927433133125305,SELL,0.002,-0.993,+0.00,+1051.83,251051.83
2026-01-19T07:00:16.499000+00:00,144,25378.5,-0.9929450750350952,SELL,0.000,-0.993,+0.00,+1051.83,251051.83
2026-01-19T07:10:05.269001+00:00,145,25352.5,-0.9907071590423584,BUY,0.002,-0.991,+1.16,+1052.99,251052.99
2026-01-19T07:35:38.381000+00:00,146,25345.25,-0.9900994300842285,BUY,0.001,-0.990,+0.09,+1053.08,251053.08
2026-01-19T08:00:28.622000+00:00,147,25365.75,-0.9902702569961548,SELL,0.000,-0.990,+0.00,+1053.08,251053.08
2026-01-19T08:20:43.025000+00:00,148,25388.0,-0.991571307182312,SELL,0.001,-0.992,+0.00,+1053.08,251053.08
2026-01-19T09:05:40.078000+00:00,149,25370.0,-0.9922703504562378,SELL,0.001,-0.992,+0.00,+1053.08,251053.08
2026-01-19T09:19:26.481000+00:00,150,25331.75,-0.9918293356895447,BUY,0.000,-0.992,+0.34,+1053.42,251053.42
2026-01-19T09:25:51.940000+00:00,151,25312.0,-0.991414487361908,BUY,0.000,-0.991,+0.16,+1053.58,251053.58
2026-01-19T09:34:10.435003+00:00,152,25297.25,-0.9913020730018616,BUY,0.000,-0.991,+0.03,+1053.62,251053.62
2026-01-19T09:57:19.595009+00:00,153,25269.75,-0.9894376397132874,BUY,0.002,-0.989,+1.03,+1054.64,251054.64
2026-01-19T10:08:31.218000+00:00,154,25297.75,-0.9859660863876343,BUY,0.003,-0.986,-1.94,+1052.70,251052.70
2026-01-19T10:44:16.318000+00:00,155,25272.25,-0.9827111959457397,BUY,0.003,-0.983,+1.66,+1054.36,251054.36
2026-01-19T11:22:35.813000+00:00,156,25305.0,-0.9795879125595093,BUY,0.003,-0.980,-2.05,+1052.31,251052.31
2026-01-19T12:02:01.833006+00:00,157,25277.75,-0.9692326188087463,BUY,0.010,-0.969,+5.64,+1057.95,251057.95
2026-01-19T12:37:38.726000+00:00,158,25311.0,-0.9565656781196594,BUY,0.013,-0.957,-8.42,+1049.53,251049.53
2026-01-19T13:16:07.352000+00:00,159,25308.5,-0.9563180804252625,BUY,0.000,-0.956,+0.01,+1049.54,251049.54
2026-01-19T13:36:51.479000+00:00,160,25323.75,-0.9637420177459717,SELL,0.007,-0.964,+0.00,+1049.54,251049.54
2026-01-19T14:06:42.798004+00:00,161,25307.75,-0.9546429514884949,BUY,0.009,-0.955,+2.91,+1052.46,251052.46
2026-01-19T14:30:31.120002+00:00,162,25281.0,-0.9442254900932312,BUY,0.010,-0.944,+5.57,+1058.03,251058.03
2026-01-19T14:35:42.848004+00:00,163,25250.0,-0.9266420602798462,BUY,0.018,-0.927,+10.90,+1068.93,251068.93
2026-01-19T14:51:19.790000+00:00,164,25276.5,-0.8960268497467041,BUY,0.031,-0.896,-16.23,+1052.70,251052.70
2026-01-19T14:56:47.276008+00:00,165,25307.0,-0.9086394906044006,SELL,0.013,-0.909,+0.00,+1052.70,251052.70
2026-01-19T15:06:04.578001+00:00,166,25340.75,-0.9075525403022766,BUY,0.001,-0.908,-0.73,+1051.97,251051.97
2026-01-19T15:20:34.191000+00:00,167,25304.0,-0.9232028722763062,SELL,0.016,-0.923,+0.00,+1051.97,251051.97
2026-01-19T15:27:44.175000+00:00,168,25327.0,-0.9487501978874207,SELL,0.026,-0.949,+0.00,+1051.97,251051.97
2026-01-19T16:03:18.261021+00:00,169,25339.0,-0.9695684313774109,SELL,0.021,-0.970,+0.00,+1051.97,251051.97
2026-01-19T16:14:44.257000+00:00,170,25376.0,-0.9737877249717712,SELL,0.004,-0.974,+0.00,+1051.97,251051.97
2026-01-19T16:25:38.369017+00:00,171,25343.5,-0.9731196761131287,BUY,0.001,-0.973,+0.43,+1052.40,251052.40
2026-01-19T16:38:29.420000+00:00,172,25365.5,-0.969305694103241,BUY,0.004,-0.969,-1.68,+1050.73,251050.73
2026-01-19T17:22:15.690000+00:00,173,25403.75,-0.9615408182144165,BUY,0.008,-0.962,-5.94,+1044.79,251044.79
2026-01-19T23:06:48.688005+00:00,174,25377.25,-0.9540889859199524,BUY,0.007,-0.954,+3.95,+1048.74,251048.74
2026-01-20T00:00:57.531000+00:00,175,25361.5,-0.9481291770935059,BUY,0.006,-0.948,+1.88,+1050.61,251050.61
2026-01-20T00:18:20.214004+00:00,176,25336.25,-0.9198400378227234,BUY,0.028,-0.920,+14.29,+1064.90,251064.90
2026-01-20T00:35:54.521000+00:00,177,25363.75,-0.929573118686676,SELL,0.010,-0.930,+0.00,+1064.90,251064.90
2026-01-20T00:44:04.229009+00:00,178,25400.75,-0.8970212936401367,BUY,0.033,-0.897,-24.09,+1040.81,251040.81
2026-01-20T00:59:16.945000+00:00,179,25364.0,-0.8975257873535156,SELL,0.001,-0.898,+0.00,+1040.81,251040.81
2026-01-20T01:04:50.144000+00:00,180,25391.25,-0.878019392490387,BUY,0.020,-0.878,-10.63,+1030.18,251030.18
2026-01-20T01:21:39.936000+00:00,181,25405.5,-0.8726689219474792,BUY,0.005,-0.873,-1.52,+1028.66,251028.66
2026-01-20T02:21:23.337000+00:00,182,25395.25,-0.8956416249275208,SELL,0.023,-0.896,+0.00,+1028.66,251028.66
2026-01-20T02:37:05.761008+00:00,183,25431.5,-0.8960852026939392,SELL,0.000,-0.896,+0.00,+1028.66,251028.66
2026-01-20T04:07:52.149000+00:00,184,25399.75,-0.8931413292884827,BUY,0.003,-0.893,+1.87,+1030.52,251030.52
2026-01-20T04:58:41.386002+00:00,185,25370.25,-0.8891220688819885,BUY,0.004,-0.889,+2.37,+1032.90,251032.90
2026-01-20T05:27:37.742013+00:00,186,25407.25,-0.8851808309555054,BUY,0.004,-0.885,-2.92,+1029.98,251029.98
2026-01-20T06:06:58.314009+00:00,187,25372.5,-0.8954280614852905,SELL,0.010,-0.895,+0.00,+1029.98,251029.98
2026-01-20T06:16:31.950000+00:00,188,25333.25,-0.812086284160614,BUY,0.083,-0.812,+65.42,+1095.40,251095.40
2026-01-20T06:28:43.272049+00:00,189,25294.25,-0.6541964411735535,BUY,0.158,-0.654,+123.15,+1218.56,251218.56
2026-01-20T06:33:04.728000+00:00,190,25275.5,-0.5642749071121216,BUY,0.090,-0.564,+33.72,+1252.28,251252.28
2026-01-20T06:56:46.442005+00:00,191,25300.0,-0.5209630131721497,BUY,0.043,-0.521,-21.22,+1231.05,251231.05
2026-01-20T07:17:11.981000+00:00,192,25280.25,-0.46159645915031433,BUY,0.059,-0.462,+23.45,+1254.50,251254.50
2026-01-20T07:28:34.847004+00:00,193,25297.0,-0.37370988726615906,BUY,0.088,-0.374,-29.44,+1225.06,251225.06
2026-01-20T07:46:39.868000+00:00,194,25261.25,-0.28251609206199646,BUY,0.091,-0.283,+65.20,+1290.27,251290.27
2026-01-20T08:02:44.855007+00:00,195,25254.75,-0.16435927152633667,BUY,0.118,-0.164,+15.36,+1305.63,251305.63
2026-01-20T08:10:38.821000+00:00,196,25268.0,-0.1782669723033905,SELL,0.014,-0.178,+0.00,+1305.63,251305.63
2026-01-20T08:16:32.974000+00:00,197,25239.25,-0.1457519382238388,BUY,0.033,-0.146,+18.70,+1324.32,251324.32
2026-01-20T08:31:22.078000+00:00,198,25217.25,-0.2007637917995453,SELL,0.055,-0.201,+0.00,+1324.32,251324.32
2026-01-20T08:35:18.572001+00:00,199,25192.5,-0.1319286823272705,BUY,0.069,-0.132,+34.07,+1358.40,251358.40
2026-01-20T08:45:15.201000+00:00,200,25207.0,0.0504925474524498,BUY,0.182,0.050,-38.26,+1320.14,251320.14
2026-01-20T09:02:28.293000+00:00,201,25186.25,0.2225508987903595,BUY,0.172,0.223,+0.00,+1320.14,251320.14
2026-01-20T09:17:23.070007+00:00,202,25165.5,0.5452978014945984,BUY,0.323,0.545,+0.00,+1320.14,251320.14
2026-01-20T09:26:50.488038+00:00,203,25142.0,0.8377609848976135,BUY,0.292,0.838,+0.00,+1320.14,251320.14
2026-01-20T09:32:41.213000+00:00,204,25112.75,0.9427863955497742,BUY,0.105,0.943,+0.00,+1320.14,251320.14
2026-01-20T09:59:20.508000+00:00,205,25135.25,0.9673529267311096,BUY,0.025,0.967,+0.00,+1320.14,251320.14
2026-01-20T10:11:42.114000+00:00,206,25149.5,0.9814205765724182,BUY,0.014,0.981,+0.00,+1320.14,251320.14
2026-01-20T10:21:03.939001+00:00,207,25184.25,0.9911634922027588,BUY,0.010,0.991,+0.00,+1320.14,251320.14
2026-01-20T10:41:01.590000+00:00,208,25167.5,0.9971587657928467,BUY,0.006,0.997,+0.00,+1320.14,251320.14
2026-01-20T11:02:49.579000+00:00,209,25206.75,0.9983359575271606,BUY,0.001,0.998,+0.00,+1320.14,251320.14
2026-01-20T11:24:41.893011+00:00,210,25214.5,0.9991071820259094,BUY,0.001,0.999,+0.00,+1320.14,251320.14
2026-01-20T11:33:51.177000+00:00,211,25188.0,0.999620795249939,BUY,0.001,1.000,+0.00,+1320.14,251320.14
2026-01-20T11:55:03.901000+00:00,212,25215.5,0.9997587203979492,BUY,0.000,1.000,+0.00,+1320.14,251320.14
2026-01-20T12:10:08.487001+00:00,213,25231.75,0.9998850226402283,BUY,0.000,1.000,+0.00,+1320.14,251320.14
2026-01-20T12:19:53.839003+00:00,214,25215.5,0.999956488609314,BUY,0.000,1.000,+0.00,+1320.14,251320.14
2026-01-20T12:40:08.039000+00:00,215,25253.5,0.9999694228172302,BUY,0.000,1.000,+0.00,+1320.14,251320.14
2026-01-20T13:05:52.171001+00:00,216,25243.75,0.9999812245368958,BUY,0.000,1.000,+0.00,+1320.14,251320.14
2026-01-20T13:31:15.549006+00:00,218,25237.25,0.9999858140945435,BUY,0.000,1.000,+0.00,+1320.14,251320.14
2026-01-20T13:33:41.249000+00:00,219,25205.0,0.9999887943267822,BUY,0.000,1.000,+0.00,+1320.14,251320.14
2026-01-20T13:33:45.317148+00:00,220,25234.0,0.9999916553497314,BUY,0.000,1.000,+0.00,+1320.14,251320.14
2026-01-20T13:33:55.695003+00:00,221,25197.5,0.999994695186615,BUY,0.000,1.000,+0.00,+1320.14,251320.14
2026-01-20T13:34:44.858000+00:00,222,25222.75,0.999993622303009,SELL,0.000,1.000,+0.00,+1320.14,251320.14
2026-01-20T13:42:28.238000+00:00,224,25221.25,0.9999908804893494,SELL,0.000,1.000,-0.00,+1320.14,251320.14
2026-01-20T14:02:22.168000+00:00,225,25243.75,0.9999873638153076,SELL,0.000,1.000,+0.00,+1320.14,251320.14
2026-01-20T14:20:10.066000+00:00,226,25204.0,0.9999802708625793,SELL,0.000,1.000,-0.01,+1320.13,251320.13
2026-01-20T14:29:39.172000+00:00,227,25241.5,0.9999709129333496,SELL,0.000,1.000,+0.01,+1320.14,251320.14
2026-01-20T14:30:03.751002+00:00,228,25281.0,0.9999535083770752,SELL,0.000,1.000,+0.01,+1320.15,251320.15
2026-01-20T14:30:18.608000+00:00,229,25316.5,0.9999093413352966,SELL,0.000,1.000,+0.03,+1320.19,251320.19
2026-01-20T14:31:07.946032+00:00,230,25276.5,0.9998477697372437,SELL,0.000,1.000,-0.05,+1320.14,251320.14
2026-01-20T14:31:33.449000+00:00,231,25245.75,0.9997740983963013,SELL,0.000,1.000,-0.05,+1320.09,251320.09
2026-01-20T14:32:19.127003+00:00,232,25273.75,0.9994990825653076,SELL,0.000,0.999,+0.15,+1320.24,251320.24
2026-01-20T14:33:24.908000+00:00,233,25287.0,0.9989259839057922,SELL,0.001,0.999,+0.15,+1320.40,251320.40
2026-01-20T14:34:00.123020+00:00,234,25320.0,0.996093213558197,SELL,0.003,0.996,+1.87,+1322.27,251322.27
2026-01-20T14:35:49.072005+00:00,235,25317.25,0.9862701892852783,SELL,0.010,0.986,-0.54,+1321.73,251321.73
2026-01-20T14:36:37.680000+00:00,236,25287.75,0.9324713349342346,SELL,0.054,0.932,-31.74,+1289.98,251289.98
2026-01-20T14:37:42.920000+00:00,237,25316.25,0.808746337890625,SELL,0.124,0.809,+70.52,+1360.51,251360.51
2026-01-20T14:38:31.097032+00:00,238,25322.0,0.2455807328224182,SELL,0.563,0.246,+64.76,+1425.27,251425.27
2026-01-20T14:40:00.502000+00:00,239,25296.25,-0.07882240414619446,SELL,0.324,-0.079,-126.47,+1298.80,251298.80
2026-01-20T14:40:09.048000+00:00,240,25261.25,-0.10672426223754883,SELL,0.028,-0.107,+0.00,+1298.80,251298.80
2026-01-20T14:41:46.412002+00:00,241,25285.0,-0.3023473918437958,SELL,0.196,-0.302,+0.00,+1298.80,251298.80
2026-01-20T14:43:44.872013+00:00,242,25316.0,-0.440662682056427,SELL,0.138,-0.441,+0.00,+1298.80,251298.80
2026-01-20T14:44:47.950011+00:00,243,25333.75,-0.45539382100105286,SELL,0.015,-0.455,+0.00,+1298.80,251298.80
2026-01-20T14:45:25.763026+00:00,244,25301.25,-0.44080325961112976,BUY,0.015,-0.441,+9.48,+1308.28,251308.28
2026-01-20T14:46:35.133035+00:00,245,25284.75,-0.5133925080299377,SELL,0.073,-0.513,+0.00,+1308.28,251308.28
2026-01-20T14:50:20.509009+00:00,246,25307.25,-0.7407326698303223,SELL,0.227,-0.741,+0.00,+1308.28,251308.28
2026-01-20T14:51:04.577008+00:00,247,25342.0,-0.8338006138801575,SELL,0.093,-0.834,+0.00,+1308.28,251308.28
2026-01-20T14:54:52.809000+00:00,248,25328.5,-0.8555743098258972,SELL,0.022,-0.856,+0.00,+1308.28,251308.28
2026-01-20T14:57:06.103000+00:00,249,25305.0,-0.8868193030357361,SELL,0.031,-0.887,+0.00,+1308.28,251308.28
2026-01-20T14:58:15.628000+00:00,250,25337.25,-0.8946287035942078,SELL,0.008,-0.895,+0.00,+1308.28,251308.28
2026-01-20T14:59:49.425000+00:00,251,25326.0,-0.9111735224723816,SELL,0.017,-0.911,+0.00,+1308.28,251308.28
2026-01-20T15:01:53.180001+00:00,252,25293.0,-0.904914915561676,BUY,0.006,-0.905,+4.13,+1312.41,251312.41
2026-01-20T15:05:55.764001+00:00,253,25315.0,-0.9263083934783936,SELL,0.021,-0.926,+0.00,+1312.41,251312.41
2026-01-20T15:08:03.270006+00:00,254,25284.0,-0.9184388518333435,BUY,0.008,-0.918,+4.88,+1317.29,251317.29
2026-01-20T15:18:03.398000+00:00,255,25300.25,-0.9134012460708618,BUY,0.005,-0.913,-1.64,+1315.65,251315.65
2026-01-20T15:18:45.697008+00:00,256,25263.25,-0.9137974977493286,SELL,0.000,-0.914,+0.00,+1315.65,251315.65
2026-01-20T15:21:31.648000+00:00,257,25294.75,-0.8913246393203735,BUY,0.022,-0.891,-14.16,+1301.50,251301.50
2026-01-20T15:22:00.012000+00:00,258,25332.75,-0.8623418211936951,BUY,0.029,-0.862,-22.03,+1279.47,251279.47
2026-01-20T15:26:35.235002+00:00,259,25358.75,-0.8125703930854797,BUY,0.050,-0.813,-25.88,+1253.59,251253.59
2026-01-20T15:32:52.235017+00:00,260,25380.25,-0.768320620059967,BUY,0.044,-0.768,-19.03,+1234.56,251234.56
2026-01-20T15:41:39.163000+00:00,261,25398.0,-0.7829640507698059,SELL,0.015,-0.783,+0.00,+1234.56,251234.56
2026-01-20T15:46:03.750003+00:00,262,25377.0,-0.7510262131690979,BUY,0.032,-0.751,+13.41,+1247.97,251247.97
2026-01-20T15:49:13.921000+00:00,263,25348.0,-0.6729759573936462,BUY,0.078,-0.673,+45.27,+1293.24,251293.24
2026-01-20T15:56:30.336018+00:00,264,25315.75,-0.6297325491905212,BUY,0.043,-0.630,+27.89,+1321.14,251321.14
2026-01-20T15:59:19.001000+00:00,265,25353.5,-0.5143295526504517,BUY,0.115,-0.514,-87.13,+1234.01,251234.01
2026-01-20T16:01:12.804002+00:00,266,25388.5,-0.5243468880653381,SELL,0.010,-0.524,+0.00,+1234.01,251234.01
2026-01-20T16:03:31.037000+00:00,267,25365.75,-0.3971916437149048,BUY,0.127,-0.397,+57.86,+1291.86,251291.86
2026-01-20T16:10:12.814000+00:00,268,25401.25,-0.319593608379364,BUY,0.078,-0.320,-55.09,+1236.77,251236.77
2026-01-20T16:15:07.683000+00:00,269,25388.25,-0.2762942612171173,BUY,0.043,-0.276,+11.26,+1248.03,251248.03
2026-01-20T16:24:33.180000+00:00,270,25364.0,-0.3801799416542053,SELL,0.104,-0.380,+0.00,+1248.03,251248.03
2026-01-20T16:27:41.003000+00:00,271,25374.0,-0.329825222492218,BUY,0.050,-0.330,-10.07,+1237.95,251237.95
2026-01-20T16:29:12.144000+00:00,272,25404.5,-0.32550716400146484,BUY,0.004,-0.326,-2.63,+1235.32,251235.32
2026-01-20T16:35:02.539003+00:00,273,25411.0,-0.4269852042198181,SELL,0.101,-0.427,+0.00,+1235.32,251235.32
2026-01-20T16:41:39.130000+00:00,274,25389.5,-0.5441057682037354,SELL,0.117,-0.544,+0.00,+1235.32,251235.32
2026-01-20T16:44:45.449000+00:00,275,25352.5,-0.5275000929832458,BUY,0.017,-0.528,+12.29,+1247.61,251247.61
2026-01-20T16:50:17.196008+00:00,276,25382.25,-0.48495617508888245,BUY,0.043,-0.485,-25.31,+1222.29,251222.29
2026-01-20T16:51:49.577000+00:00,277,25358.0,-0.47349539399147034,BUY,0.011,-0.473,+5.56,+1227.85,251227.85
2026-01-20T16:56:20.196000+00:00,278,25375.75,-0.48906007409095764,SELL,0.016,-0.489,+0.00,+1227.85,251227.85
2026-01-20T17:08:50.025000+00:00,279,25373.75,-0.5443040132522583,SELL,0.055,-0.544,+0.00,+1227.85,251227.85
2026-01-20T17:20:53.960008+00:00,280,25338.0,-0.4413490295410156,BUY,0.103,-0.441,+73.61,+1301.47,251301.47
2026-01-20T17:31:51.270036+00:00,281,25312.5,-0.12136963754892349,BUY,0.320,-0.121,+163.19,+1464.66,251464.66
2026-01-20T17:41:26.344000+00:00,282,25335.25,0.10228003561496735,BUY,0.224,0.102,-55.22,+1409.43,251409.43
2026-01-20T17:44:39.094000+00:00,283,25296.5,0.7603710889816284,BUY,0.658,0.760,+0.00,+1409.43,251409.43
2026-01-20T17:52:08.097003+00:00,284,25258.25,0.9604372978210449,BUY,0.200,0.960,+0.00,+1409.43,251409.43
2026-01-20T17:56:47.507004+00:00,285,25297.5,0.9848182797431946,BUY,0.024,0.985,+0.00,+1409.43,251409.43
2026-01-20T18:18:32.007000+00:00,286,25271.25,0.9948583841323853,BUY,0.010,0.995,+0.00,+1409.43,251409.43
2026-01-20T18:33:25.251004+00:00,287,25237.75,0.9977803230285645,BUY,0.003,0.998,+0.00,+1409.43,251409.43
2026-01-20T18:50:02.622000+00:00,288,25200.25,0.9991093277931213,BUY,0.001,0.999,+0.00,+1409.43,251409.43
2026-01-20T18:57:12.181001+00:00,289,25210.5,0.9995545744895935,BUY,0.000,1.000,+0.00,+1409.43,251409.43
2026-01-20T19:13:13.690000+00:00,290,25185.0,0.9997658133506775,BUY,0.000,1.000,+0.00,+1409.43,251409.43
2026-01-20T19:23:58.603003+00:00,291,25160.25,0.9998651742935181,BUY,0.000,1.000,+0.00,+1409.43,251409.43
2026-01-20T19:35:13.751051+00:00,292,25132.5,0.9999411702156067,BUY,0.000,1.000,+0.00,+1409.43,251409.43
2026-01-20T19:41:01.239000+00:00,293,25168.0,0.999943733215332,BUY,0.000,1.000,+0.00,+1409.43,251409.43
2026-01-20T20:10:48.008002+00:00,294,25139.25,0.9999374151229858,SELL,0.000,1.000,-0.00,+1409.43,251409.43
2026-01-20T20:14:57.672002+00:00,295,25121.25,0.9999499320983887,BUY,0.000,1.000,+0.00,+1409.43,251409.43
2026-01-20T20:18:22.960000+00:00,296,25157.75,0.999965488910675,BUY,0.000,1.000,+0.00,+1409.43,251409.43
2026-01-20T20:20:36.102000+00:00,297,25129.5,0.9999727606773376,BUY,0.000,1.000,+0.00,+1409.43,251409.43
2026-01-20T20:43:03.639006+00:00,298,25106.0,0.9999823570251465,BUY,0.000,1.000,+0.00,+1409.43,251409.43
2026-01-20T20:56:11.588000+00:00,299,25138.0,0.9999871253967285,BUY,0.000,1.000,+0.00,+1409.43,251409.43
2026-01-20T21:00:53.522004+00:00,300,25149.25,0.9999918937683105,BUY,0.000,1.000,+0.00,+1409.43,251409.43
2026-01-20T21:33:28.483000+00:00,301,25127.25,0.9999955892562866,BUY,0.000,1.000,+0.00,+1409.43,251409.43
2026-01-20T23:48:21.535022+00:00,303,25135.25,0.9999970197677612,BUY,0.000,1.000,+0.00,+1409.43,251409.43
2026-01-21T00:38:33.634007+00:00,305,25172.75,0.9999954700469971,SELL,0.000,1.000,+0.00,+1409.43,251409.43
2026-01-21T03:16:14.433000+00:00,308,25208.0,0.9999937415122986,SELL,0.000,1.000,+0.00,+1409.43,251409.43
2026-01-21T03:45:40.178001+00:00,309,25187.25,0.9999919533729553,SELL,0.000,1.000,-0.00,+1409.43,251409.43
2026-01-21T05:38:46.487002+00:00,310,25223.0,0.9999891519546509,SELL,0.000,1.000,+0.00,+1409.43,251409.43
2026-01-21T07:14:38.124003+00:00,311,25231.75,0.9999859929084778,SELL,0.000,1.000,+0.00,+1409.43,251409.43
2026-01-21T07:56:04.291000+00:00,312,25206.5,0.9999819397926331,SELL,0.000,1.000,-0.00,+1409.43,251409.43
2026-01-21T09:09:53.863000+00:00,313,25194.0,0.9999761581420898,SELL,0.000,1.000,-0.00,+1409.43,251409.43
2026-01-21T10:04:02.645000+00:00,316,25161.75,0.9999728798866272,SELL,0.000,1.000,-0.00,+1409.43,251409.43
2026-01-21T10:38:46.541022+00:00,317,25185.0,0.9999688863754272,SELL,0.000,1.000,+0.00,+1409.43,251409.43
2026-01-21T11:00:20.069001+00:00,318,25148.25,0.9999740719795227,BUY,0.000,1.000,+0.00,+1409.43,251409.43
2026-01-21T11:37:33.154000+00:00,319,25119.0,0.9999719262123108,SELL,0.000,1.000,-0.00,+1409.43,251409.43
2026-01-21T11:49:07.709000+00:00,320,25086.5,0.9999756217002869,BUY,0.000,1.000,+0.00,+1409.43,251409.43
2026-01-21T11:56:56.265000+00:00,321,25054.0,0.9999663829803467,SELL,0.000,1.000,-0.01,+1409.42,251409.42
2026-01-21T12:00:07.392003+00:00,322,25025.5,0.9999708533287048,BUY,0.000,1.000,+0.00,+1409.42,251409.42
2026-01-21T12:07:10.892001+00:00,323,25065.0,0.9999635815620422,SELL,0.000,1.000,+0.01,+1409.43,251409.43
2026-01-21T12:23:47.318014+00:00,324,25082.0,0.999936044216156,SELL,0.000,1.000,+0.01,+1409.44,251409.44
2026-01-21T12:37:00.741000+00:00,325,25049.0,0.9998681545257568,SELL,0.000,1.000,-0.04,+1409.39,251409.39
2026-01-21T12:51:15.210001+00:00,326,25072.75,0.9996399283409119,SELL,0.000,1.000,+0.11,+1409.50,251409.50
2026-01-21T13:09:54.840002+00:00,327,25104.75,0.9965271353721619,SELL,0.003,0.997,+1.99,+1411.49,251411.49
2026-01-21T13:23:19.525000+00:00,328,25073.25,0.9863475561141968,SELL,0.010,0.986,-6.41,+1405.08,251405.08
2026-01-21T13:36:49.449000+00:00,329,25047.5,0.7312166690826416,SELL,0.255,0.731,-131.39,+1273.69,251273.69
2026-01-21T13:53:10.030000+00:00,330,25081.0,0.1566902995109558,SELL,0.575,0.157,+384.93,+1658.62,251658.62
2026-01-21T13:55:31.522000+00:00,331,25120.0,-0.7982575297355652,SELL,0.955,-0.798,+122.22,+1780.84,251780.84
2026-01-21T13:59:49.623010+00:00,332,25085.5,-0.8950252532958984,SELL,0.097,-0.895,+0.00,+1780.84,251780.84
2026-01-21T14:04:41.316004+00:00,333,25112.25,-0.9607793688774109,SELL,0.066,-0.961,+0.00,+1780.84,251780.84
2026-01-21T14:04:44.663008+00:00,334,25150.0,-0.9667655229568481,SELL,0.006,-0.967,+0.00,+1780.84,251780.84
2026-01-21T14:04:46.880000+00:00,335,25117.5,-0.96778404712677,SELL,0.001,-0.968,+0.00,+1780.84,251780.84
2026-01-21T14:05:09.873000+00:00,336,25143.0,-0.9728115200996399,SELL,0.005,-0.973,+0.00,+1780.84,251780.84
2026-01-21T14:07:25.595010+00:00,337,25124.0,-0.9762911200523376,SELL,0.003,-0.976,+0.00,+1780.84,251780.84
2026-01-21T14:10:17.677000+00:00,338,25149.0,-0.9792115688323975,SELL,0.003,-0.979,+0.00,+1780.84,251780.84
2026-01-21T14:10:21.644019+00:00,339,25178.0,-0.9811720252037048,SELL,0.002,-0.981,+0.00,+1780.84,251780.84
2026-01-21T14:11:47.281003+00:00,340,25192.25,-0.9827721118927002,SELL,0.002,-0.983,+0.00,+1780.84,251780.84
2026-01-21T14:17:47.718015+00:00,341,25217.25,-0.98487788438797,SELL,0.002,-0.985,+0.00,+1780.84,251780.84
2026-01-21T14:20:19.754024+00:00,342,25186.5,-0.9850955605506897,SELL,0.000,-0.985,+0.00,+1780.84,251780.84
2026-01-21T14:20:23.394064+00:00,343,25206.75,-0.987143337726593,SELL,0.002,-0.987,+0.00,+1780.84,251780.84
2026-01-21T14:21:43.966000+00:00,344,25225.5,-0.9881269335746765,SELL,0.001,-0.988,+0.00,+1780.84,251780.84
2026-01-21T14:25:35.730013+00:00,345,25257.25,-0.9904817938804626,SELL,0.002,-0.990,+0.00,+1780.84,251780.84
2026-01-21T14:27:40.446009+00:00,346,25218.0,-0.9915447235107422,SELL,0.001,-0.992,+0.00,+1780.84,251780.84
2026-01-21T14:30:00.110000+00:00,347,25186.0,-0.9911739230155945,BUY,0.000,-0.991,+0.24,+1781.08,251781.08
2026-01-21T14:30:33.807010+00:00,348,25204.0,-0.9922730922698975,SELL,0.001,-0.992,+0.00,+1781.08,251781.08
2026-01-21T14:31:14.900000+00:00,349,25183.0,-0.9916713237762451,BUY,0.001,-0.992,+0.25,+1781.33,251781.33
2026-01-21T14:34:26.033000+00:00,350,25191.0,-0.992214560508728,SELL,0.001,-0.992,+0.00,+1781.33,251781.33
2026-01-21T14:35:01.694000+00:00,351,25155.25,-0.9928321242332458,SELL,0.001,-0.993,+0.00,+1781.33,251781.33
2026-01-21T14:37:31.111001+00:00,352,25181.75,-0.9946752190589905,SELL,0.002,-0.995,+0.00,+1781.33,251781.33
2026-01-21T14:38:21.960004+00:00,353,25214.75,-0.9960981607437134,SELL,0.001,-0.996,+0.00,+1781.33,251781.33
2026-01-21T14:39:07.932000+00:00,354,25179.75,-0.9954471588134766,BUY,0.001,-0.995,+0.46,+1781.78,251781.78
2026-01-21T14:40:08.838000+00:00,355,25170.25,-0.993976354598999,BUY,0.001,-0.994,+0.28,+1782.06,251782.06
2026-01-21T14:40:50.700027+00:00,356,25130.25,-0.9886688590049744,BUY,0.005,-0.989,+4.25,+1786.31,251786.31
2026-01-21T14:42:29.766000+00:00,357,25167.5,-0.9879512786865234,BUY,0.001,-0.988,-0.53,+1785.78,251785.78
2026-01-21T14:43:16.446000+00:00,358,25195.0,-0.9883589744567871,SELL,0.000,-0.988,+0.00,+1785.78,251785.78
2026-01-21T14:47:24.168088+00:00,359,25226.75,-0.9866386651992798,BUY,0.002,-0.987,-1.09,+1784.68,251784.68
2026-01-21T14:50:36.717006+00:00,360,25248.5,-0.9847071766853333,BUY,0.002,-0.985,-0.84,+1783.84,251783.84
2026-01-21T14:52:46.326000+00:00,361,25277.5,-0.9844699501991272,BUY,0.000,-0.984,-0.14,+1783.70,251783.70
2026-01-21T14:56:45.260013+00:00,362,25304.75,-0.9860157370567322,SELL,0.002,-0.986,+0.00,+1783.70,251783.70
2026-01-21T14:58:27.749000+00:00,363,25337.75,-0.9871363043785095,SELL,0.001,-0.987,+0.00,+1783.70,251783.70
2026-01-21T15:10:42.380000+00:00,364,25302.25,-0.9856561422348022,BUY,0.001,-0.986,+1.05,+1784.76,251784.76
2026-01-21T15:15:10.950044+00:00,365,25334.75,-0.98637855052948,SELL,0.001,-0.986,+0.00,+1784.76,251784.76
2026-01-21T15:16:31.172000+00:00,366,25364.0,-0.9854264259338379,BUY,0.001,-0.985,-0.56,+1784.20,251784.20
2026-01-21T15:19:13.698000+00:00,367,25337.0,-0.9807767868041992,BUY,0.005,-0.981,+2.51,+1786.71,251786.71
2026-01-21T15:23:53.151046+00:00,368,25358.0,-0.9768805503845215,BUY,0.004,-0.977,-1.64,+1785.07,251785.07
2026-01-21T15:30:08.301000+00:00,369,25387.75,-0.9748724102973938,BUY,0.002,-0.975,-1.19,+1783.88,251783.88
2026-01-21T15:34:05.191011+00:00,370,25422.25,-0.9734418392181396,BUY,0.001,-0.973,-0.99,+1782.89,251782.89
2026-01-21T15:36:23.922006+00:00,371,25449.0,-0.9715653657913208,BUY,0.002,-0.972,-1.00,+1781.89,251781.89
2026-01-21T15:45:36.481000+00:00,372,25467.0,-0.9710536003112793,BUY,0.001,-0.971,-0.18,+1781.70,251781.70
2026-01-21T16:05:37.390006+00:00,373,25448.0,-0.9707900881767273,BUY,0.000,-0.971,+0.10,+1781.80,251781.80
2026-01-21T16:12:33.063008+00:00,374,25487.0,-0.9639205932617188,BUY,0.007,-0.964,-5.36,+1776.45,251776.45
2026-01-21T16:15:00.884008+00:00,375,25454.25,-0.9297666549682617,BUY,0.034,-0.930,+22.37,+1798.82,251798.82
2026-01-21T16:31:01.241000+00:00,376,25438.0,-0.9309049844741821,SELL,0.001,-0.931,+0.00,+1798.82,251798.82
2026-01-21T16:36:15.404000+00:00,377,25406.5,-0.9045870900154114,BUY,0.026,-0.905,+16.58,+1815.40,251815.40
2026-01-21T16:37:45.575008+00:00,378,25367.5,-0.8502902984619141,BUY,0.054,-0.850,+42.35,+1857.75,251857.75
2026-01-21T16:40:46.394000+00:00,379,25327.75,-0.852378249168396,SELL,0.002,-0.852,+0.00,+1857.75,251857.75
2026-01-21T16:44:36.018010+00:00,380,25306.75,-0.875264048576355,SELL,0.023,-0.875,+0.00,+1857.75,251857.75
2026-01-21T16:47:04.091001+00:00,381,25270.5,-0.873015284538269,BUY,0.002,-0.873,+1.63,+1859.38,251859.38
2026-01-21T16:49:23.622000+00:00,382,25309.0,-0.8812704682350159,SELL,0.008,-0.881,+0.00,+1859.38,251859.38
2026-01-21T16:51:44.134003+00:00,383,25271.25,-0.8846483826637268,SELL,0.003,-0.885,+0.00,+1859.38,251859.38
2026-01-21T16:56:05.165000+00:00,384,25234.5,-0.886096179485321,SELL,0.001,-0.886,+0.00,+1859.38,251859.38
2026-01-21T17:01:23.964000+00:00,385,25261.0,-0.90177983045578,SELL,0.016,-0.902,+0.00,+1859.38,251859.38
2026-01-21T17:04:30.834001+00:00,386,25222.75,-0.8928632736206055,BUY,0.009,-0.893,+6.82,+1866.20,251866.20
2026-01-21T17:08:19.736013+00:00,387,25192.25,-0.8797630071640015,BUY,0.013,-0.880,+7.99,+1874.19,251874.19
2026-01-21T17:12:26.908036+00:00,388,25179.25,-0.8737576007843018,BUY,0.006,-0.874,+1.56,+1875.75,251875.75
2026-01-21T17:14:26.364000+00:00,389,25146.25,-0.8798372149467468,SELL,0.006,-0.880,+0.00,+1875.75,251875.75
2026-01-21T17:17:27.152000+00:00,390,25182.0,-0.9024195671081543,SELL,0.023,-0.902,+0.00,+1875.75,251875.75
2026-01-21T17:23:40.212002+00:00,391,25215.75,-0.8901271224021912,BUY,0.012,-0.890,-8.30,+1867.45,251867.45
2026-01-21T17:26:55.970023+00:00,392,25191.75,-0.8310598731040955,BUY,0.059,-0.831,+28.35,+1895.81,251895.81
2026-01-21T17:33:22.027000+00:00,393,25176.0,-0.5132360458374023,BUY,0.318,-0.513,+100.11,+1995.92,251995.92
2026-01-21T17:36:17.747004+00:00,394,25216.0,-0.353837251663208,BUY,0.159,-0.354,-127.52,+1868.40,251868.40
2026-01-21T17:37:37.372003+00:00,395,25176.0,0.4539283514022827,BUY,0.808,0.454,+283.07,+2151.47,252151.47
2026-01-21T17:39:42.054000+00:00,396,25211.75,0.8940423727035522,BUY,0.440,0.894,+0.00,+2151.47,252151.47
2026-01-21T17:45:03.028000+00:00,397,25178.0,0.951137363910675,BUY,0.057,0.951,+0.00,+2151.47,252151.47
2026-01-21T17:48:32.240000+00:00,398,25206.75,0.9868767261505127,BUY,0.036,0.987,+0.00,+2151.47,252151.47
2026-01-21T17:52:43.346000+00:00,399,25220.25,0.9952707290649414,BUY,0.008,0.995,+0.00,+2151.47,252151.47
2026-01-21T17:58:28.225002+00:00,400,25259.25,0.9979017972946167,BUY,0.003,0.998,+0.00,+2151.47,252151.47
2026-01-21T18:00:36.195004+00:00,401,25220.75,0.999119758605957,BUY,0.001,0.999,+0.00,+2151.47,252151.47
2026-01-21T18:02:36.761000+00:00,402,25181.75,0.999681293964386,BUY,0.001,1.000,+0.00,+2151.47,252151.47
2026-01-21T18:06:37.866013+00:00,403,25190.75,0.9997531771659851,BUY,0.000,1.000,+0.00,+2151.47,252151.47
2026-01-21T18:10:09.645000+00:00,404,25208.75,0.9997608661651611,BUY,0.000,1.000,+0.00,+2151.47,252151.47
2026-01-21T18:12:52.789000+00:00,405,25248.0,0.999282717704773,SELL,0.000,0.999,+0.38,+2151.85,252151.85
2026-01-21T18:19:42.889000+00:00,406,25210.25,0.9988259077072144,SELL,0.000,0.999,-0.34,+2151.50,252151.50
2026-01-21T18:27:45.050000+00:00,407,25224.0,0.9940003752708435,SELL,0.005,0.994,+1.33,+2152.83,252152.83
2026-01-21T18:37:05.751000+00:00,408,25217.75,0.9796227812767029,SELL,0.014,0.980,-1.80,+2151.03,252151.03
2026-01-21T18:47:41.507000+00:00,409,25244.0,0.8492236137390137,SELL,0.130,0.849,+68.46,+2219.49,252219.49
2026-01-21T18:50:14.069000+00:00,410,25281.25,0.5574660301208496,SELL,0.292,0.557,+217.36,+2436.85,252436.85
2026-01-21T19:01:55.377042+00:00,411,25295.75,-0.4404751658439636,SELL,0.998,-0.440,+161.67,+2598.52,252598.52
2026-01-21T19:04:49.172000+00:00,412,25257.0,-0.28366604447364807,BUY,0.157,-0.284,+121.53,+2720.04,252720.04
2026-01-21T19:24:31.496005+00:00,413,25272.75,-0.8505492806434631,SELL,0.567,-0.851,+0.00,+2720.04,252720.04
2026-01-21T19:27:38.670001+00:00,414,25286.5,-0.9480970501899719,SELL,0.098,-0.948,+0.00,+2720.04,252720.04
2026-01-21T19:27:39.446000+00:00,415,25322.75,-0.9200688600540161,BUY,0.028,-0.920,-20.32,+2699.72,252699.72
2026-01-21T19:27:42.626000+00:00,416,25360.75,-0.9615516066551208,SELL,0.041,-0.962,+0.00,+2699.72,252699.72
2026-01-21T19:27:56.252001+00:00,417,25384.75,-0.9831246137619019,SELL,0.022,-0.983,+0.00,+2699.72,252699.72
2026-01-21T19:28:42.359007+00:00,418,25397.0,-0.9880787134170532,SELL,0.005,-0.988,+0.00,+2699.72,252699.72
2026-01-21T19:29:11.648000+00:00,419,25435.0,-0.9907206892967224,SELL,0.003,-0.991,+0.00,+2699.72,252699.72
2026-01-21T19:29:37.716000+00:00,420,25457.0,-0.9905319213867188,BUY,0.000,-0.991,-0.08,+2699.64,252699.64
2026-01-21T19:30:42.953004+00:00,421,25466.5,-0.9924847483634949,SELL,0.002,-0.992,+0.00,+2699.64,252699.64
2026-01-21T19:31:48.609000+00:00,422,25445.5,-0.9938405156135559,SELL,0.001,-0.994,+0.00,+2699.64,252699.64
2026-01-21T19:33:12.625011+00:00,423,25432.5,-0.9951320290565491,SELL,0.001,-0.995,+0.00,+2699.64,252699.64
2026-01-21T19:34:23.082000+00:00,424,25461.0,-0.9955935478210449,SELL,0.000,-0.996,+0.00,+2699.64,252699.64
2026-01-21T19:37:35.362000+00:00,425,25496.5,-0.9956604838371277,SELL,0.000,-0.996,+0.00,+2699.64,252699.64
2026-01-21T19:42:06.901000+00:00,426,25532.0,-0.9959321022033691,SELL,0.000,-0.996,+0.00,+2699.64,252699.64
2026-01-21T19:43:31.837000+00:00,427,25568.5,-0.9962335824966431,SELL,0.000,-0.996,+0.00,+2699.64,252699.64
2026-01-21T19:45:18.569009+00:00,428,25580.5,-0.9963189959526062,SELL,0.000,-0.996,+0.00,+2699.64,252699.64
2026-01-21T19:47:32.619000+00:00,429,25612.0,-0.9958443641662598,BUY,0.000,-0.996,-0.30,+2699.34,252699.34
2026-01-21T19:50:05.292047+00:00,430,25628.5,-0.9966042637825012,SELL,0.001,-0.997,+0.00,+2699.34,252699.34
2026-01-21T19:51:02.542000+00:00,431,25608.25,-0.9973915219306946,SELL,0.001,-0.997,+0.00,+2699.34,252699.34
2026-01-21T19:52:02.333000+00:00,432,25570.25,-0.997340738773346,BUY,0.000,-0.997,+0.04,+2699.38,252699.38
2026-01-21T19:53:01.740001+00:00,433,25609.0,-0.9968555569648743,BUY,0.000,-0.997,-0.38,+2699.00,252699.00
2026-01-21T19:56:10.829014+00:00,434,25631.5,-0.9970613121986389,SELL,0.000,-0.997,+0.00,+2699.00,252699.00
2026-01-21T20:01:01.045000+00:00,435,25613.5,-0.9976630806922913,SELL,0.001,-0.998,+0.00,+2699.00,252699.00
2026-01-21T20:08:00.794001+00:00,436,25587.25,-0.9978786110877991,SELL,0.000,-0.998,+0.00,+2699.00,252699.00
2026-01-21T20:15:58.429014+00:00,437,25569.75,-0.9980165958404541,SELL,0.000,-0.998,+0.00,+2699.00,252699.00
2026-01-21T20:21:43.033002+00:00,438,25536.75,-0.9980831742286682,SELL,0.000,-0.998,+0.00,+2699.00,252699.00
2026-01-21T20:28:02.212000+00:00,439,25510.5,-0.9981774687767029,SELL,0.000,-0.998,+0.00,+2699.00,252699.00
2026-01-21T20:30:47.734000+00:00,440,25470.5,-0.9980804920196533,BUY,0.000,-0.998,+0.08,+2699.08,252699.08
2026-01-21T20:33:23.452000+00:00,441,25487.25,-0.9981102347373962,SELL,0.000,-0.998,+0.00,+2699.08,252699.08
2026-01-21T20:44:01.342001+00:00,442,25475.75,-0.9981967210769653,SELL,0.000,-0.998,+0.00,+2699.08,252699.08
2026-01-21T20:50:09.118010+00:00,443,25452.5,-0.9981226921081543,BUY,0.000,-0.998,+0.03,+2699.12,252699.12
2026-01-21T20:59:37.015000+00:00,444,25486.0,-0.9981504082679749,SELL,0.000,-0.998,+0.00,+2699.12,252699.12
2026-01-21T21:01:37.690002+00:00,445,25498.75,-0.9977099895477295,BUY,0.000,-0.998,-0.11,+2699.00,252699.00
2026-01-21T21:17:32.521000+00:00,446,25529.0,-0.9971962571144104,BUY,0.001,-0.997,-0.31,+2698.69,252698.69
2026-01-21T23:00:02.181000+00:00,447,25540.0,-0.9966864585876465,BUY,0.001,-0.997,-0.11,+2698.58,252698.58
2026-01-21T23:35:51.434016+00:00,448,25529.25,-0.9955772161483765,BUY,0.001,-0.996,+0.24,+2698.82,252698.82
2026-01-22T00:08:29.046007+00:00,449,25563.25,-0.9935241937637329,BUY,0.002,-0.994,-1.40,+2697.42,252697.42
2026-01-22T01:27:27.997000+00:00,450,25586.5,-0.9917890429496765,BUY,0.002,-0.992,-0.81,+2696.62,252696.62
2026-01-22T05:16:16.336003+00:00,451,25562.5,-0.9898701906204224,BUY,0.002,-0.990,+0.92,+2697.54,252697.54
2026-01-22T05:53:56.108001+00:00,452,25529.0,-0.9896252751350403,BUY,0.000,-0.990,+0.16,+2697.70,252697.70
2026-01-22T06:10:48.067009+00:00,453,25508.0,-0.9896306991577148,SELL,0.000,-0.990,+0.00,+2697.70,252697.70
2026-01-22T06:42:51.778013+00:00,454,25523.75,-0.9873026013374329,BUY,0.002,-0.987,-0.73,+2696.97,252696.97
2026-01-22T07:07:10.969001+00:00,455,25510.25,-0.9806779026985168,BUY,0.007,-0.981,+1.79,+2698.76,252698.76
2026-01-22T07:30:47.110000+00:00,456,25539.25,-0.9406952261924744,BUY,0.040,-0.941,-23.19,+2675.57,252675.57
2026-01-22T07:42:19.036000+00:00,457,25575.5,-0.7826643586158752,BUY,0.158,-0.783,-114.57,+2560.99,252560.99
2026-01-22T08:02:19.762002+00:00,458,25602.75,-0.6854085326194763,BUY,0.097,-0.685,-53.00,+2507.99,252507.99
2026-01-22T08:18:29.642002+00:00,459,25641.25,-0.5051640868186951,BUY,0.180,-0.505,-138.79,+2369.20,252369.20
2026-01-22T08:27:20.293007+00:00,460,25660.75,-0.2172108292579651,BUY,0.288,-0.217,-112.30,+2256.90,252256.90
2026-01-22T08:50:27.898000+00:00,461,25681.0,-0.48943641781806946,SELL,0.272,-0.489,+0.00,+2256.90,252256.90
2026-01-22T09:17:37.463000+00:00,462,25712.25,-0.6324677467346191,SELL,0.143,-0.632,+0.00,+2256.90,252256.90
2026-01-22T10:17:05.742000+00:00,463,25675.5,-0.2802223563194275,BUY,0.352,-0.280,+258.90,+2515.80,252515.80
2026-01-22T11:08:40.544002+00:00,464,25710.5,-0.06440023332834244,BUY,0.216,-0.064,-151.08,+2364.72,252364.72
2026-01-22T11:15:54.049000+00:00,465,25673.5,0.7275435328483582,BUY,0.792,0.728,+47.66,+2412.38,252412.38
2026-01-22T12:03:18.098011+00:00,466,25663.0,0.9232968688011169,BUY,0.196,0.923,+0.00,+2412.38,252412.38
2026-01-22T13:00:15.608000+00:00,467,25699.0,0.9464465379714966,BUY,0.023,0.946,+0.00,+2412.38,252412.38
2026-01-22T13:47:04.922000+00:00,468,25717.75,0.8308911323547363,SELL,0.116,0.831,+43.33,+2455.71,252455.71
2026-01-22T14:30:01.956102+00:00,469,25699.75,0.5682865381240845,SELL,0.263,0.568,-94.54,+2361.18,252361.18
2026-01-22T14:32:17.404002+00:00,470,25672.0,0.0769457221031189,SELL,0.491,0.077,-272.69,+2088.48,252088.48
2026-01-22T14:35:17.707023+00:00,471,25658.0,0.40324607491493225,BUY,0.326,0.403,+0.00,+2088.48,252088.48
2026-01-22T14:37:54.217000+00:00,472,25673.5,0.5173363089561462,BUY,0.114,0.517,+0.00,+2088.48,252088.48
2026-01-22T14:42:29.716023+00:00,473,25655.0,0.44634464383125305,SELL,0.071,0.446,-26.27,+2062.22,252062.22
2026-01-22T14:43:18.686431+00:00,474,25623.0,0.027480602264404297,SELL,0.419,0.027,-268.07,+1794.14,251794.14
2026-01-22T14:44:24.122003+00:00,475,25652.5,-0.17503254115581512,SELL,0.203,-0.175,+16.21,+1810.36,251810.36
2026-01-22T14:46:30.293002+00:00,476,25617.0,-0.1199033185839653,BUY,0.055,-0.120,+39.14,+1849.50,251849.50
2026-01-22T14:48:14.304010+00:00,477,25584.75,-0.069371797144413,BUY,0.051,-0.069,+32.59,+1882.09,251882.09
2026-01-22T14:51:27.294000+00:00,478,25594.25,-0.09254439920186996,SELL,0.023,-0.093,+0.00,+1882.09,251882.09
2026-01-22T14:55:23.107000+00:00,479,25589.5,-0.14059628546237946,SELL,0.048,-0.141,+0.00,+1882.09,251882.09
2026-01-22T15:00:08.936018+00:00,480,25553.0,-0.2098761796951294,SELL,0.069,-0.210,+0.00,+1882.09,251882.09
2026-01-22T15:00:21.580015+00:00,481,25579.0,-0.22639364004135132,SELL,0.017,-0.226,+0.00,+1882.09,251882.09
2026-01-22T15:03:01.226003+00:00,482,25542.75,-0.09800928086042404,BUY,0.128,-0.098,+93.08,+1975.17,251975.17
2026-01-22T15:14:03.485001+00:00,483,25576.75,-0.06304876506328583,BUY,0.035,-0.063,-23.77,+1951.40,251951.40
2026-01-22T15:15:46.629000+00:00,484,25584.0,-0.06523256748914719,SELL,0.002,-0.065,+0.00,+1951.40,251951.40
2026-01-22T15:17:24.758000+00:00,485,25551.0,-0.09685138612985611,SELL,0.032,-0.097,+0.00,+1951.40,251951.40
2026-01-22T15:20:34.414000+00:00,486,25577.25,-0.09626315534114838,BUY,0.001,-0.096,-0.31,+1951.09,251951.09
2026-01-22T15:24:12.479000+00:00,487,25570.0,-0.046504680067300797,BUY,0.050,-0.047,+7.21,+1958.30,251958.30
2026-01-22T15:26:43.313000+00:00,488,25582.0,-0.041539452970027924,BUY,0.005,-0.042,-1.19,+1957.11,251957.11
2026-01-22T15:34:03.597000+00:00,489,25612.0,-0.027632052078843117,BUY,0.014,-0.028,-8.34,+1948.77,251948.77
2026-01-22T15:45:59.206000+00:00,490,25651.75,-0.027045339345932007,BUY,0.001,-0.027,-0.47,+1948.30,251948.30
2026-01-22T15:50:07.283002+00:00,491,25618.75,-0.033376120030879974,SELL,0.006,-0.033,+0.00,+1948.30,251948.30
2026-01-22T16:06:56.110002+00:00,492,25642.0,-0.04499636963009834,SELL,0.012,-0.045,+0.00,+1948.30,251948.30
2026-01-22T16:14:31.321002+00:00,493,25660.0,-0.02994224615395069,BUY,0.015,-0.030,-5.42,+1942.88,251942.88
2026-01-22T16:25:26.727005+00:00,494,25679.5,-0.1067441999912262,SELL,0.077,-0.107,+0.00,+1942.88,251942.88
2026-01-22T17:00:32.359000+00:00,495,25660.0,-0.17194102704524994,SELL,0.065,-0.172,+0.00,+1942.88,251942.88
2026-01-22T17:08:36.518000+00:00,496,25692.5,-0.2788407802581787,SELL,0.107,-0.279,+0.00,+1942.88,251942.88
2026-01-22T17:32:34.853000+00:00,497,25696.75,-0.2665271759033203,BUY,0.012,-0.267,-1.05,+1941.83,251941.83
2026-01-22T18:17:10.185005+00:00,498,25683.5,-0.25580453872680664,BUY,0.011,-0.256,+2.84,+1944.67,251944.67
2026-01-22T18:58:47.078000+00:00,499,25670.0,-0.22230325639247894,BUY,0.034,-0.222,+9.05,+1953.72,251953.72
2026-01-22T19:12:37.835000+00:00,500,25707.0,-0.31924715638160706,SELL,0.097,-0.319,+0.00,+1953.72,251953.72
2026-01-22T19:42:30.644000+00:00,501,25675.25,-0.32155609130859375,SELL,0.002,-0.322,+0.00,+1953.72,251953.72
2026-01-22T19:56:27.909000+00:00,502,25644.25,-0.3448757827281952,SELL,0.023,-0.345,+0.00,+1953.72,251953.72
2026-01-22T20:26:11.894002+00:00,503,25624.0,-0.3482493460178375,SELL,0.003,-0.348,+0.00,+1953.72,251953.72
2026-01-22T20:36:46.097000+00:00,504,25587.0,-0.3356553912162781,BUY,0.013,-0.336,+9.32,+1963.04,251963.04
2026-01-22T20:45:48.333000+00:00,505,25625.0,-0.3577471673488617,SELL,0.022,-0.358,+0.00,+1963.04,251963.04
2026-01-22T20:54:40.142000+00:00,506,25653.25,-0.3601601719856262,SELL,0.002,-0.360,+0.00,+1963.04,251963.04
2026-01-22T21:01:03.024001+00:00,507,25636.5,-0.354928195476532,BUY,0.005,-0.355,+1.75,+1964.79,251964.79
2026-01-22T21:58:04.332005+00:00,508,25624.5,-0.22926054894924164,BUY,0.126,-0.229,+30.16,+1994.95,251994.95
2026-01-22T23:00:57.551001+00:00,509,25590.0,0.013659704476594925,BUY,0.243,0.014,+158.19,+2153.14,252153.14
2026-01-22T23:23:56.273003+00:00,510,25615.5,0.3392754793167114,BUY,0.326,0.339,+0.00,+2153.14,252153.14
2026-01-23T00:20:04.792005+00:00,511,25637.5,0.661531925201416,BUY,0.322,0.662,+0.00,+2153.14,252153.14
2026-01-23T01:03:59.752000+00:00,512,25662.5,0.8502073884010315,BUY,0.189,0.850,+0.00,+2153.14,252153.14
2026-01-23T03:16:10.554006+00:00,513,25698.75,0.77049320936203,SELL,0.080,0.770,+57.79,+2210.94,252210.94
2026-01-23T06:04:43.349000+00:00,514,25724.25,0.813543975353241,BUY,0.043,0.814,+0.00,+2210.94,252210.94
2026-01-23T07:45:40.328000+00:00,515,25691.25,0.8446100354194641,BUY,0.031,0.845,+0.00,+2210.94,252210.94
2026-01-23T08:14:32.779005+00:00,516,25659.75,0.903872549533844,BUY,0.059,0.904,+0.00,+2210.94,252210.94
2026-01-23T08:27:15.438005+00:00,517,25631.25,0.9739923477172852,BUY,0.070,0.974,+0.00,+2210.94,252210.94
2026-01-23T08:52:39.844011+00:00,518,25595.0,0.9871344566345215,BUY,0.013,0.987,+0.00,+2210.94,252210.94
2026-01-23T09:01:30.163000+00:00,519,25621.0,0.9828444123268127,SELL,0.004,0.983,+2.23,+2213.17,252213.17
2026-01-23T09:34:32.828000+00:00,520,25589.25,0.9801969528198242,SELL,0.003,0.980,-1.68,+2211.48,252211.48
2026-01-23T09:43:17.730000+00:00,521,25552.0,0.9737828969955444,SELL,0.006,0.974,-4.78,+2206.71,252206.71
2026-01-23T11:00:52.715002+00:00,522,25580.25,0.9578923583030701,SELL,0.016,0.958,+8.98,+2215.68,252215.68
2026-01-23T11:03:40.338034+00:00,523,25611.0,0.9542313814163208,SELL,0.004,0.954,+2.25,+2217.94,252217.94
2026-01-23T11:28:40.129000+00:00,524,25642.0,0.8781970739364624,SELL,0.076,0.878,+47.14,+2265.08,252265.08
2026-01-23T11:51:40.008016+00:00,525,25618.0,0.40845534205436707,SELL,0.470,0.408,-225.48,+2039.60,252039.60
2026-01-23T12:34:09.837000+00:00,526,25587.25,0.31301218271255493,SELL,0.095,0.313,-58.70,+1980.90,251980.90
2026-01-23T12:48:46.708000+00:00,527,25624.0,-0.48397722840309143,SELL,0.797,-0.484,+230.06,+2210.97,252210.97
2026-01-23T13:26:23.088000+00:00,528,25595.5,-0.8373293876647949,SELL,0.353,-0.837,+0.00,+2210.97,252210.97
2026-01-23T13:53:47.481000+00:00,529,25565.0,-0.8968848586082458,SELL,0.060,-0.897,+0.00,+2210.97,252210.97
2026-01-23T14:27:47.372000+00:00,530,25596.75,-0.9256706237792969,SELL,0.029,-0.926,+0.00,+2210.97,252210.97
2026-01-23T14:30:11.507000+00:00,531,25630.25,-0.9351066946983337,SELL,0.009,-0.935,+0.00,+2210.97,252210.97
2026-01-23T14:32:43.103000+00:00,532,25612.0,-0.9448489546775818,SELL,0.010,-0.945,+0.00,+2210.97,252210.97
2026-01-23T14:36:51.127000+00:00,533,25619.75,-0.9530203938484192,SELL,0.008,-0.953,+0.00,+2210.97,252210.97
2026-01-23T14:37:29.518001+00:00,534,25583.5,-0.9608983993530273,SELL,0.008,-0.961,+0.00,+2210.97,252210.97
2026-01-23T14:40:57.199001+00:00,535,25602.75,-0.9574185013771057,BUY,0.003,-0.957,-1.34,+2209.63,252209.63
2026-01-23T14:44:27.643049+00:00,536,25599.5,-0.9610074758529663,SELL,0.004,-0.961,+0.00,+2209.63,252209.63
2026-01-23T14:45:00.020041+00:00,537,25639.5,-0.9689339399337769,SELL,0.008,-0.969,+0.00,+2209.63,252209.63
2026-01-23T14:46:50.575110+00:00,538,25600.0,-0.9727062582969666,SELL,0.004,-0.973,+0.00,+2209.63,252209.63
2026-01-23T14:51:34.817000+00:00,539,25619.25,-0.9788268208503723,SELL,0.006,-0.979,+0.00,+2209.63,252209.63
2026-01-23T14:56:20.803002+00:00,540,25650.5,-0.9698083996772766,BUY,0.009,-0.970,-5.64,+2203.99,252203.99
2026-01-23T14:59:42.833005+00:00,541,25658.75,-0.9518266916275024,BUY,0.018,-0.952,-2.97,+2201.02,252201.02
2026-01-23T15:02:16.638006+00:00,542,25694.5,-0.9401779770851135,BUY,0.012,-0.940,-8.33,+2192.70,252192.70
2026-01-23T15:13:47.766000+00:00,543,25679.0,-0.9391577839851379,BUY,0.001,-0.939,+0.32,+2193.01,252193.01
2026-01-23T15:20:51.471000+00:00,544,25713.75,-0.951320469379425,SELL,0.012,-0.951,+0.00,+2193.01,252193.01
2026-01-23T15:22:34.004003+00:00,545,25751.0,-0.9554423689842224,SELL,0.004,-0.955,+0.00,+2193.01,252193.01
2026-01-23T15:34:55.613000+00:00,546,25774.5,-0.9512620568275452,BUY,0.004,-0.951,-1.96,+2191.05,252191.05
2026-01-23T15:49:05.856004+00:00,547,25806.25,-0.9594000577926636,SELL,0.008,-0.959,+0.00,+2191.05,252191.05
2026-01-23T16:01:29.493000+00:00,548,25837.0,-0.9634599089622498,SELL,0.004,-0.963,+0.00,+2191.05,252191.05
2026-01-23T16:08:21.123000+00:00,549,25805.75,-0.9626132249832153,BUY,0.001,-0.963,+0.53,+2191.58,252191.58
2026-01-23T16:28:09.297002+00:00,550,25792.25,-0.9628162980079651,SELL,0.000,-0.963,+0.00,+2191.58,252191.58
2026-01-23T16:33:00.033022+00:00,551,25762.75,-0.9528501629829407,BUY,0.010,-0.953,+5.88,+2197.46,252197.46
2026-01-23T16:37:19.996002+00:00,552,25801.0,-0.951812744140625,BUY,0.001,-0.952,-0.79,+2196.66,252196.66
2026-01-23T16:58:33.953051+00:00,553,25788.5,-0.9396829009056091,BUY,0.012,-0.940,+3.03,+2199.70,252199.70
2026-01-23T17:15:01.005000+00:00,554,25806.5,-0.9275801777839661,BUY,0.012,-0.928,-4.36,+2195.34,252195.34
2026-01-23T17:40:17.188000+00:00,555,25768.0,-0.8991729021072388,BUY,0.028,-0.899,+21.87,+2217.21,252217.21
2026-01-23T17:43:11.388037+00:00,556,25730.25,-0.876783013343811,BUY,0.022,-0.877,+16.90,+2234.12,252234.12
2026-01-23T17:51:12.074009+00:00,557,25703.0,-0.8458921909332275,BUY,0.031,-0.846,+16.84,+2250.95,252250.95
2026-01-23T18:03:35.922003+00:00,558,25723.0,-0.8158625960350037,BUY,0.030,-0.816,-12.01,+2238.94,252238.94
2026-01-23T18:08:52.483002+00:00,559,25743.25,-0.7909188866615295,BUY,0.025,-0.791,-10.10,+2228.84,252228.84
2026-01-23T18:45:20.139001+00:00,560,25724.25,-0.7336717844009399,BUY,0.057,-0.734,+21.75,+2250.59,252250.59
2026-01-23T19:06:18.586001+00:00,561,25754.25,-0.6356713175773621,BUY,0.098,-0.636,-58.80,+2191.79,252191.79
2026-01-23T19:38:02.837000+00:00,562,25734.5,-0.5208991169929504,BUY,0.115,-0.521,+45.34,+2237.13,252237.13
2026-01-23T20:08:34.308005+00:00,563,25714.5,-0.4622821807861328,BUY,0.059,-0.462,+23.45,+2260.57,252260.57
2026-01-23T20:15:46.640018+00:00,564,25731.25,-0.41042089462280273,BUY,0.052,-0.410,-17.37,+2243.20,252243.20
2026-01-23T20:30:01.949000+00:00,565,25704.5,-0.2820129096508026,BUY,0.128,-0.282,+68.70,+2311.90,252311.90
2026-01-23T20:47:01.577028+00:00,566,25736.0,-0.26248279213905334,BUY,0.020,-0.262,-12.30,+2299.59,252299.59
2026-01-23T20:59:00.057000+00:00,567,25753.0,-0.25218698382377625,BUY,0.010,-0.252,-3.50,+2296.09,252296.09
2026-01-23T21:07:03.618000+00:00,568,25715.75,-0.3679637312889099,SELL,0.116,-0.368,+0.00,+2296.09,252296.09
2026-01-23T21:20:01.431000+00:00,569,25678.5,-0.2707000970840454,BUY,0.097,-0.271,+72.46,+2368.55,252368.55
2026-01-25T23:00:00+00:00,570,25638.5,-0.2087145894765854,BUY,0.062,-0.209,+49.59,+2418.14,252418.14
2026-01-25T23:00:00.000001+00:00,571,25598.5,-0.10512907803058624,BUY,0.104,-0.105,+82.87,+2501.01,252501.01
2026-01-25T23:00:00.174004+00:00,572,25558.5,0.1463414579629898,BUY,0.251,0.146,+84.10,+2585.11,252585.11
2026-01-25T23:00:00.182009+00:00,573,25518.5,0.49523037672042847,BUY,0.349,0.495,+0.00,+2585.11,252585.11
2026-01-25T23:00:11.500000+00:00,574,25478.5,0.7299264073371887,BUY,0.235,0.730,+0.00,+2585.11,252585.11
2026-01-25T23:00:11.564025+00:00,575,25438.5,0.882629930973053,BUY,0.153,0.883,+0.00,+2585.11,252585.11
2026-01-25T23:00:21.899031+00:00,576,25410.0,0.9490708112716675,BUY,0.066,0.949,+0.00,+2585.11,252585.11
2026-01-25T23:00:31.919018+00:00,577,25370.0,0.9630093574523926,BUY,0.014,0.963,+0.00,+2585.11,252585.11
2026-01-25T23:00:41.919000+00:00,578,25410.0,0.9617298245429993,SELL,0.001,0.962,+1.02,+2586.14,252586.14
2026-01-25T23:00:41.960010+00:00,579,25390.75,0.940672755241394,SELL,0.021,0.941,-8.11,+2578.03,252578.03
2026-01-25T23:00:47.282000+00:00,580,25430.75,0.8851026296615601,SELL,0.056,0.885,+44.46,+2622.49,252622.49
2026-01-25T23:00:59.536000+00:00,581,25470.75,0.8452981114387512,SELL,0.040,0.845,+31.84,+2654.33,252654.33
2026-01-25T23:01:01.108000+00:00,582,25440.25,0.787819504737854,SELL,0.057,0.788,-35.06,+2619.27,252619.27
2026-01-25T23:01:13.742002+00:00,583,25465.75,0.18906690180301666,SELL,0.599,0.189,+305.36,+2924.63,252924.63
2026-01-25T23:02:09.767000+00:00,584,25484.0,-0.4213104248046875,SELL,0.610,-0.421,+69.01,+2993.64,252993.64
2026-01-25T23:02:11.209005+00:00,585,25451.25,-0.7589049935340881,SELL,0.338,-0.759,+0.00,+2993.64,252993.64
2026-01-25T23:08:36.904000+00:00,586,25482.25,-0.8958792686462402,SELL,0.137,-0.896,+0.00,+2993.64,252993.64
2026-01-25T23:12:34.103000+00:00,587,25497.5,-0.9444846510887146,SELL,0.049,-0.944,+0.00,+2993.64,252993.64
2026-01-25T23:21:40.419001+00:00,588,25526.75,-0.9755550026893616,SELL,0.031,-0.976,+0.00,+2993.64,252993.64
2026-01-25T23:31:09.854000+00:00,589,25544.25,-0.9837626814842224,SELL,0.008,-0.984,+0.00,+2993.64,252993.64
2026-01-25T23:38:55.163000+00:00,590,25504.25,-0.9880945682525635,SELL,0.004,-0.988,+0.00,+2993.64,252993.64
2026-01-25T23:46:25.124006+00:00,591,25532.5,-0.9929119944572449,SELL,0.005,-0.993,+0.00,+2993.64,252993.64
2026-01-25T23:58:02.299016+00:00,592,25562.0,-0.9956393837928772,SELL,0.003,-0.996,+0.00,+2993.64,252993.64
2026-01-26T00:05:25.893004+00:00,593,25584.75,-0.9971779584884644,SELL,0.002,-0.997,+0.00,+2993.64,252993.64
2026-01-26T00:30:52.675010+00:00,594,25612.0,-0.9982413649559021,SELL,0.001,-0.998,+0.00,+2993.64,252993.64
2026-01-26T00:39:08.683000+00:00,595,25578.25,-0.9984514117240906,SELL,0.000,-0.998,+0.00,+2993.64,252993.64
2026-01-26T01:03:05.926000+00:00,596,25602.75,-0.9984862804412842,SELL,0.000,-0.998,+0.00,+2993.64,252993.64
2026-01-26T01:05:00.991001+00:00,597,25640.5,-0.9982054829597473,BUY,0.000,-0.998,-0.21,+2993.43,252993.43
2026-01-26T01:14:51.353000+00:00,598,25605.0,-0.9981204271316528,BUY,0.000,-0.998,+0.06,+2993.49,252993.49
2026-01-26T01:21:47.692000+00:00,599,25643.5,-0.9981423020362854,SELL,0.000,-0.998,+0.00,+2993.49,252993.49
2026-01-26T02:41:40.223001+00:00,600,25628.75,-0.9983471035957336,SELL,0.000,-0.998,+0.00,+2993.49,252993.49
2026-01-26T03:04:53.128002+00:00,601,25635.25,-0.9985787868499756,SELL,0.000,-0.999,+0.00,+2993.49,252993.49
2026-01-26T05:28:48.949014+00:00,602,25662.0,-0.9988629221916199,SELL,0.000,-0.999,+0.00,+2993.49,252993.49
2026-01-26T06:18:01.826000+00:00,603,25697.25,-0.9989879131317139,SELL,0.000,-0.999,+0.00,+2993.49,252993.49
2026-01-26T07:54:43.004000+00:00,604,25705.75,-0.9992550611495972,SELL,0.000,-0.999,+0.00,+2993.49,252993.49
2026-01-26T08:25:03.900000+00:00,605,25738.5,-0.9994439482688904,SELL,0.000,-0.999,+0.00,+2993.49,252993.49
2026-01-26T09:16:18.008000+00:00,606,25702.0,-0.9994836449623108,SELL,0.000,-0.999,+0.00,+2993.49,252993.49
2026-01-26T09:31:00.351000+00:00,607,25673.25,-0.999601423740387,SELL,0.000,-1.000,+0.00,+2993.49,252993.49
2026-01-26T09:36:07.218000+00:00,608,25637.5,-0.9993976354598999,BUY,0.000,-0.999,+0.15,+2993.64,252993.64
2026-01-26T09:48:09.310000+00:00,609,25609.0,-0.9988442659378052,BUY,0.001,-0.999,+0.32,+2993.95,252993.95
2026-01-26T10:00:38.035000+00:00,610,25622.0,-0.9986591339111328,BUY,0.000,-0.999,-0.05,+2993.90,252993.90
2026-01-26T10:28:45.792005+00:00,611,25654.25,-0.9985570907592773,BUY,0.000,-0.999,-0.07,+2993.84,252993.84
2026-01-26T12:01:17.162009+00:00,612,25681.75,-0.9988193511962891,SELL,0.000,-0.999,+0.00,+2993.84,252993.84
2026-01-26T13:35:38.903000+00:00,613,25674.5,-0.9988722801208496,SELL,0.000,-0.999,+0.00,+2993.84,252993.84
2026-01-26T13:48:15.611000+00:00,614,25698.5,-0.999086320400238,SELL,0.000,-0.999,+0.00,+2993.84,252993.84
2026-01-26T14:02:21.987002+00:00,615,25733.0,-0.9992017149925232,SELL,0.000,-0.999,+0.00,+2993.84,252993.84
2026-01-26T14:30:00.241000+00:00,616,25754.0,-0.9993082284927368,SELL,0.000,-0.999,+0.00,+2993.84,252993.84
2026-01-26T14:30:31.051027+00:00,617,25720.5,-0.9993200898170471,SELL,0.000,-0.999,+0.00,+2993.84,252993.84
2026-01-26T14:31:30.268000+00:00,618,25744.25,-0.9994352459907532,SELL,0.000,-0.999,+0.00,+2993.84,252993.84
2026-01-26T14:34:24.150000+00:00,619,25772.5,-0.9996041655540466,SELL,0.000,-1.000,+0.00,+2993.84,252993.84
2026-01-26T14:41:02.215023+00:00,620,25805.0,-0.9996882081031799,SELL,0.000,-1.000,+0.00,+2993.84,252993.84
2026-01-26T14:42:10.030000+00:00,621,25787.0,-0.9996837973594666,BUY,0.000,-1.000,+0.00,+2993.84,252993.84
2026-01-26T14:44:47.627000+00:00,622,25817.5,-0.9996705651283264,BUY,0.000,-1.000,-0.01,+2993.83,252993.83
2026-01-26T14:57:10.776074+00:00,623,25843.0,-0.9996868371963501,SELL,0.000,-1.000,+0.00,+2993.83,252993.83
2026-01-26T15:10:24.572014+00:00,624,25813.5,-0.9996307492256165,BUY,0.000,-1.000,+0.03,+2993.86,252993.86
2026-01-26T15:14:43.360029+00:00,625,25843.0,-0.9996429681777954,SELL,0.000,-1.000,+0.00,+2993.86,252993.86
2026-01-26T15:19:44.700001+00:00,626,25869.0,-0.9995743632316589,BUY,0.000,-1.000,-0.04,+2993.83,252993.83
2026-01-26T15:27:30.417000+00:00,627,25846.5,-0.9995274543762207,BUY,0.000,-1.000,+0.02,+2993.85,252993.85
2026-01-26T15:42:08.051011+00:00,628,25838.0,-0.9995071291923523,BUY,0.000,-1.000,+0.00,+2993.85,252993.85
2026-01-26T15:50:01.343000+00:00,629,25874.0,-0.999494194984436,BUY,0.000,-0.999,-0.01,+2993.84,252993.84
2026-01-26T16:19:42.448098+00:00,630,25858.5,-0.9995028376579285,SELL,0.000,-1.000,+0.00,+2993.84,252993.84
2026-01-26T16:22:39.561006+00:00,631,25890.75,-0.9995240569114685,SELL,0.000,-1.000,+0.00,+2993.84,252993.84
2026-01-26T16:32:01.238000+00:00,632,25925.0,-0.9995170831680298,BUY,0.000,-1.000,-0.00,+2993.84,252993.84
2026-01-26T16:48:47.776000+00:00,633,25888.5,-0.9994792342185974,BUY,0.000,-0.999,+0.03,+2993.87,252993.87
2026-01-26T17:04:34.060015+00:00,634,25928.0,-0.9994781017303467,BUY,0.000,-0.999,-0.00,+2993.87,252993.87
2026-01-26T17:45:56.161033+00:00,635,25896.5,-0.9994311332702637,BUY,0.000,-0.999,+0.03,+2993.90,252993.90
2026-01-26T18:24:28.221000+00:00,636,25913.75,-0.9993418455123901,BUY,0.000,-0.999,-0.03,+2993.86,252993.86
2026-01-26T18:41:03.255000+00:00,637,25892.25,-0.9992547035217285,BUY,0.000,-0.999,+0.04,+2993.90,252993.90
2026-01-26T20:00:29.037016+00:00,638,25873.75,-0.9993706345558167,SELL,0.000,-0.999,+0.00,+2993.90,252993.90
2026-01-26T20:54:19.098000+00:00,639,25855.0,-0.9993864297866821,SELL,0.000,-0.999,+0.00,+2993.90,252993.90
2026-01-26T23:15:37.719000+00:00,640,25874.0,-0.9994586706161499,SELL,0.000,-0.999,+0.00,+2993.90,252993.90
2026-01-27T01:10:47.955001+00:00,641,25911.25,-0.9993756413459778,BUY,0.000,-0.999,-0.06,+2993.84,252993.84
2026-01-27T02:09:10.719010+00:00,642,25945.0,-0.9992408156394958,BUY,0.000,-0.999,-0.09,+2993.75,252993.75
2026-01-27T04:09:46.435000+00:00,643,25983.5,-0.9990971088409424,BUY,0.000,-0.999,-0.11,+2993.64,252993.64
2026-01-27T06:00:08.370002+00:00,644,26012.0,-0.9988916516304016,BUY,0.000,-0.999,-0.12,+2993.52,252993.52
2026-01-27T08:13:01.957000+00:00,645,25988.25,-0.9985377192497253,BUY,0.000,-0.999,+0.17,+2993.69,252993.69
2026-01-27T10:51:39.110000+00:00,646,26007.0,-0.9980396032333374,BUY,0.000,-0.998,-0.19,+2993.50,252993.50
2026-01-27T11:36:12.762000+00:00,647,26031.75,-0.9975055456161499,BUY,0.001,-0.998,-0.26,+2993.24,252993.24
2026-01-27T12:26:38.689000+00:00,648,26003.0,-0.9967281222343445,BUY,0.001,-0.997,+0.45,+2993.69,252993.69
2026-01-27T14:30:01.015000+00:00,649,25978.0,-0.9959806799888611,BUY,0.001,-0.996,+0.37,+2994.06,252994.06
2026-01-27T14:31:04.698001+00:00,650,25995.25,-0.9945392608642578,BUY,0.001,-0.995,-0.50,+2993.56,252993.56
2026-01-27T14:33:34.858005+00:00,651,25972.5,-0.9894942045211792,BUY,0.005,-0.989,+2.30,+2995.86,252995.86
2026-01-27T14:36:09.323000+00:00,652,25944.0,-0.9669117331504822,BUY,0.023,-0.967,+12.87,+3008.73,253008.73
2026-01-27T14:40:39.115000+00:00,653,25957.25,-0.9277278184890747,BUY,0.039,-0.928,-10.38,+2998.35,252998.35
2026-01-27T14:49:36.536000+00:00,654,25984.0,-0.9062498807907104,BUY,0.021,-0.906,-11.49,+2986.86,252986.86
2026-01-27T14:53:13.485000+00:00,655,26019.75,-0.8929750919342041,BUY,0.013,-0.893,-9.49,+2977.36,252977.36
2026-01-27T14:59:20.711000+00:00,656,26056.75,-0.8855247497558594,BUY,0.007,-0.886,-5.51,+2971.85,252971.85
2026-01-27T15:05:56.673000+00:00,657,26025.0,-0.8472380042076111,BUY,0.038,-0.847,+24.31,+2996.16,252996.16
2026-01-27T15:09:54.173003+00:00,658,26061.5,-0.867057740688324,SELL,0.020,-0.867,+0.00,+2996.16,252996.16
2026-01-27T15:35:05.802000+00:00,659,26078.0,-0.8645550012588501,BUY,0.003,-0.865,-0.83,+2995.34,252995.34
2026-01-27T16:19:00.816000+00:00,660,26103.5,-0.9162309169769287,SELL,0.052,-0.916,+0.00,+2995.34,252995.34
2026-01-27T17:12:09.949000+00:00,661,26066.75,-0.9070591926574707,BUY,0.009,-0.907,+6.74,+3002.08,253002.08
2026-01-27T17:42:01.917000+00:00,662,26090.25,-0.913210391998291,SELL,0.006,-0.913,+0.00,+3002.08,253002.08
2026-01-27T18:01:25.212000+00:00,663,26052.0,-0.8984660506248474,BUY,0.015,-0.898,+11.28,+3013.36,253013.36
2026-01-27T18:20:17.016000+00:00,664,26078.0,-0.8359940648078918,BUY,0.062,-0.836,-32.49,+2980.87,252980.87
2026-01-27T20:13:54.608001+00:00,665,26109.5,-0.8828793168067932,SELL,0.047,-0.883,+0.00,+2980.87,252980.87
2026-01-27T20:55:00.132004+00:00,666,26074.25,-0.8673728704452515,BUY,0.016,-0.867,+10.93,+2991.80,252991.80
2026-01-27T21:18:01.311000+00:00,667,26098.75,-0.9173614382743835,SELL,0.050,-0.917,+0.00,+2991.80,252991.80
2026-01-27T23:00:08.663000+00:00,668,26123.5,-0.9698885679244995,SELL,0.053,-0.970,+0.00,+2991.80,252991.80
2026-01-28T00:12:00.026000+00:00,669,26162.0,-0.984836220741272,SELL,0.015,-0.985,+0.00,+2991.80,252991.80
2026-01-28T00:36:47.705000+00:00,670,26193.5,-0.9851981997489929,SELL,0.000,-0.985,+0.00,+2991.80,252991.80
2026-01-28T05:10:13.088000+00:00,671,26229.25,-0.98970627784729,SELL,0.005,-0.990,+0.00,+2991.80,252991.80
2026-01-28T06:00:00.002005+00:00,672,26265.25,-0.992504358291626,SELL,0.003,-0.993,+0.00,+2991.80,252991.80
2026-01-28T06:00:57.212001+00:00,673,26298.25,-0.9946794509887695,SELL,0.002,-0.995,+0.00,+2991.80,252991.80
2026-01-28T06:20:08.587001+00:00,674,26320.75,-0.9958004951477051,SELL,0.001,-0.996,+0.00,+2991.80,252991.80
2026-01-28T06:31:32.828006+00:00,675,26335.5,-0.9960213899612427,SELL,0.000,-0.996,+0.00,+2991.80,252991.80
2026-01-28T06:45:55.623000+00:00,676,26309.0,-0.9959098696708679,BUY,0.000,-0.996,+0.06,+2991.86,252991.86
2026-01-28T08:02:34.615000+00:00,677,26329.0,-0.9965007305145264,SELL,0.001,-0.997,+0.00,+2991.86,252991.86
2026-01-28T08:18:10.011009+00:00,678,26291.5,-0.9955735802650452,BUY,0.001,-0.996,+0.70,+2992.56,252992.56
2026-01-28T08:24:21.891000+00:00,679,26317.25,-0.9957994222640991,SELL,0.000,-0.996,+0.00,+2992.56,252992.56
2026-01-28T08:49:52.470008+00:00,680,26278.75,-0.9940950274467468,BUY,0.002,-0.994,+1.31,+2993.87,252993.87
2026-01-28T10:10:50.145000+00:00,681,26292.75,-0.993992805480957,BUY,0.000,-0.994,-0.03,+2993.84,252993.84
2026-01-28T10:58:13.050000+00:00,682,26317.5,-0.993423581123352,BUY,0.001,-0.993,-0.28,+2993.56,252993.56
2026-01-28T12:12:22.364003+00:00,683,26286.75,-0.9930369853973389,BUY,0.000,-0.993,+0.24,+2993.80,252993.80
2026-01-28T13:02:11.905001+00:00,684,26304.75,-0.9909811615943909,BUY,0.002,-0.991,-0.74,+2993.06,252993.06
2026-01-28T13:37:54.285002+00:00,685,26266.0,-0.9883407950401306,BUY,0.003,-0.988,+2.05,+2995.10,252995.10
2026-01-28T14:14:04.011002+00:00,686,26245.25,-0.9852563738822937,BUY,0.003,-0.985,+1.28,+2996.38,252996.38
2026-01-28T14:32:40.415000+00:00,687,26270.0,-0.9797415137290955,BUY,0.006,-0.980,-2.73,+2993.65,252993.65
2026-01-28T14:34:08.817000+00:00,688,26248.0,-0.9736176133155823,BUY,0.006,-0.974,+2.69,+2996.35,252996.35
2026-01-28T14:36:04.720003+00:00,689,26217.0,-0.9653107523918152,BUY,0.008,-0.965,+5.15,+3001.50,253001.50
2026-01-28T14:40:05.571000+00:00,690,26253.75,-0.9627644419670105,BUY,0.003,-0.963,-1.87,+2999.63,252999.63
2026-01-28T14:44:33.423125+00:00,691,26293.5,-0.9647667407989502,SELL,0.002,-0.965,+0.00,+2999.63,252999.63
2026-01-28T14:47:10.172003+00:00,692,26261.0,-0.9589595794677734,BUY,0.006,-0.959,+3.77,+3003.40,253003.40
2026-01-28T14:50:25.992000+00:00,693,26270.5,-0.9652557373046875,SELL,0.006,-0.965,+0.00,+3003.40,253003.40
2026-01-28T15:00:01.523000+00:00,694,26250.5,-0.9684645533561707,SELL,0.003,-0.968,+0.00,+3003.40,253003.40
2026-01-28T15:10:52.263001+00:00,695,26225.5,-0.9645965695381165,BUY,0.004,-0.965,+1.93,+3005.34,253005.34
2026-01-28T15:15:42.484002+00:00,696,26245.0,-0.9630125164985657,BUY,0.002,-0.963,-0.62,+3004.72,253004.72
2026-01-28T15:32:04.656000+00:00,697,26214.0,-0.9535335302352905,BUY,0.009,-0.954,+5.88,+3010.60,253010.60
2026-01-28T15:43:09.929000+00:00,698,26188.25,-0.9520774483680725,BUY,0.001,-0.952,+0.75,+3011.35,253011.35
2026-01-28T15:58:31.956000+00:00,699,26160.25,-0.9414610862731934,BUY,0.011,-0.941,+5.95,+3017.29,253017.29
2026-01-28T16:22:00.045000+00:00,700,26158.5,-0.9381623864173889,BUY,0.003,-0.938,+0.12,+3017.41,253017.41
2026-01-28T16:36:16.006002+00:00,701,26144.25,-0.9323537349700928,BUY,0.006,-0.932,+1.66,+3019.06,253019.06
2026-01-28T16:51:35.729002+00:00,702,26118.25,-0.9229564070701599,BUY,0.009,-0.923,+4.89,+3023.95,253023.95
2026-01-28T17:04:03.001001+00:00,703,26140.75,-0.9238011837005615,SELL,0.001,-0.924,+0.00,+3023.95,253023.95
2026-01-28T17:18:37.474000+00:00,704,26157.25,-0.9147595763206482,BUY,0.009,-0.915,-2.98,+3020.96,253020.96
2026-01-28T17:24:30.646000+00:00,705,26123.25,-0.9029990434646606,BUY,0.012,-0.903,+8.00,+3028.96,253028.96
2026-01-28T17:53:25.512001+00:00,706,26150.5,-0.9280363321304321,SELL,0.025,-0.928,+0.00,+3028.96,253028.96
2026-01-28T18:01:44.137000+00:00,707,26125.5,-0.9254246354103088,BUY,0.003,-0.925,+1.31,+3030.27,253030.27
2026-01-28T18:16:03.275000+00:00,708,26162.0,-0.9470744729042053,SELL,0.022,-0.947,+0.00,+3030.27,253030.27
2026-01-28T19:00:39.989002+00:00,709,26185.25,-0.9419080018997192,BUY,0.005,-0.942,-2.40,+3027.86,253027.86
2026-01-28T19:01:44.368002+00:00,710,26155.5,-0.929972767829895,BUY,0.012,-0.930,+7.10,+3034.97,253034.97
2026-01-28T19:02:18.341001+00:00,711,26117.0,-0.9222579002380371,BUY,0.008,-0.922,+5.94,+3040.91,253040.91
2026-01-28T19:04:25.024001+00:00,712,26156.0,-0.9449613094329834,SELL,0.023,-0.945,+0.00,+3040.91,253040.91
2026-01-28T19:24:17.919000+00:00,713,26168.5,-0.9619337916374207,SELL,0.017,-0.962,+0.00,+3040.91,253040.91
2026-01-28T19:29:44.805000+00:00,714,26131.75,-0.9711403250694275,SELL,0.009,-0.971,+0.00,+3040.91,253040.91
2026-01-28T19:30:57.308000+00:00,715,26152.75,-0.9781694412231445,SELL,0.007,-0.978,+0.00,+3040.91,253040.91
2026-01-28T19:31:56.575000+00:00,716,26133.75,-0.982819139957428,SELL,0.005,-0.983,+0.00,+3040.91,253040.91
2026-01-28T19:32:56.789000+00:00,717,26156.0,-0.987812340259552,SELL,0.005,-0.988,+0.00,+3040.91,253040.91
2026-01-28T19:37:15.246002+00:00,718,26178.0,-0.9876421093940735,BUY,0.000,-0.988,-0.07,+3040.83,253040.83
2026-01-28T19:40:15.219003+00:00,719,26139.0,-0.9877976179122925,SELL,0.000,-0.988,+0.00,+3040.83,253040.83
2026-01-28T19:45:46.434000+00:00,720,26165.5,-0.9891588091850281,SELL,0.001,-0.989,+0.00,+3040.83,253040.83
2026-01-28T19:48:36.216007+00:00,721,26193.5,-0.989448070526123,SELL,0.000,-0.989,+0.00,+3040.83,253040.83
2026-01-28T19:59:44.842002+00:00,722,26170.25,-0.9886835217475891,BUY,0.001,-0.989,+0.36,+3041.19,253041.19
2026-01-28T20:02:36.054000+00:00,723,26193.5,-0.9883092045783997,BUY,0.000,-0.988,-0.17,+3041.01,253041.01
2026-01-28T20:29:24.203000+00:00,724,26172.0,-0.9886121153831482,SELL,0.000,-0.989,+0.00,+3041.01,253041.01
2026-01-28T20:50:00.073017+00:00,725,26142.25,-0.9883544445037842,BUY,0.000,-0.988,+0.15,+3041.17,253041.17
2026-01-28T20:50:37.887017+00:00,726,26171.25,-0.9874982833862305,BUY,0.001,-0.987,-0.50,+3040.67,253040.67
2026-01-28T20:59:56.060000+00:00,727,26148.5,-0.9885817766189575,SELL,0.001,-0.989,+0.00,+3040.67,253040.67
2026-01-28T21:00:37.629004+00:00,728,26127.5,-0.9877811670303345,BUY,0.001,-0.988,+0.34,+3041.01,253041.01
2026-01-28T21:00:43.771002+00:00,729,26100.0,-0.9876618981361389,BUY,0.000,-0.988,+0.07,+3041.07,253041.07
2026-01-28T21:01:00.029081+00:00,730,26106.75,-0.9867473840713501,BUY,0.001,-0.987,-0.12,+3040.95,253040.95
2026-01-28T21:01:24.012000+00:00,731,26080.75,-0.9856693148612976,BUY,0.001,-0.986,+0.56,+3041.51,253041.51
2026-01-28T21:01:42.203001+00:00,732,26111.5,-0.9882597327232361,SELL,0.003,-0.988,+0.00,+3041.51,253041.51
2026-01-28T21:01:53.427005+00:00,733,26072.5,-0.9849858283996582,BUY,0.003,-0.985,+2.55,+3044.06,253044.06
2026-01-28T21:02:25.865026+00:00,734,26045.0,-0.9796922206878662,BUY,0.005,-0.980,+2.91,+3046.97,253046.97
2026-01-28T21:03:20.409004+00:00,735,26018.75,-0.9711663722991943,BUY,0.009,-0.971,+4.48,+3051.45,253051.45
2026-01-28T21:04:13.334007+00:00,736,26033.25,-0.9599276781082153,BUY,0.011,-0.960,-3.26,+3048.19,253048.19
2026-01-28T21:06:19.649006+00:00,737,26065.0,-0.9394319653511047,BUY,0.020,-0.939,-13.01,+3035.18,253035.18
2026-01-28T21:07:22.295000+00:00,738,26096.25,-0.9261190295219421,BUY,0.013,-0.926,-8.32,+3026.86,253026.86
2026-01-28T21:08:38.075006+00:00,739,26133.5,-0.9507383704185486,SELL,0.025,-0.951,+0.00,+3026.86,253026.86
2026-01-28T21:11:58.717000+00:00,740,26173.0,-0.9659344553947449,SELL,0.015,-0.966,+0.00,+3026.86,253026.86
2026-01-28T21:14:00.471000+00:00,741,26186.25,-0.9699334502220154,SELL,0.004,-0.970,+0.00,+3026.86,253026.86
2026-01-28T21:20:35.772012+00:00,742,26219.25,-0.9662168025970459,BUY,0.004,-0.966,-2.45,+3024.40,253024.40
2026-01-28T21:26:14.848002+00:00,743,26250.0,-0.960616409778595,BUY,0.006,-0.961,-3.44,+3020.96,253020.96
2026-01-28T21:47:21.715000+00:00,744,26285.25,-0.9611444473266602,SELL,0.001,-0.961,+0.00,+3020.96,253020.96
2026-01-28T21:54:00.784001+00:00,745,26247.75,-0.9463293552398682,BUY,0.015,-0.946,+11.11,+3032.07,253032.07
2026-01-28T23:00:00.015000+00:00,746,26284.75,-0.9390440583229065,BUY,0.007,-0.939,-5.39,+3026.68,253026.68
2026-01-28T23:07:23.629001+00:00,747,26256.0,-0.8979787230491638,BUY,0.041,-0.898,+23.61,+3050.29,253050.29
2026-01-28T23:13:21.564000+00:00,748,26216.0,-0.867020308971405,BUY,0.031,-0.867,+24.77,+3075.06,253075.06
2026-01-28T23:14:42.509000+00:00,749,26176.0,-0.8329095840454102,BUY,0.034,-0.833,+27.29,+3102.35,253102.35
2026-01-28T23:16:00.276000+00:00,750,26201.0,-0.7933898568153381,BUY,0.040,-0.793,-19.76,+3082.59,253082.59
2026-01-28T23:22:12.348014+00:00,751,26238.0,-0.7753735780715942,BUY,0.018,-0.775,-13.33,+3069.25,253069.25
2026-01-28T23:28:21.009003+00:00,752,26204.0,-0.7617475390434265,BUY,0.014,-0.762,+9.27,+3078.52,253078.52
2026-01-28T23:40:56.244002+00:00,753,26177.25,-0.672923743724823,BUY,0.089,-0.673,+47.52,+3126.04,253126.04
2026-01-28T23:54:07.672000+00:00,754,26216.25,-0.8158913254737854,SELL,0.143,-0.816,+0.00,+3126.04,253126.04
2026-01-28T23:58:26.642001+00:00,755,26177.25,-0.8305734395980835,SELL,0.015,-0.831,+0.00,+3126.04,253126.04
2026-01-29T00:01:43.323001+00:00,756,26140.5,-0.7258045673370361,BUY,0.105,-0.726,+77.01,+3203.05,253203.05
2026-01-29T00:04:11.690000+00:00,757,26110.0,-0.6208279728889465,BUY,0.105,-0.621,+64.04,+3267.08,253267.08
2026-01-29T00:07:22.175004+00:00,758,26144.25,-0.7272948026657104,SELL,0.106,-0.727,+0.00,+3267.08,253267.08
2026-01-29T00:18:36.002000+00:00,759,26131.25,-0.7461867928504944,SELL,0.019,-0.746,+0.00,+3267.08,253267.08
2026-01-29T00:29:19.277000+00:00,760,26169.0,-0.7818249464035034,SELL,0.036,-0.782,+0.00,+3267.08,253267.08
2026-01-29T00:35:34.667000+00:00,761,26131.0,-0.7702504396438599,BUY,0.012,-0.770,+8.80,+3275.88,253275.88
2026-01-29T01:01:12.726000+00:00,762,26166.5,-0.797537088394165,SELL,0.027,-0.798,+0.00,+3275.88,253275.88
2026-01-29T01:16:34.041000+00:00,763,26128.0,-0.8000969886779785,SELL,0.003,-0.800,+0.00,+3275.88,253275.88
2026-01-29T01:25:06.499003+00:00,764,26103.25,-0.7919301986694336,BUY,0.008,-0.792,+4.04,+3279.92,253279.92
2026-01-29T01:58:28.762000+00:00,765,26125.75,-0.8282076120376587,SELL,0.036,-0.828,+0.00,+3279.92,253279.92
2026-01-29T02:24:24.389000+00:00,766,26163.25,-0.8719794750213623,SELL,0.044,-0.872,+0.00,+3279.92,253279.92
2026-01-29T03:19:05.042001+00:00,767,26188.0,-0.8250520825386047,BUY,0.047,-0.825,-23.23,+3256.69,253256.69
2026-01-29T04:18:36.138022+00:00,768,26218.0,-0.778245210647583,BUY,0.047,-0.778,-28.08,+3228.61,253228.61
2026-01-29T06:05:37.446000+00:00,769,26250.5,-0.8095481395721436,SELL,0.031,-0.810,+0.00,+3228.61,253228.61
2026-01-29T07:36:28.624000+00:00,770,26272.0,-0.8817845582962036,SELL,0.072,-0.882,+0.00,+3228.61,253228.61
2026-01-29T08:02:09.359000+00:00,771,26236.0,-0.9179823994636536,SELL,0.036,-0.918,+0.00,+3228.61,253228.61
2026-01-29T08:13:19.827013+00:00,772,26266.5,-0.9501400589942932,SELL,0.032,-0.950,+0.00,+3228.61,253228.61
2026-01-29T08:50:25.352000+00:00,773,26240.5,-0.9681293368339539,SELL,0.018,-0.968,+0.00,+3228.61,253228.61
2026-01-29T09:11:26.932002+00:00,774,26273.25,-0.9795043468475342,SELL,0.011,-0.980,+0.00,+3228.61,253228.61
2026-01-29T09:52:37.463000+00:00,775,26233.25,-0.9848162531852722,SELL,0.005,-0.985,+0.00,+3228.61,253228.61
2026-01-29T10:56:28.496001+00:00,776,26197.0,-0.986692488193512,SELL,0.002,-0.987,+0.00,+3228.61,253228.61
2026-01-29T12:00:58.175001+00:00,777,26215.25,-0.9903748035430908,SELL,0.004,-0.990,+0.00,+3228.61,253228.61
2026-01-29T12:38:58.322039+00:00,778,26181.75,-0.9929783940315247,SELL,0.003,-0.993,+0.00,+3228.61,253228.61
2026-01-29T13:35:38.668000+00:00,779,26190.75,-0.9957055449485779,SELL,0.003,-0.996,+0.00,+3228.61,253228.61
2026-01-29T14:03:19.191004+00:00,780,26163.5,-0.9972485303878784,SELL,0.002,-0.997,+0.00,+3228.61,253228.61
2026-01-29T14:27:29.577144+00:00,781,26134.5,-0.997460126876831,SELL,0.000,-0.997,+0.00,+3228.61,253228.61
2026-01-29T14:30:04.371054+00:00,782,26162.5,-0.9978182911872864,SELL,0.000,-0.998,+0.00,+3228.61,253228.61
2026-01-29T14:31:34.619000+00:00,783,26135.0,-0.9979125261306763,SELL,0.000,-0.998,+0.00,+3228.61,253228.61
2026-01-29T14:34:11.940000+00:00,784,26098.5,-0.9977307915687561,BUY,0.000,-0.998,+0.13,+3228.74,253228.74
2026-01-29T14:35:17.606000+00:00,785,26064.5,-0.997424840927124,BUY,0.000,-0.997,+0.21,+3228.95,253228.95
2026-01-29T14:36:41.018002+00:00,786,26032.0,-0.9974464774131775,SELL,0.000,-0.997,+0.00,+3228.95,253228.95
2026-01-29T14:38:06.487000+00:00,787,26044.0,-0.9976155161857605,SELL,0.000,-0.998,+0.00,+3228.95,253228.95
2026-01-29T14:40:16.845016+00:00,788,26010.0,-0.9969419836997986,BUY,0.001,-0.997,+0.46,+3229.41,253229.41
2026-01-29T14:42:23.190000+00:00,789,25990.0,-0.9970951676368713,SELL,0.000,-0.997,+0.00,+3229.41,253229.41
2026-01-29T14:43:50.731029+00:00,790,25971.75,-0.9970310926437378,BUY,0.000,-0.997,+0.02,+3229.43,253229.43
2026-01-29T14:45:01.207061+00:00,791,25935.25,-0.9972357749938965,SELL,0.000,-0.997,+0.00,+3229.43,253229.43
2026-01-29T14:46:37.154001+00:00,792,25913.75,-0.99662846326828,BUY,0.001,-0.997,+0.26,+3229.69,253229.69
2026-01-29T14:47:40.378000+00:00,793,25950.5,-0.9976410269737244,SELL,0.001,-0.998,+0.00,+3229.69,253229.69
2026-01-29T14:48:07.378000+00:00,794,25988.25,-0.9981603622436523,SELL,0.001,-0.998,+0.00,+3229.69,253229.69
2026-01-29T14:50:07.596007+00:00,795,25968.25,-0.9984333515167236,SELL,0.000,-0.998,+0.00,+3229.69,253229.69
2026-01-29T14:51:11.032000+00:00,796,25948.0,-0.9977221488952637,BUY,0.001,-0.998,+0.29,+3229.98,253229.98
2026-01-29T14:53:08.132000+00:00,797,25917.25,-0.9973231554031372,BUY,0.000,-0.997,+0.25,+3230.22,253230.22
2026-01-29T14:54:37.760000+00:00,798,25944.5,-0.9970223903656006,BUY,0.000,-0.997,-0.16,+3230.06,253230.06
2026-01-29T14:57:35.427000+00:00,799,25912.25,-0.9959893226623535,BUY,0.001,-0.996,+0.67,+3230.73,253230.73
2026-01-29T14:59:06.467005+00:00,800,25879.75,-0.994544506072998,BUY,0.001,-0.995,+0.94,+3231.67,253231.67
2026-01-29T15:00:34.008000+00:00,801,25840.0,-0.9938173294067383,BUY,0.001,-0.994,+0.58,+3232.24,253232.24
2026-01-29T15:00:36.914000+00:00,802,25800.0,-0.992276668548584,BUY,0.002,-0.992,+1.23,+3233.48,253233.48
2026-01-29T15:01:57.889002+00:00,803,25784.5,-0.9901093244552612,BUY,0.002,-0.990,+0.67,+3234.15,253234.15
2026-01-29T15:03:40.523008+00:00,804,25765.5,-0.9872804880142212,BUY,0.003,-0.987,+1.07,+3235.22,253235.22
2026-01-29T15:04:56.015002+00:00,805,25793.25,-0.9848377704620361,BUY,0.002,-0.985,-1.36,+3233.87,253233.87
2026-01-29T15:06:22.672000+00:00,806,25785.0,-0.9829355478286743,BUY,0.002,-0.983,+0.31,+3234.18,253234.18
2026-01-29T15:09:36.032019+00:00,807,25782.0,-0.9787190556526184,BUY,0.004,-0.979,+0.25,+3234.43,253234.43
2026-01-29T15:11:05.443000+00:00,808,25802.0,-0.9746336340904236,BUY,0.004,-0.975,-1.63,+3232.80,253232.80
2026-01-29T15:12:17.432010+00:00,809,25786.0,-0.9589359760284424,BUY,0.016,-0.959,+5.02,+3237.82,253237.82
2026-01-29T15:14:01.584000+00:00,810,25757.25,-0.9306492805480957,BUY,0.028,-0.931,+16.26,+3254.09,253254.09
2026-01-29T15:17:26.611001+00:00,811,25758.25,-0.9155944585800171,BUY,0.015,-0.916,-0.30,+3253.79,253253.79
2026-01-29T15:18:43.599030+00:00,812,25779.25,-0.8098177313804626,BUY,0.106,-0.810,-44.43,+3209.36,253209.36
2026-01-29T15:20:07.059010+00:00,813,25746.5,-0.6824280023574829,BUY,0.127,-0.682,+83.44,+3292.80,253292.80
2026-01-29T15:20:35.613000+00:00,814,25785.5,-0.7335798740386963,SELL,0.051,-0.734,+0.00,+3292.80,253292.80
2026-01-29T15:24:27.671001+00:00,815,25779.75,-0.7609154582023621,SELL,0.027,-0.761,+0.00,+3292.80,253292.80
2026-01-29T15:26:03.203000+00:00,816,25813.0,-0.822402834892273,SELL,0.061,-0.822,+0.00,+3292.80,253292.80
2026-01-29T15:27:24.483000+00:00,817,25782.5,-0.8098312616348267,BUY,0.013,-0.810,+7.67,+3300.47,253300.47
2026-01-29T15:28:08.808003+00:00,818,25744.75,-0.8587594032287598,SELL,0.049,-0.859,+0.00,+3300.47,253300.47
2026-01-29T15:31:48.610002+00:00,819,25713.25,-0.8775514364242554,SELL,0.019,-0.878,+0.00,+3300.47,253300.47
2026-01-29T15:35:07.186011+00:00,820,25681.0,-0.8860715627670288,SELL,0.009,-0.886,+0.00,+3300.47,253300.47
2026-01-29T15:36:33.856000+00:00,821,25667.0,-0.9074665904045105,SELL,0.021,-0.907,+0.00,+3300.47,253300.47
2026-01-29T15:38:17.298044+00:00,822,25656.5,-0.9144905209541321,SELL,0.007,-0.914,+0.00,+3300.47,253300.47
2026-01-29T15:40:04.095000+00:00,823,25637.0,-0.9166519045829773,SELL,0.002,-0.917,+0.00,+3300.47,253300.47
2026-01-29T15:43:24.921000+00:00,824,25617.25,-0.8729580044746399,BUY,0.044,-0.873,+17.26,+3317.73,253317.73
2026-01-29T15:49:25.788000+00:00,825,25603.25,-0.8750471472740173,SELL,0.002,-0.875,+0.00,+3317.73,253317.73
2026-01-29T15:51:53.651000+00:00,826,25564.25,-0.8750429153442383,BUY,0.000,-0.875,+0.00,+3317.73,253317.73
2026-01-29T15:55:59.848001+00:00,827,25576.0,-0.8760168552398682,SELL,0.001,-0.876,+0.00,+3317.73,253317.73
2026-01-29T15:57:41.172000+00:00,828,25614.5,-0.9060983657836914,SELL,0.030,-0.906,+0.00,+3317.73,253317.73
2026-01-29T15:59:00.061000+00:00,829,25579.5,-0.9124331474304199,SELL,0.006,-0.912,+0.00,+3317.73,253317.73
2026-01-29T16:02:35.449000+00:00,830,25556.0,-0.923204243183136,SELL,0.011,-0.923,+0.00,+3317.73,253317.73
2026-01-29T16:04:16.197000+00:00,831,25594.0,-0.9384785294532776,SELL,0.015,-0.938,+0.00,+3317.73,253317.73
2026-01-29T16:04:55.056001+00:00,832,25557.5,-0.9484238624572754,SELL,0.010,-0.948,+0.00,+3317.73,253317.73
2026-01-29T16:07:20.322001+00:00,833,25543.5,-0.9506566524505615,SELL,0.002,-0.951,+0.00,+3317.73,253317.73
2026-01-29T16:09:53.185003+00:00,834,25578.0,-0.9601330161094666,SELL,0.009,-0.960,+0.00,+3317.73,253317.73
2026-01-29T16:11:01.160000+00:00,835,25593.25,-0.9716120362281799,SELL,0.011,-0.972,+0.00,+3317.73,253317.73
2026-01-29T16:13:13.294023+00:00,836,25629.0,-0.9772799015045166,SELL,0.006,-0.977,+0.00,+3317.73,253317.73
2026-01-29T16:14:20.713000+00:00,837,25663.75,-0.9805433750152588,SELL,0.003,-0.981,+0.00,+3317.73,253317.73
2026-01-29T16:20:01.534000+00:00,838,25690.5,-0.9833936095237732,SELL,0.003,-0.983,+0.00,+3317.73,253317.73
2026-01-29T16:22:43.254001+00:00,839,25674.25,-0.9835734367370605,SELL,0.000,-0.984,+0.00,+3317.73,253317.73
2026-01-29T16:25:29.787000+00:00,840,25700.5,-0.9856315851211548,SELL,0.002,-0.986,+0.00,+3317.73,253317.73
2026-01-29T16:28:24.425002+00:00,841,25670.25,-0.9852671027183533,BUY,0.000,-0.985,+0.22,+3317.95,253317.95
2026-01-29T16:29:28.098000+00:00,842,25697.5,-0.9857485890388489,SELL,0.000,-0.986,+0.00,+3317.95,253317.95
2026-01-29T16:35:14.763001+00:00,843,25671.75,-0.9874362349510193,SELL,0.002,-0.987,+0.00,+3317.95,253317.95
2026-01-29T16:39:19.291000+00:00,844,25707.5,-0.9851837158203125,BUY,0.002,-0.985,-1.61,+3316.34,253316.34
2026-01-29T16:43:16.742030+00:00,845,25729.75,-0.98423171043396,BUY,0.001,-0.984,-0.42,+3315.92,253315.92
2026-01-29T16:53:41.580009+00:00,846,25699.75,-0.975243330001831,BUY,0.009,-0.975,+5.39,+3321.31,253321.31
2026-01-29T17:00:14.298000+00:00,847,25724.5,-0.9681715965270996,BUY,0.007,-0.968,-3.50,+3317.81,253317.81
2026-01-29T17:03:01.126001+00:00,848,25752.0,-0.9632792472839355,BUY,0.005,-0.963,-2.69,+3315.12,253315.12
2026-01-29T17:12:21.377000+00:00,849,25773.0,-0.9626731872558594,BUY,0.001,-0.963,-0.25,+3314.87,253314.87
2026-01-29T17:15:07.371000+00:00,850,25810.5,-0.9616151452064514,BUY,0.001,-0.962,-0.79,+3314.07,253314.07
2026-01-29T17:23:23.631016+00:00,851,25831.25,-0.9616973996162415,SELL,0.000,-0.962,+0.00,+3314.07,253314.07
2026-01-29T17:35:08.192045+00:00,852,25857.75,-0.9648116230964661,SELL,0.003,-0.965,+0.00,+3314.07,253314.07
2026-01-29T17:40:53.603000+00:00,853,25838.5,-0.9661916494369507,SELL,0.001,-0.966,+0.00,+3314.07,253314.07
2026-01-29T17:46:00.136000+00:00,854,25811.5,-0.9610341191291809,BUY,0.005,-0.961,+2.79,+3316.86,253316.86
2026-01-29T17:52:07.976000+00:00,855,25781.5,-0.9564710855484009,BUY,0.005,-0.956,+2.74,+3319.60,253319.60
2026-01-29T18:03:03.675000+00:00,856,25789.5,-0.9465412497520447,BUY,0.010,-0.947,-1.59,+3318.01,253318.01
2026-01-29T18:05:42.709000+00:00,857,25828.5,-0.9535984396934509,SELL,0.007,-0.954,+0.00,+3318.01,253318.01
2026-01-29T18:09:05.574000+00:00,858,25808.0,-0.942306399345398,BUY,0.011,-0.942,+4.63,+3322.64,253322.64
2026-01-29T18:11:48.293000+00:00,859,25843.25,-0.9275198578834534,BUY,0.015,-0.928,-10.42,+3312.21,253312.21
2026-01-29T18:19:38.535000+00:00,860,25821.0,-0.9003721475601196,BUY,0.027,-0.900,+12.08,+3324.29,253324.29
2026-01-29T18:37:02.014001+00:00,861,25854.0,-0.9007641077041626,SELL,0.000,-0.901,+0.00,+3324.29,253324.29
2026-01-29T18:46:10.018000+00:00,862,25851.5,-0.8710947036743164,BUY,0.030,-0.871,+1.48,+3325.78,253325.78
2026-01-29T18:59:43.765000+00:00,863,25838.75,-0.8519698977470398,BUY,0.019,-0.852,+4.88,+3330.65,253330.65
2026-01-29T19:05:36.020001+00:00,864,25860.0,-0.7963309288024902,BUY,0.056,-0.796,-23.65,+3307.01,253307.01
2026-01-29T19:30:45.748000+00:00,865,25858.5,-0.7678989171981812,BUY,0.028,-0.768,+0.85,+3307.86,253307.86
2026-01-29T20:06:41.080032+00:00,866,25874.0,-0.7775604724884033,SELL,0.010,-0.778,+0.00,+3307.86,253307.86
2026-01-29T20:37:39.980000+00:00,867,25886.5,-0.8094217777252197,SELL,0.032,-0.809,+0.00,+3307.86,253307.86
2026-01-29T20:43:25.003002+00:00,868,25924.25,-0.8286276459693909,SELL,0.019,-0.829,+0.00,+3307.86,253307.86
2026-01-29T20:50:04.593000+00:00,869,25952.0,-0.8761422038078308,SELL,0.048,-0.876,+0.00,+3307.86,253307.86
2026-01-29T20:54:50.008035+00:00,870,25985.25,-0.8888841271400452,SELL,0.013,-0.889,+0.00,+3307.86,253307.86
2026-01-29T20:58:00.244001+00:00,871,26016.0,-0.9038988351821899,SELL,0.015,-0.904,+0.00,+3307.86,253307.86
2026-01-29T20:59:55.743408+00:00,872,25980.0,-0.9046851992607117,SELL,0.001,-0.905,+0.00,+3307.86,253307.86
2026-01-29T21:00:05.974000+00:00,873,26012.25,-0.9246224164962769,SELL,0.020,-0.925,+0.00,+3307.86,253307.86
2026-01-29T21:05:44.385000+00:00,874,25980.0,-0.920747697353363,BUY,0.004,-0.921,+2.50,+3310.36,253310.36
2026-01-29T21:29:11.186007+00:00,875,25960.25,-0.9099957346916199,BUY,0.011,-0.910,+4.25,+3314.61,253314.61
2026-01-29T21:29:48.459004+00:00,876,25991.0,-0.9180179834365845,SELL,0.008,-0.918,+0.00,+3314.61,253314.61
2026-01-29T21:29:57.061015+00:00,877,25975.0,-0.9081541299819946,BUY,0.010,-0.908,+3.16,+3317.76,253317.76
2026-01-29T21:29:58.039001+00:00,878,26015.0,-0.9237864017486572,SELL,0.016,-0.924,+0.00,+3317.76,253317.76
2026-01-29T21:29:59.072010+00:00,879,25978.5,-0.9381003379821777,SELL,0.014,-0.938,+0.00,+3317.76,253317.76
2026-01-29T21:30:00.016010+00:00,880,26006.5,-0.9547796845436096,SELL,0.017,-0.955,+0.00,+3317.76,253317.76
2026-01-29T21:30:01.138008+00:00,881,26046.5,-0.9624507427215576,SELL,0.008,-0.962,+0.00,+3317.76,253317.76
2026-01-29T21:30:03.025000+00:00,882,26008.75,-0.951795756816864,BUY,0.011,-0.952,+8.04,+3325.81,253325.81
2026-01-29T21:30:03.804011+00:00,883,25968.75,-0.9121914505958557,BUY,0.040,-0.912,+31.68,+3357.49,253357.49
2026-01-29T21:30:03.806001+00:00,884,26008.75,-0.9362835884094238,SELL,0.024,-0.936,+0.00,+3357.49,253357.49
2026-01-29T21:30:11.180010+00:00,885,25983.25,-0.96136873960495,SELL,0.025,-0.961,+0.00,+3357.49,253357.49
2026-01-29T21:30:14.279000+00:00,886,26019.0,-0.9767752289772034,SELL,0.015,-0.977,+0.00,+3357.49,253357.49
2026-01-29T21:31:47.843000+00:00,887,26034.0,-0.9731094241142273,BUY,0.004,-0.973,-1.10,+3356.39,253356.39
2026-01-29T21:34:16.421006+00:00,888,25999.5,-0.9745442867279053,SELL,0.001,-0.975,+0.00,+3356.39,253356.39
2026-01-29T21:39:32.976000+00:00,889,26003.75,-0.9732930660247803,BUY,0.001,-0.973,-0.11,+3356.28,253356.28
2026-01-29T23:00:01.529000+00:00,890,26010.5,-0.9759904742240906,SELL,0.003,-0.976,+0.00,+3356.28,253356.28
2026-01-29T23:03:40.903002+00:00,891,25970.5,-0.9744202494621277,BUY,0.002,-0.974,+1.26,+3357.54,253357.54
2026-01-29T23:06:14.196019+00:00,892,25989.0,-0.9698255658149719,BUY,0.005,-0.970,-1.70,+3355.84,253355.84
2026-01-29T23:10:17.217000+00:00,893,25955.75,-0.9687222242355347,BUY,0.001,-0.969,+0.73,+3356.57,253356.57
2026-01-29T23:14:02.177004+00:00,894,25917.25,-0.9697880148887634,SELL,0.001,-0.970,+0.00,+3356.57,253356.57
2026-01-29T23:23:44.889000+00:00,895,25942.0,-0.9703807830810547,SELL,0.001,-0.970,+0.00,+3356.57,253356.57
2026-01-29T23:27:20.157000+00:00,896,25981.5,-0.9735216498374939,SELL,0.003,-0.974,+0.00,+3356.57,253356.57
2026-01-29T23:29:29.858000+00:00,897,25942.0,-0.9728997945785522,BUY,0.001,-0.973,+0.49,+3357.07,253357.07
2026-01-29T23:29:36.098000+00:00,898,25902.0,-0.9710284471511841,BUY,0.002,-0.971,+1.50,+3358.56,253358.56
2026-01-29T23:29:41.073000+00:00,899,25923.75,-0.9705348610877991,BUY,0.000,-0.971,-0.21,+3358.35,253358.35
2026-01-29T23:30:01.655000+00:00,900,25952.5,-0.9717692136764526,SELL,0.001,-0.972,+0.00,+3358.35,253358.35
2026-01-29T23:33:37.763000+00:00,901,25986.0,-0.9749786257743835,SELL,0.003,-0.975,+0.00,+3358.35,253358.35
2026-01-29T23:46:49.937000+00:00,902,25980.0,-0.9792804718017578,SELL,0.004,-0.979,+0.00,+3358.35,253358.35
2026-01-29T23:57:50.139003+00:00,903,25959.25,-0.9824337363243103,SELL,0.003,-0.982,+0.00,+3358.35,253358.35
2026-01-30T00:12:42.801000+00:00,904,25951.25,-0.9914682507514954,SELL,0.009,-0.991,+0.00,+3358.35,253358.35
2026-01-30T00:20:55.365003+00:00,905,25931.0,-0.9925515055656433,SELL,0.001,-0.993,+0.00,+3358.35,253358.35
2026-01-30T00:32:00.254001+00:00,906,25947.25,-0.9936743378639221,SELL,0.001,-0.994,+0.00,+3358.35,253358.35
2026-01-30T00:33:20.618029+00:00,907,25984.0,-0.9940875768661499,SELL,0.000,-0.994,+0.00,+3358.35,253358.35
2026-01-30T00:33:55.991009+00:00,908,25953.5,-0.9936016798019409,BUY,0.000,-0.994,+0.30,+3358.64,253358.64
2026-01-30T01:02:10.962000+00:00,909,25913.5,-0.9936183094978333,SELL,0.000,-0.994,+0.00,+3358.64,253358.64
2026-01-30T01:22:51.988000+00:00,910,25886.0,-0.9921321272850037,BUY,0.001,-0.992,+0.82,+3359.46,253359.46
2026-01-30T01:34:06.191000+00:00,911,25867.0,-0.9906619787216187,BUY,0.001,-0.991,+0.56,+3360.02,253360.02
2026-01-30T01:40:11.327000+00:00,912,25835.0,-0.9892776608467102,BUY,0.001,-0.989,+0.89,+3360.91,253360.91
2026-01-30T01:42:57.000002+00:00,913,25801.5,-0.9881772994995117,BUY,0.001,-0.988,+0.74,+3361.64,253361.64
2026-01-30T01:46:25.657001+00:00,914,25836.75,-0.986992359161377,BUY,0.001,-0.987,-0.84,+3360.81,253360.81
2026-01-30T01:54:35.888000+00:00,915,25865.25,-0.9853552579879761,BUY,0.002,-0.985,-0.93,+3359.87,253359.87
2026-01-30T02:05:51.248000+00:00,916,25826.25,-0.9789148569107056,BUY,0.006,-0.979,+5.02,+3364.90,253364.90
2026-01-30T02:07:47.365001+00:00,917,25864.75,-0.9733099937438965,BUY,0.006,-0.973,-4.32,+3360.58,253360.58
2026-01-30T02:11:28.619000+00:00,918,25825.75,-0.9635370969772339,BUY,0.010,-0.964,+7.62,+3368.21,253368.21
2026-01-30T02:19:57.430000+00:00,919,25805.0,-0.9512261152267456,BUY,0.012,-0.951,+5.11,+3373.31,253373.31
2026-01-30T02:21:21.941009+00:00,920,25765.75,-0.9374231100082397,BUY,0.014,-0.937,+10.84,+3384.15,253384.15
2026-01-30T02:26:30.676004+00:00,921,25761.0,-0.9252595901489258,BUY,0.012,-0.925,+1.16,+3385.31,253385.31
2026-01-30T02:30:20.717016+00:00,922,25742.0,-0.8909735083580017,BUY,0.034,-0.891,+13.03,+3398.33,253398.33
2026-01-30T02:35:46.130002+00:00,923,25776.0,-0.8424035310745239,BUY,0.049,-0.842,-33.03,+3365.31,253365.31
2026-01-30T02:51:32.299000+00:00,924,25809.5,-0.8465654253959656,SELL,0.004,-0.847,+0.00,+3365.31,253365.31
2026-01-30T03:00:00.950002+00:00,925,25848.5,-0.845196008682251,BUY,0.001,-0.845,-1.07,+3364.24,253364.24
2026-01-30T03:07:05.657000+00:00,926,25880.0,-0.8383126854896545,BUY,0.007,-0.838,-4.34,+3359.90,253359.90
2026-01-30T03:15:18.953007+00:00,927,25848.0,-0.7967523336410522,BUY,0.042,-0.797,+26.60,+3386.50,253386.50
2026-01-30T03:23:46.597000+00:00,928,25832.25,-0.7460246682167053,BUY,0.051,-0.746,+15.98,+3402.48,253402.48
2026-01-30T03:31:10.596000+00:00,929,25867.75,-0.6241774559020996,BUY,0.122,-0.624,-86.51,+3315.97,253315.97
2026-01-30T04:11:30.344000+00:00,930,25883.5,-0.405914306640625,BUY,0.218,-0.406,-68.75,+3247.22,253247.22
2026-01-30T04:57:43.208000+00:00,931,25856.0,-0.6543912887573242,SELL,0.248,-0.654,+0.00,+3247.22,253247.22
2026-01-30T05:44:45.002000+00:00,932,25846.75,-0.8244572877883911,SELL,0.170,-0.824,+0.00,+3247.22,253247.22
2026-01-30T06:03:29.756001+00:00,933,25822.0,-0.8177622556686401,BUY,0.007,-0.818,+3.31,+3250.53,253250.53
2026-01-30T06:18:14.103000+00:00,934,25787.0,-0.7172988057136536,BUY,0.100,-0.717,+70.32,+3320.85,253320.85
2026-01-30T06:28:10.238000+00:00,935,25765.0,-0.47532907128334045,BUY,0.242,-0.475,+106.47,+3427.32,253427.32
2026-01-30T06:30:36.672003+00:00,936,25796.75,-0.5211964845657349,SELL,0.046,-0.521,+0.00,+3427.32,253427.32
2026-01-30T06:38:29.038000+00:00,937,25810.5,-0.23542055487632751,BUY,0.286,-0.235,-78.59,+3348.73,253348.73
2026-01-30T06:45:48.564000+00:00,938,25773.75,0.026997825130820274,BUY,0.262,0.027,+173.03,+3521.77,253521.77
2026-01-30T06:57:20.712001+00:00,939,25756.5,-0.25424709916114807,SELL,0.281,-0.254,-9.31,+3512.45,253512.45
2026-01-30T07:06:44.072001+00:00,940,25777.25,-0.6287612318992615,SELL,0.375,-0.629,+0.00,+3512.45,253512.45
2026-01-30T07:25:27.364000+00:00,941,25764.0,-0.8067078590393066,SELL,0.178,-0.807,+0.00,+3512.45,253512.45
2026-01-30T07:37:52.031000+00:00,942,25740.0,-0.8324921727180481,SELL,0.026,-0.832,+0.00,+3512.45,253512.45
2026-01-30T07:59:58.798000+00:00,943,25705.75,-0.8798896670341492,SELL,0.047,-0.880,+0.00,+3512.45,253512.45
2026-01-30T08:04:58.666000+00:00,944,25726.25,-0.9215676784515381,SELL,0.042,-0.922,+0.00,+3512.45,253512.45
2026-01-30T08:08:15.701004+00:00,945,25694.25,-0.9199072122573853,BUY,0.002,-0.920,+1.06,+3513.51,253513.51
2026-01-30T08:11:21.662001+00:00,946,25722.0,-0.9372063875198364,SELL,0.017,-0.937,+0.00,+3513.51,253513.51
2026-01-30T08:21:31.239000+00:00,947,25758.0,-0.9282981157302856,BUY,0.009,-0.928,-6.41,+3507.10,253507.10
2026-01-30T08:31:08.485000+00:00,948,25730.0,-0.933269202709198,SELL,0.005,-0.933,+0.00,+3507.10,253507.10
2026-01-30T08:34:31.108000+00:00,949,25695.25,-0.9258049130439758,BUY,0.007,-0.926,+5.19,+3512.29,253512.29
2026-01-30T08:47:04.110000+00:00,950,25732.0,-0.9346742630004883,SELL,0.009,-0.935,+0.00,+3512.29,253512.29
2026-01-30T08:54:28.273003+00:00,951,25770.75,-0.9545003175735474,SELL,0.020,-0.955,+0.00,+3512.29,253512.29
2026-01-30T09:03:01.270001+00:00,952,25752.5,-0.9657745361328125,SELL,0.011,-0.966,+0.00,+3512.29,253512.29
2026-01-30T09:09:05.191000+00:00,953,25746.5,-0.9725301861763,SELL,0.007,-0.973,+0.00,+3512.29,253512.29
2026-01-30T09:13:37.687000+00:00,954,25714.0,-0.9646729230880737,BUY,0.008,-0.965,+5.11,+3517.40,253517.40
2026-01-30T09:26:01.761000+00:00,955,25691.25,-0.9601151943206787,BUY,0.005,-0.960,+2.07,+3519.47,253519.47
2026-01-30T09:37:30.304000+00:00,956,25728.75,-0.9556066989898682,BUY,0.005,-0.956,-3.38,+3516.09,253516.09
2026-01-30T09:45:31.030000+00:00,957,25690.5,-0.9627799391746521,SELL,0.007,-0.963,+0.00,+3516.09,253516.09
2026-01-30T09:51:17.434000+00:00,958,25652.25,-0.9617613554000854,BUY,0.001,-0.962,+0.78,+3516.87,253516.87
2026-01-30T09:55:19.001000+00:00,959,25689.75,-0.9631288647651672,SELL,0.001,-0.963,+0.00,+3516.87,253516.87
2026-01-30T10:01:19.212000+00:00,960,25726.25,-0.9695913791656494,SELL,0.006,-0.970,+0.00,+3516.87,253516.87
2026-01-30T10:24:13.989000+00:00,961,25748.0,-0.9673811197280884,BUY,0.002,-0.967,-0.96,+3515.91,253515.91
2026-01-30T10:34:02.180000+00:00,962,25756.5,-0.9585265517234802,BUY,0.009,-0.959,-1.51,+3514.40,253514.40
2026-01-30T11:03:24.667002+00:00,963,25794.0,-0.9619817137718201,SELL,0.003,-0.962,+0.00,+3514.40,253514.40
2026-01-30T11:24:48.245000+00:00,964,25818.25,-0.9646281003952026,SELL,0.003,-0.965,+0.00,+3514.40,253514.40
2026-01-30T11:49:18.636023+00:00,965,25805.25,-0.9703502058982849,SELL,0.006,-0.970,+0.00,+3514.40,253514.40
2026-01-30T11:50:13.148000+00:00,966,25828.0,-0.981381356716156,SELL,0.011,-0.981,+0.00,+3514.40,253514.40
2026-01-30T11:53:31.273085+00:00,967,25863.75,-0.984561026096344,SELL,0.003,-0.985,+0.00,+3514.40,253514.40
2026-01-30T12:01:07.589006+00:00,968,25893.0,-0.987842857837677,SELL,0.003,-0.988,+0.00,+3514.40,253514.40
2026-01-30T12:09:52.931010+00:00,969,25865.25,-0.9877109527587891,BUY,0.000,-0.988,+0.07,+3514.47,253514.47
2026-01-30T12:36:32.072003+00:00,970,25894.5,-0.9884522557258606,SELL,0.001,-0.988,+0.00,+3514.47,253514.47
2026-01-30T12:44:49.124002+00:00,971,25854.5,-0.9836952090263367,BUY,0.005,-0.984,+3.81,+3518.28,253518.28
2026-01-30T12:51:48.154007+00:00,972,25830.75,-0.9784388542175293,BUY,0.005,-0.978,+2.50,+3520.78,253520.78
2026-01-30T13:03:18.585001+00:00,973,25861.75,-0.9726095199584961,BUY,0.006,-0.973,-3.61,+3517.16,253517.16
2026-01-30T13:24:33.624000+00:00,974,25845.75,-0.9616662263870239,BUY,0.011,-0.962,+3.50,+3520.66,253520.66
2026-01-30T13:29:52.385014+00:00,975,25870.5,-0.9501614570617676,BUY,0.012,-0.950,-5.69,+3514.97,253514.97
2026-01-30T13:29:54.687008+00:00,976,25847.5,-0.9331684708595276,BUY,0.017,-0.933,+7.82,+3522.79,253522.79
2026-01-30T13:29:59.873006+00:00,977,25875.5,-0.9053386449813843,BUY,0.028,-0.905,-15.58,+3507.20,253507.20
2026-01-30T13:30:00.891003+00:00,978,25835.5,-0.9058308601379395,SELL,0.000,-0.906,+0.00,+3507.20,253507.20
2026-01-30T13:30:01.102006+00:00,979,25803.5,-0.899638295173645,BUY,0.006,-0.900,+3.96,+3511.16,253511.16
2026-01-30T13:30:06.133000+00:00,980,25834.5,-0.8623888492584229,BUY,0.037,-0.862,-23.09,+3488.07,253488.07
2026-01-30T13:30:08.973006+00:00,981,25798.75,-0.8175411224365234,BUY,0.045,-0.818,+32.07,+3520.14,253520.14
2026-01-30T13:30:09.053017+00:00,982,25775.0,-0.5951284170150757,BUY,0.222,-0.595,+105.65,+3625.78,253625.78
2026-01-30T13:30:09.057000+00:00,983,25807.5,0.05294528976082802,BUY,0.648,0.053,-386.83,+3238.95,253238.95
2026-01-30T13:30:09.064000+00:00,984,25767.5,0.6436498761177063,BUY,0.591,0.644,+0.00,+3238.95,253238.95
2026-01-30T13:30:09.064017+00:00,985,25805.0,0.6829429864883423,BUY,0.039,0.683,+0.00,+3238.95,253238.95
2026-01-30T13:30:09.066006+00:00,986,25765.0,0.8022380471229553,BUY,0.119,0.802,+0.00,+3238.95,253238.95
2026-01-30T13:30:09.091000+00:00,987,25799.0,0.8629427552223206,BUY,0.061,0.863,+0.00,+3238.95,253238.95
2026-01-30T13:30:10.347000+00:00,988,25818.25,0.8457934260368347,SELL,0.017,0.846,+6.60,+3245.55,253245.55
2026-01-30T13:30:12.727000+00:00,989,25783.75,0.9039843082427979,BUY,0.058,0.904,+0.00,+3245.55,253245.55
2026-01-30T13:30:48.216000+00:00,990,25823.75,0.9246996641159058,BUY,0.021,0.925,+0.00,+3245.55,253245.55
2026-01-30T13:31:52.292000+00:00,991,25786.5,0.8599161505699158,SELL,0.065,0.860,-48.26,+3197.29,253197.29
2026-01-30T13:35:16.363000+00:00,992,25822.25,0.5945563316345215,SELL,0.265,0.595,+189.73,+3387.02,253387.02
2026-01-30T13:44:39.182001+00:00,993,25832.25,0.33846426010131836,SELL,0.256,0.338,+51.22,+3438.24,253438.24
2026-01-30T13:53:49.018000+00:00,994,25813.25,0.17004063725471497,SELL,0.168,0.170,-64.00,+3374.24,253374.24
2026-01-30T14:04:32.141001+00:00,995,25810.0,-0.1097349002957344,SELL,0.280,-0.110,-11.05,+3363.18,253363.18
2026-01-30T14:28:01.049000+00:00,996,25807.0,-0.3216802775859833,SELL,0.212,-0.322,+0.00,+3363.18,253363.18
2026-01-30T14:30:01.684000+00:00,997,25845.5,-0.45282867550849915,SELL,0.131,-0.453,+0.00,+3363.18,253363.18
2026-01-30T14:30:29.897009+00:00,998,25876.75,-0.6036587953567505,SELL,0.151,-0.604,+0.00,+3363.18,253363.18
2026-01-30T14:30:41.216000+00:00,999,25911.75,-0.7679306864738464,SELL,0.164,-0.768,+0.00,+3363.18,253363.18
2026-01-30T14:31:02.683000+00:00,1000,25878.0,-0.7647919058799744,BUY,0.003,-0.765,+2.12,+3365.30,253365.30
2026-01-30T14:31:23.765000+00:00,1001,25839.5,-0.8007872700691223,SELL,0.036,-0.801,+0.00,+3365.30,253365.30
2026-01-30T14:32:02.227000+00:00,1002,25822.0,-0.8515788912773132,SELL,0.051,-0.852,+0.00,+3365.30,253365.30
2026-01-30T14:32:33.679000+00:00,1003,25853.5,-0.880786657333374,SELL,0.029,-0.881,+0.00,+3365.30,253365.30
2026-01-30T14:33:19.622000+00:00,1004,25822.75,-0.905236005783081,SELL,0.024,-0.905,+0.00,+3365.30,253365.30
2026-01-30T14:33:46.622005+00:00,1005,25859.25,-0.9160195589065552,SELL,0.011,-0.916,+0.00,+3365.30,253365.30
2026-01-30T14:34:11.817011+00:00,1006,25893.0,-0.9304748177528381,SELL,0.014,-0.930,+0.00,+3365.30,253365.30
2026-01-30T14:37:04.843021+00:00,1007,25863.5,-0.9339408874511719,SELL,0.003,-0.934,+0.00,+3365.30,253365.30
2026-01-30T14:38:04.549001+00:00,1008,25874.5,-0.9349120259284973,SELL,0.001,-0.935,+0.00,+3365.30,253365.30
2026-01-30T14:39:29.111000+00:00,1009,25909.75,-0.9354282021522522,SELL,0.001,-0.935,+0.00,+3365.30,253365.30
2026-01-30T14:42:43.414029+00:00,1010,25900.0,-0.9363051056861877,SELL,0.001,-0.936,+0.00,+3365.30,253365.30
2026-01-30T14:44:23.148001+00:00,1011,25873.5,-0.9396433234214783,SELL,0.003,-0.940,+0.00,+3365.30,253365.30
2026-01-30T14:46:24.041004+00:00,1012,25850.0,-0.9434552788734436,SELL,0.004,-0.943,+0.00,+3365.30,253365.30
2026-01-30T14:47:28.761000+00:00,1013,25878.25,-0.9484927654266357,SELL,0.005,-0.948,+0.00,+3365.30,253365.30
2026-01-30T14:49:37.368000+00:00,1014,25897.5,-0.9457492232322693,BUY,0.003,-0.946,-1.06,+3364.25,253364.25
2026-01-30T14:50:21.280002+00:00,1015,25921.25,-0.9567192792892456,SELL,0.011,-0.957,+0.00,+3364.25,253364.25
2026-01-30T14:52:59.331000+00:00,1016,25889.0,-0.9659528732299805,SELL,0.009,-0.966,+0.00,+3364.25,253364.25
2026-01-30T14:55:50.429000+00:00,1017,25897.25,-0.9778577089309692,SELL,0.012,-0.978,+0.00,+3364.25,253364.25
2026-01-30T14:56:49.827000+00:00,1018,25904.25,-0.9671730995178223,BUY,0.011,-0.967,-1.50,+3362.75,253362.75
2026-01-30T14:58:05.626000+00:00,1019,25868.0,-0.957549512386322,BUY,0.010,-0.958,+6.98,+3369.73,253369.73
2026-01-30T14:58:57.101004+00:00,1020,25841.0,-0.9477725625038147,BUY,0.010,-0.948,+5.28,+3375.01,253375.01
2026-01-30T14:59:49.939001+00:00,1021,25807.5,-0.9492605328559875,SELL,0.001,-0.949,+0.00,+3375.01,253375.01
2026-01-30T15:00:04.420083+00:00,1022,25846.25,-0.9495419263839722,SELL,0.000,-0.950,+0.00,+3375.01,253375.01
2026-01-30T15:02:00.257007+00:00,1023,25860.0,-0.9551874995231628,SELL,0.006,-0.955,+0.00,+3375.01,253375.01
2026-01-30T15:02:34.709001+00:00,1024,25834.0,-0.9661809206008911,SELL,0.011,-0.966,+0.00,+3375.01,253375.01
2026-01-30T15:05:30.391000+00:00,1025,25850.25,-0.969227135181427,SELL,0.003,-0.969,+0.00,+3375.01,253375.01
2026-01-30T15:06:51.804000+00:00,1026,25883.5,-0.9725678563117981,SELL,0.003,-0.973,+0.00,+3375.01,253375.01
2026-01-30T15:11:06.585000+00:00,1027,25866.0,-0.9732003211975098,SELL,0.001,-0.973,+0.00,+3375.01,253375.01
2026-01-30T15:11:35.125000+00:00,1028,25897.0,-0.9757122993469238,SELL,0.003,-0.976,+0.00,+3375.01,253375.01
2026-01-30T15:14:15.689049+00:00,1029,25885.5,-0.9750773906707764,BUY,0.001,-0.975,+0.15,+3375.15,253375.15
2026-01-30T15:16:23.065001+00:00,1030,25917.0,-0.9812086224555969,SELL,0.006,-0.981,+0.00,+3375.15,253375.15
2026-01-30T15:20:08.791013+00:00,1031,25879.25,-0.9846702218055725,SELL,0.003,-0.985,+0.00,+3375.15,253375.15
2026-01-30T15:21:37+00:00,1032,25871.5,-0.9850494861602783,SELL,0.000,-0.985,+0.00,+3375.15,253375.15
2026-01-30T15:26:08.694018+00:00,1033,25844.75,-0.9839705228805542,BUY,0.001,-0.984,+0.58,+3375.73,253375.73
2026-01-30T15:29:16.072004+00:00,1034,25810.75,-0.9853153824806213,SELL,0.001,-0.985,+0.00,+3375.73,253375.73
2026-01-30T15:30:06.635000+00:00,1035,25776.25,-0.9817953109741211,BUY,0.004,-0.982,+2.43,+3378.16,253378.16
2026-01-30T15:35:02.185002+00:00,1036,25810.75,-0.9826172590255737,SELL,0.001,-0.983,+0.00,+3378.16,253378.16
2026-01-30T15:35:29.538007+00:00,1037,25850.5,-0.9825723171234131,BUY,0.000,-0.983,-0.04,+3378.12,253378.12
2026-01-30T15:36:00.238000+00:00,1038,25890.5,-0.981287956237793,BUY,0.001,-0.981,-1.03,+3377.10,253377.10
2026-01-30T15:36:35.971000+00:00,1039,25851.5,-0.9775882959365845,BUY,0.004,-0.978,+2.89,+3379.98,253379.98
2026-01-30T15:38:38.765000+00:00,1040,25872.75,-0.9768228530883789,BUY,0.001,-0.977,-0.33,+3379.66,253379.66
2026-01-30T15:42:45.001003+00:00,1041,25909.25,-0.9791738390922546,SELL,0.002,-0.979,+0.00,+3379.66,253379.66
2026-01-30T15:46:44.694036+00:00,1042,25922.75,-0.9773560762405396,BUY,0.002,-0.977,-0.49,+3379.17,253379.17
2026-01-30T15:50:50.027000+00:00,1043,25894.0,-0.9698479175567627,BUY,0.008,-0.970,+4.32,+3383.48,253383.48
2026-01-30T15:53:08.500000+00:00,1044,25871.5,-0.9606884121894836,BUY,0.009,-0.961,+4.12,+3387.60,253387.60
2026-01-30T15:57:04.823000+00:00,1045,25833.0,-0.951242208480835,BUY,0.009,-0.951,+7.27,+3394.88,253394.88
2026-01-30T16:06:35.851003+00:00,1046,25862.25,-0.9484806656837463,BUY,0.003,-0.948,-1.62,+3393.26,253393.26
2026-01-30T16:09:36.086002+00:00,1047,25829.0,-0.9397575855255127,BUY,0.009,-0.940,+5.80,+3399.06,253399.06
2026-01-30T16:15:35.019006+00:00,1048,25810.75,-0.914150595664978,BUY,0.026,-0.914,+9.35,+3408.41,253408.41
2026-01-30T16:18:08.240000+00:00,1049,25784.25,-0.8397032618522644,BUY,0.074,-0.840,+39.46,+3447.87,253447.87
2026-01-30T16:21:16.718019+00:00,1050,25762.75,-0.732093870639801,BUY,0.108,-0.732,+46.27,+3494.14,253494.14
2026-01-30T16:26:05.834002+00:00,1051,25793.25,-0.6607262492179871,BUY,0.071,-0.661,-43.53,+3450.60,253450.60
2026-01-30T16:29:12.188000+00:00,1052,25807.5,-0.3138870298862457,BUY,0.347,-0.314,-98.85,+3351.76,253351.76
2026-01-30T16:33:12.965012+00:00,1053,25824.0,0.1177167072892189,BUY,0.432,0.118,-103.58,+3248.17,253248.17
2026-01-30T16:34:56.642000+00:00,1054,25789.25,0.7623887658119202,BUY,0.645,0.762,+0.00,+3248.17,253248.17
2026-01-30T16:37:40.295000+00:00,1055,25824.0,0.918137788772583,BUY,0.156,0.918,+0.00,+3248.17,253248.17
2026-01-30T16:44:04.786000+00:00,1056,25847.0,0.9748884439468384,BUY,0.057,0.975,+0.00,+3248.17,253248.17
2026-01-30T16:45:47.907001+00:00,1057,25820.0,0.989870548248291,BUY,0.015,0.990,+0.00,+3248.17,253248.17
2026-01-30T16:49:27.787000+00:00,1058,25792.75,0.9980880618095398,BUY,0.008,0.998,+0.00,+3248.17,253248.17
2026-01-30T16:53:15.044000+00:00,1059,25806.75,0.9992431402206421,BUY,0.001,0.999,+0.00,+3248.17,253248.17
2026-01-30T16:57:58.112000+00:00,1060,25768.0,0.9997633099555969,BUY,0.001,1.000,+0.00,+3248.17,253248.17
2026-01-30T17:02:56.581012+00:00,1061,25729.0,0.99989253282547,BUY,0.000,1.000,+0.00,+3248.17,253248.17
2026-01-30T17:06:58.339004+00:00,1062,25698.5,0.9999512434005737,BUY,0.000,1.000,+0.00,+3248.17,253248.17
2026-01-30T17:20:07.787005+00:00,1063,25726.0,0.9999610185623169,BUY,0.000,1.000,+0.00,+3248.17,253248.17
2026-01-30T17:22:09.042000+00:00,1064,25745.5,0.9999743700027466,BUY,0.000,1.000,+0.00,+3248.17,253248.17
2026-01-30T17:26:32.989000+00:00,1065,25781.75,0.9999838471412659,BUY,0.000,1.000,+0.00,+3248.17,253248.17
2026-01-30T17:31:03.437003+00:00,1066,25795.75,0.9999858140945435,BUY,0.000,1.000,+0.00,+3248.17,253248.17
2026-01-30T17:33:43.036000+00:00,1067,25755.75,0.9999911189079285,BUY,0.000,1.000,+0.00,+3248.17,253248.17
2026-01-30T17:35:08.891000+00:00,1068,25720.75,0.9999950528144836,BUY,0.000,1.000,+0.00,+3248.17,253248.17
2026-01-30T17:36:59.769003+00:00,1069,25740.25,0.9999961853027344,BUY,0.000,1.000,+0.00,+3248.17,253248.17
2026-01-30T17:45:19.254003+00:00,1071,25747.5,0.9999929666519165,SELL,0.000,1.000,+0.00,+3248.17,253248.17
2026-01-30T17:47:53.640000+00:00,1072,25733.25,0.9999847412109375,SELL,0.000,1.000,-0.00,+3248.17,253248.17
2026-01-30T17:52:58.735000+00:00,1073,25712.5,0.9999690651893616,SELL,0.000,1.000,-0.01,+3248.16,253248.16
2026-01-30T17:58:27.646000+00:00,1074,25696.0,0.9999497532844543,SELL,0.000,1.000,-0.01,+3248.16,253248.16
2026-01-30T18:06:18.282001+00:00,1075,25705.0,0.9999014139175415,SELL,0.000,1.000,+0.01,+3248.17,253248.17
2026-01-30T18:10:23.632000+00:00,1076,25675.25,0.9997767210006714,SELL,0.000,1.000,-0.07,+3248.09,253248.09
2026-01-30T18:16:01.059005+00:00,1077,25644.5,0.9995735883712769,SELL,0.000,1.000,-0.12,+3247.97,253247.97
2026-01-30T18:20:02.552003+00:00,1078,25614.25,0.9991291761398315,SELL,0.000,0.999,-0.27,+3247.70,253247.70
2026-01-30T18:21:14.281000+00:00,1079,25589.0,0.9980637431144714,SELL,0.001,0.998,-0.54,+3247.16,253247.16
2026-01-30T18:23:32.920000+00:00,1080,25608.75,0.9943315982818604,SELL,0.004,0.994,+1.47,+3248.64,253248.64
2026-01-30T18:25:15.173001+00:00,1081,25634.75,0.981116771697998,SELL,0.013,0.981,+6.87,+3255.51,253255.51
2026-01-30T18:27:59.123028+00:00,1082,25664.5,0.9223583936691284,SELL,0.059,0.922,+34.96,+3290.47,253290.47
2026-01-30T18:30:01.918000+00:00,1083,25682.25,0.6870040893554688,SELL,0.235,0.687,+83.55,+3374.02,253374.02
2026-01-30T18:31:47.623001+00:00,1084,25642.75,0.009337821044027805,SELL,0.678,0.009,-535.36,+2838.66,252838.66
2026-01-30T18:34:10.366000+00:00,1085,25611.5,-0.26336926221847534,SELL,0.273,-0.263,-5.84,+2832.83,252832.83
2026-01-30T18:37:44.121000+00:00,1086,25637.75,-0.6198378801345825,SELL,0.356,-0.620,+0.00,+2832.83,252832.83
2026-01-30T18:45:28.243000+00:00,1087,25649.25,-0.7941105961799622,SELL,0.174,-0.794,+0.00,+2832.83,252832.83
2026-01-30T18:50:05.315000+00:00,1088,25681.25,-0.8792426586151123,SELL,0.085,-0.879,+0.00,+2832.83,252832.83
2026-01-30T18:53:18.478002+00:00,1089,25670.75,-0.9166088104248047,SELL,0.037,-0.917,+0.00,+2832.83,252832.83
2026-01-30T18:53:57.544000+00:00,1090,25710.75,-0.940555214881897,SELL,0.024,-0.941,+0.00,+2832.83,252832.83
2026-01-30T18:58:46.563000+00:00,1091,25743.0,-0.9600111246109009,SELL,0.019,-0.960,+0.00,+2832.83,252832.83
2026-01-30T19:02:52.791002+00:00,1092,25731.75,-0.9618391394615173,SELL,0.002,-0.962,+0.00,+2832.83,252832.83
2026-01-30T19:06:01.249000+00:00,1093,25769.5,-0.960771381855011,BUY,0.001,-0.961,-0.81,+2832.02,252832.02
2026-01-30T19:12:56.269000+00:00,1094,25741.25,-0.951984167098999,BUY,0.009,-0.952,+4.96,+2836.98,252836.98
2026-01-30T19:29:47.901000+00:00,1095,25723.0,-0.9493924975395203,BUY,0.003,-0.949,+0.95,+2837.93,252837.93
2026-01-30T19:30:48.452000+00:00,1096,25695.0,-0.9410654306411743,BUY,0.008,-0.941,+4.66,+2842.59,252842.59
2026-01-30T19:31:28.355021+00:00,1097,25712.5,-0.9393426179885864,BUY,0.002,-0.939,-0.60,+2841.99,252841.99
2026-01-30T19:34:29.375000+00:00,1098,25737.5,-0.9418317675590515,SELL,0.002,-0.942,+0.00,+2841.99,252841.99
2026-01-30T19:44:48.834000+00:00,1099,25698.0,-0.9303178191184998,BUY,0.012,-0.930,+9.10,+2851.09,252851.09
2026-01-30T19:53:08.374065+00:00,1100,25701.75,-0.9282261729240417,BUY,0.002,-0.928,-0.16,+2850.93,252850.93
2026-01-30T19:57:59.681002+00:00,1101,25684.25,-0.9128459095954895,BUY,0.015,-0.913,+5.38,+2856.31,252856.31
2026-01-30T19:59:54.106000+00:00,1102,25653.5,-0.9000833034515381,BUY,0.013,-0.900,+7.85,+2864.16,252864.16
2026-01-30T20:06:04.143000+00:00,1103,25642.75,-0.8893299102783203,BUY,0.011,-0.889,+2.31,+2866.47,252866.47
2026-01-30T20:15:15.930000+00:00,1104,25605.5,-0.8824018239974976,BUY,0.007,-0.882,+5.16,+2871.64,252871.64
2026-01-30T20:22:02.487000+00:00,1105,25574.0,-0.8513997793197632,BUY,0.031,-0.851,+19.53,+2891.17,252891.17
2026-01-30T20:25:16.771039+00:00,1106,25611.5,-0.8731709122657776,SELL,0.022,-0.873,+0.00,+2891.17,252891.17
2026-01-30T20:28:11.116000+00:00,1107,25571.5,-0.8748977780342102,SELL,0.002,-0.875,+0.00,+2891.17,252891.17
2026-01-30T20:30:05.008000+00:00,1108,25611.25,-0.9032067656517029,SELL,0.028,-0.903,+0.00,+2891.17,252891.17
2026-01-30T20:35:22.306000+00:00,1109,25640.5,-0.9146053791046143,SELL,0.011,-0.915,+0.00,+2891.17,252891.17
2026-01-30T20:37:44.220000+00:00,1110,25607.5,-0.9187823534011841,SELL,0.004,-0.919,+0.00,+2891.17,252891.17
2026-01-30T20:41:47.221000+00:00,1111,25639.0,-0.9036272764205933,BUY,0.015,-0.904,-9.55,+2881.62,252881.62
2026-01-30T20:45:21.585002+00:00,1112,25665.75,-0.895513653755188,BUY,0.008,-0.896,-4.34,+2877.28,252877.28
2026-01-30T20:48:26.639000+00:00,1113,25701.5,-0.8962850570678711,SELL,0.001,-0.896,+0.00,+2877.28,252877.28
2026-01-30T20:52:03.157000+00:00,1114,25691.5,-0.8934988379478455,BUY,0.003,-0.893,+0.56,+2877.84,252877.84
2026-01-30T20:53:36.671001+00:00,1115,25655.0,-0.8485304713249207,BUY,0.045,-0.849,+32.83,+2910.66,252910.66
2026-01-30T20:55:46.051003+00:00,1116,25665.0,-0.8282089829444885,BUY,0.020,-0.828,-4.06,+2906.60,252906.60
2026-01-30T21:00:01.569000+00:00,1117,25691.0,-0.8577806949615479,SELL,0.030,-0.858,+0.00,+2906.60,252906.60
2026-01-30T21:00:57.446000+00:00,1118,25667.0,-0.8091325759887695,BUY,0.049,-0.809,+23.35,+2929.95,252929.95
2026-01-30T21:08:33.574002+00:00,1119,25628.75,-0.7208120822906494,BUY,0.088,-0.721,+67.57,+2997.51,252997.51
2026-01-30T21:22:29.190013+00:00,1120,25665.5,-0.7212044596672058,SELL,0.000,-0.721,+0.00,+2997.51,252997.51
2026-01-30T21:37:43.949000+00:00,1121,25636.25,-0.7052476406097412,BUY,0.016,-0.705,+9.33,+3006.85,253006.85
2026-02-01T23:00:00+00:00,1122,25596.25,-0.6868661046028137,BUY,0.018,-0.687,+14.71,+3021.55,253021.55
2026-02-01T23:00:00.000001+00:00,1123,25556.25,-0.6610463261604309,BUY,0.026,-0.661,+20.66,+3042.21,253042.21
2026-02-01T23:00:00.121005+00:00,1124,25516.25,-0.5931282043457031,BUY,0.068,-0.593,+54.33,+3096.54,253096.54
2026-02-01T23:01:16.675001+00:00,1125,25496.25,-0.424221009016037,BUY,0.169,-0.424,+67.56,+3164.11,253164.11
2026-02-01T23:02:02.511000+00:00,1126,25457.75,-0.3878529369831085,BUY,0.036,-0.388,+28.00,+3192.11,253192.11
2026-02-01T23:03:03.500000+00:00,1127,25472.5,-0.47897154092788696,SELL,0.091,-0.479,+0.00,+3192.11,253192.11
2026-02-01T23:06:37.110000+00:00,1128,25456.75,-0.3233920931816101,BUY,0.156,-0.323,+49.01,+3241.12,253241.12
2026-02-01T23:09:31.729003+00:00,1129,25434.0,-0.29641833901405334,BUY,0.027,-0.296,+12.27,+3253.39,253253.39
2026-02-01T23:13:04.017000+00:00,1130,25441.75,-0.17604662477970123,BUY,0.120,-0.176,-18.66,+3234.73,253234.73
2026-02-01T23:19:14.079000+00:00,1131,25424.75,-0.09142906963825226,BUY,0.085,-0.091,+28.77,+3263.50,253263.50
2026-02-01T23:27:44.252001+00:00,1132,25405.0,-0.043773069977760315,BUY,0.048,-0.044,+18.82,+3282.33,253282.33
2026-02-01T23:28:36.581000+00:00,1133,25413.75,-0.029662249609827995,BUY,0.014,-0.030,-2.47,+3279.86,253279.86
2026-02-01T23:31:18.062000+00:00,1134,25450.0,-0.015811355784535408,BUY,0.014,-0.016,-10.04,+3269.82,253269.82
2026-02-01T23:33:56.626000+00:00,1135,25487.5,-0.019613180309534073,SELL,0.004,-0.020,+0.00,+3269.82,253269.82
2026-02-01T23:36:06.072034+00:00,1136,25521.75,-0.02092655375599861,SELL,0.001,-0.021,+0.00,+3269.82,253269.82
2026-02-01T23:44:04.530001+00:00,1137,25544.75,-0.05424173176288605,SELL,0.033,-0.054,+0.00,+3269.82,253269.82
2026-02-01T23:51:56.574000+00:00,1138,25531.0,-0.21251839399337769,SELL,0.158,-0.213,+0.00,+3269.82,253269.82
2026-02-02T00:00:28.755000+00:00,1139,25520.0,-0.10039893537759781,BUY,0.112,-0.100,+24.67,+3294.48,253294.48
2026-02-02T00:03:49.797000+00:00,1140,25487.0,-0.07946399599313736,BUY,0.021,-0.079,+13.82,+3308.30,253308.30
2026-02-02T00:08:19.227000+00:00,1141,25527.0,-0.15181155502796173,SELL,0.072,-0.152,+0.00,+3308.30,253308.30
2026-02-02T00:09:48.256004+00:00,1142,25564.25,-0.38914403319358826,SELL,0.237,-0.389,+0.00,+3308.30,253308.30
2026-02-02T00:13:07.989000+00:00,1143,25586.0,-0.6381426453590393,SELL,0.249,-0.638,+0.00,+3308.30,253308.30
2026-02-02T00:22:36.511004+00:00,1144,25619.0,-0.8655655384063721,SELL,0.227,-0.866,+0.00,+3308.30,253308.30
2026-02-02T00:33:23.968027+00:00,1145,25594.25,-0.8828862309455872,SELL,0.017,-0.883,+0.00,+3308.30,253308.30
2026-02-02T00:37:14.855001+00:00,1146,25631.25,-0.9016866087913513,SELL,0.019,-0.902,+0.00,+3308.30,253308.30
2026-02-02T00:56:34.830000+00:00,1147,25605.75,-0.890141487121582,BUY,0.012,-0.890,+5.89,+3314.19,253314.19
2026-02-02T01:03:12.161000+00:00,1148,25635.25,-0.9063444137573242,SELL,0.016,-0.906,+0.00,+3314.19,253314.19
2026-02-02T01:06:05.397000+00:00,1149,25596.25,-0.9011737108230591,BUY,0.005,-0.901,+4.03,+3318.22,253318.22
2026-02-02T01:08:30.745000+00:00,1150,25571.0,-0.8596469163894653,BUY,0.042,-0.860,+20.97,+3339.19,253339.19
2026-02-02T01:10:35.656000+00:00,1151,25531.75,-0.8371264934539795,BUY,0.023,-0.837,+17.68,+3356.87,253356.87
2026-02-02T01:13:03.390000+00:00,1152,25495.0,-0.8150514960289001,BUY,0.022,-0.815,+16.23,+3373.10,253373.10
2026-02-02T01:15:52.030000+00:00,1153,25517.0,-0.7181761264801025,BUY,0.097,-0.718,-42.63,+3330.47,253330.47
2026-02-02T01:17:04.488004+00:00,1154,25521.0,-0.47085079550743103,BUY,0.247,-0.471,-19.79,+3310.69,253310.69
2026-02-02T01:25:14.052000+00:00,1155,25536.0,-0.2522931396961212,BUY,0.219,-0.252,-65.57,+3245.12,253245.12
2026-02-02T01:30:09.432000+00:00,1156,25507.0,-0.17789216339588165,BUY,0.074,-0.178,+43.15,+3288.27,253288.27
2026-02-02T01:31:49.513025+00:00,1157,25472.75,-0.36873456835746765,SELL,0.191,-0.369,+0.00,+3288.27,253288.27
2026-02-02T01:36:33.107000+00:00,1158,25494.75,-0.7224739193916321,SELL,0.354,-0.722,+0.00,+3288.27,253288.27
2026-02-02T01:41:15.550000+00:00,1159,25463.5,-0.7887260913848877,SELL,0.066,-0.789,+0.00,+3288.27,253288.27
2026-02-02T01:48:02.502000+00:00,1160,25423.75,-0.8146678805351257,SELL,0.026,-0.815,+0.00,+3288.27,253288.27
2026-02-02T01:55:04.405040+00:00,1161,25450.5,-0.8385542631149292,SELL,0.024,-0.839,+0.00,+3288.27,253288.27
2026-02-02T01:56:58.189000+00:00,1162,25415.0,-0.8275629281997681,BUY,0.011,-0.828,+7.80,+3296.07,253296.07
2026-02-02T02:02:50.289000+00:00,1163,25440.0,-0.8662658929824829,SELL,0.039,-0.866,+0.00,+3296.07,253296.07
2026-02-02T02:10:16.134006+00:00,1164,25409.75,-0.7566379308700562,BUY,0.110,-0.757,+66.32,+3362.40,253362.40
2026-02-02T02:14:01.112002+00:00,1165,25426.25,-0.6660287976264954,BUY,0.091,-0.666,-29.90,+3332.50,253332.50
2026-02-02T02:17:51.627000+00:00,1166,25403.0,-0.5471526980400085,BUY,0.119,-0.547,+55.28,+3387.78,253387.78
2026-02-02T02:31:36.613005+00:00,1167,25436.25,-0.5745687484741211,SELL,0.027,-0.575,+0.00,+3387.78,253387.78
2026-02-02T02:34:01.482002+00:00,1168,25408.75,-0.4788302779197693,BUY,0.096,-0.479,+52.66,+3440.43,253440.43
2026-02-02T02:40:00.151000+00:00,1169,25437.75,-0.5787193179130554,SELL,0.100,-0.579,+0.00,+3440.43,253440.43
2026-02-02T02:45:35.033000+00:00,1170,25405.75,-0.6427550315856934,SELL,0.064,-0.643,+0.00,+3440.43,253440.43
2026-02-02T02:53:02.072021+00:00,1171,25374.25,-0.6086766719818115,BUY,0.034,-0.609,+21.47,+3461.90,253461.90
2026-02-02T03:14:01.602076+00:00,1172,25350.0,-0.6265797019004822,SELL,0.018,-0.627,+0.00,+3461.90,253461.90
2026-02-02T03:14:32.717011+00:00,1173,25316.0,-0.6430047750473022,SELL,0.016,-0.643,+0.00,+3461.90,253461.90
2026-02-02T03:17:25.426000+00:00,1174,25355.25,-0.6782070398330688,SELL,0.035,-0.678,+0.00,+3461.90,253461.90
2026-02-02T03:29:18.594000+00:00,1175,25326.0,-0.7384645342826843,SELL,0.060,-0.738,+0.00,+3461.90,253461.90
2026-02-02T03:35:42.987001+00:00,1176,25303.5,-0.7466530799865723,SELL,0.008,-0.747,+0.00,+3461.90,253461.90
2026-02-02T03:49:02.267004+00:00,1177,25317.0,-0.8121161460876465,SELL,0.065,-0.812,+0.00,+3461.90,253461.90
2026-02-02T03:53:18.339000+00:00,1178,25285.75,-0.8084084987640381,BUY,0.004,-0.808,+2.32,+3464.22,253464.22
2026-02-02T03:57:24.124000+00:00,1179,25271.0,-0.7461898326873779,BUY,0.062,-0.746,+18.35,+3482.57,253482.57
2026-02-02T04:03:36.661015+00:00,1180,25246.75,-0.7746245265007019,SELL,0.028,-0.775,+0.00,+3482.57,253482.57
2026-02-02T04:09:59.742001+00:00,1181,25256.25,-0.8169236779212952,SELL,0.042,-0.817,+0.00,+3482.57,253482.57
2026-02-02T04:14:36.972000+00:00,1182,25258.0,-0.8461443185806274,SELL,0.029,-0.846,+0.00,+3482.57,253482.57
2026-02-02T04:16:46.356000+00:00,1183,25287.0,-0.8794531226158142,SELL,0.033,-0.879,+0.00,+3482.57,253482.57
2026-02-02T04:26:18.176000+00:00,1184,25326.5,-0.9187918901443481,SELL,0.039,-0.919,+0.00,+3482.57,253482.57
2026-02-02T04:40:30.675001+00:00,1185,25345.0,-0.9255828857421875,SELL,0.007,-0.926,+0.00,+3482.57,253482.57
2026-02-02T04:50:58.818000+00:00,1186,25335.25,-0.9336719512939453,SELL,0.008,-0.934,+0.00,+3482.57,253482.57
2026-02-02T05:08:14.338011+00:00,1187,25320.0,-0.9437571167945862,SELL,0.010,-0.944,+0.00,+3482.57,253482.57
2026-02-02T05:20:45.134019+00:00,1188,25285.25,-0.9457337856292725,SELL,0.002,-0.946,+0.00,+3482.57,253482.57
2026-02-02T05:30:22.928000+00:00,1189,25262.0,-0.9478984475135803,SELL,0.002,-0.948,+0.00,+3482.57,253482.57
2026-02-02T05:47:27.349000+00:00,1190,25239.25,-0.9599199891090393,SELL,0.012,-0.960,+0.00,+3482.57,253482.57
2026-02-02T05:50:37.077000+00:00,1191,25276.0,-0.9698991775512695,SELL,0.010,-0.970,+0.00,+3482.57,253482.57
2026-02-02T05:54:47.582001+00:00,1192,25242.75,-0.9719687104225159,SELL,0.002,-0.972,+0.00,+3482.57,253482.57
2026-02-02T06:05:47.077015+00:00,1193,25234.0,-0.972794771194458,SELL,0.001,-0.973,+0.00,+3482.57,253482.57
2026-02-02T06:15:32.168001+00:00,1194,25201.5,-0.9706733822822571,BUY,0.002,-0.971,+1.38,+3483.95,253483.95
2026-02-02T06:18:12.566008+00:00,1195,25193.0,-0.9711114764213562,SELL,0.000,-0.971,+0.00,+3483.95,253483.95
2026-02-02T06:27:14.939000+00:00,1196,25226.0,-0.9756038188934326,SELL,0.004,-0.976,+0.00,+3483.95,253483.95
2026-02-02T06:34:44.232000+00:00,1197,25216.25,-0.9775424599647522,SELL,0.002,-0.978,+0.00,+3483.95,253483.95
2026-02-02T06:38:14.478021+00:00,1198,25184.5,-0.9750928282737732,BUY,0.002,-0.975,+1.56,+3485.51,253485.51
2026-02-02T06:41:40.309003+00:00,1199,25220.25,-0.977984607219696,SELL,0.003,-0.978,+0.00,+3485.51,253485.51
2026-02-02T06:49:26.806000+00:00,1200,25197.0,-0.9783758521080017,SELL,0.000,-0.978,+0.00,+3485.51,253485.51
2026-02-02T06:57:59.855000+00:00,1201,25228.0,-0.9830290079116821,SELL,0.005,-0.983,+0.00,+3485.51,253485.51
2026-02-02T07:01:58.621001+00:00,1202,25264.75,-0.9864459037780762,SELL,0.003,-0.986,+0.00,+3485.51,253485.51
2026-02-02T07:07:59.859001+00:00,1203,25273.5,-0.9906346201896667,SELL,0.004,-0.991,+0.00,+3485.51,253485.51
2026-02-02T07:16:59.289002+00:00,1204,25267.0,-0.9912988543510437,SELL,0.001,-0.991,+0.00,+3485.51,253485.51
2026-02-02T07:20:59.192025+00:00,1205,25295.0,-0.9925019145011902,SELL,0.001,-0.993,+0.00,+3485.51,253485.51
2026-02-02T07:39:06.832001+00:00,1206,25316.5,-0.9938289523124695,SELL,0.001,-0.994,+0.00,+3485.51,253485.51
2026-02-02T07:53:29.566000+00:00,1207,25327.0,-0.993527889251709,BUY,0.000,-0.994,-0.06,+3485.44,253485.44
2026-02-02T08:02:13.147007+00:00,1208,25364.25,-0.9952816963195801,SELL,0.002,-0.995,+0.00,+3485.44,253485.44
2026-02-02T08:22:03.086059+00:00,1209,25397.75,-0.9961144328117371,SELL,0.001,-0.996,+0.00,+3485.44,253485.44
2026-02-02T08:37:37.641001+00:00,1210,25417.5,-0.9965047836303711,SELL,0.000,-0.997,+0.00,+3485.44,253485.44
2026-02-02T09:02:21.035004+00:00,1211,25386.0,-0.9957720637321472,BUY,0.001,-0.996,+0.46,+3485.91,253485.91
2026-02-02T09:07:00.083000+00:00,1212,25357.75,-0.99467533826828,BUY,0.001,-0.995,+0.62,+3486.53,253486.53
2026-02-02T09:18:44.941000+00:00,1213,25396.25,-0.9920685291290283,BUY,0.003,-0.992,-2.01,+3484.52,253484.52
2026-02-02T09:21:27.079004+00:00,1214,25435.0,-0.9929951429367065,SELL,0.001,-0.993,+0.00,+3484.52,253484.52
2026-02-02T10:02:12.939081+00:00,1215,25472.0,-0.9945182204246521,SELL,0.002,-0.995,+0.00,+3484.52,253484.52
2026-02-02T10:35:37.423000+00:00,1216,25433.0,-0.9940105080604553,BUY,0.001,-0.994,+0.40,+3484.91,253484.91
2026-02-02T10:46:12.481000+00:00,1217,25393.5,-0.9955583214759827,SELL,0.002,-0.996,+0.00,+3484.91,253484.91
2026-02-02T11:10:02.137000+00:00,1218,25431.25,-0.9943203926086426,BUY,0.001,-0.994,-0.93,+3483.98,253483.98
2026-02-02T11:30:22.409000+00:00,1219,25460.0,-0.9934209585189819,BUY,0.001,-0.993,-0.52,+3483.46,253483.46
2026-02-02T11:45:05.965062+00:00,1220,25480.0,-0.9917757511138916,BUY,0.002,-0.992,-0.66,+3482.80,253482.80
2026-02-02T11:58:25.511000+00:00,1221,25450.5,-0.987540602684021,BUY,0.004,-0.988,+2.50,+3485.30,253485.30
2026-02-02T12:16:51.653000+00:00,1222,25486.5,-0.9864031076431274,BUY,0.001,-0.986,-0.82,+3484.48,253484.48
2026-02-02T12:46:44.266000+00:00,1223,25525.5,-0.9815654158592224,BUY,0.005,-0.982,-3.77,+3480.71,253480.71
2026-02-02T12:57:40.973001+00:00,1224,25487.0,-0.9789642691612244,BUY,0.003,-0.979,+2.00,+3482.71,253482.71
2026-02-02T13:11:18.893000+00:00,1225,25496.0,-0.9711370468139648,BUY,0.008,-0.971,-1.41,+3481.30,253481.30
2026-02-02T13:33:36.054000+00:00,1226,25461.75,-0.9639057517051697,BUY,0.007,-0.964,+4.95,+3486.26,253486.26
2026-02-02T13:45:04.152000+00:00,1227,25498.0,-0.9531354904174805,BUY,0.011,-0.953,-7.81,+3478.45,253478.45
2026-02-02T13:55:36.797084+00:00,1228,25533.25,-0.9502272605895996,BUY,0.003,-0.950,-2.05,+3476.40,253476.40
2026-02-02T14:30:01.768016+00:00,1229,25560.5,-0.942301332950592,BUY,0.008,-0.942,-4.32,+3472.08,253472.08
2026-02-02T14:30:12.735000+00:00,1230,25599.0,-0.9389898180961609,BUY,0.003,-0.939,-2.55,+3469.53,253469.53
2026-02-02T14:31:06.194000+00:00,1231,25593.25,-0.9297651648521423,BUY,0.009,-0.930,+1.06,+3470.59,253470.59
2026-02-02T14:31:37.350002+00:00,1232,25625.5,-0.9435037970542908,SELL,0.014,-0.944,+0.00,+3470.59,253470.59
2026-02-02T14:32:20.815001+00:00,1233,25655.0,-0.9577889442443848,SELL,0.014,-0.958,+0.00,+3470.59,253470.59
2026-02-02T14:33:01.290000+00:00,1234,25628.75,-0.9590122699737549,SELL,0.001,-0.959,+0.00,+3470.59,253470.59
2026-02-02T14:35:01.167013+00:00,1235,25643.5,-0.9655671715736389,SELL,0.007,-0.966,+0.00,+3470.59,253470.59
2026-02-02T14:35:50.113000+00:00,1236,25659.5,-0.9680122137069702,SELL,0.002,-0.968,+0.00,+3470.59,253470.59
2026-02-02T14:36:29.180000+00:00,1237,25699.5,-0.9761788249015808,SELL,0.008,-0.976,+0.00,+3470.59,253470.59
2026-02-02T14:42:19.091002+00:00,1238,25723.25,-0.9824304580688477,SELL,0.006,-0.982,+0.00,+3470.59,253470.59
2026-02-02T14:46:59.546000+00:00,1239,25736.75,-0.9856880307197571,SELL,0.003,-0.986,+0.00,+3470.59,253470.59
2026-02-02T14:49:35.501000+00:00,1240,25748.25,-0.9870008826255798,SELL,0.001,-0.987,+0.00,+3470.59,253470.59
2026-02-02T14:50:48.074000+00:00,1241,25782.0,-0.9900355935096741,SELL,0.003,-0.990,+0.00,+3470.59,253470.59
2026-02-02T14:57:40.825001+00:00,1242,25759.5,-0.9933931231498718,SELL,0.003,-0.993,+0.00,+3470.59,253470.59
2026-02-02T15:00:01.129002+00:00,1243,25769.0,-0.9948399662971497,SELL,0.001,-0.995,+0.00,+3470.59,253470.59
2026-02-02T15:00:08.447002+00:00,1244,25748.0,-0.9952347874641418,SELL,0.000,-0.995,+0.00,+3470.59,253470.59
2026-02-02T15:02:20.080000+00:00,1245,25773.0,-0.9961718320846558,SELL,0.001,-0.996,+0.00,+3470.59,253470.59
2026-02-02T15:05:18.879010+00:00,1246,25810.5,-0.9972082376480103,SELL,0.001,-0.997,+0.00,+3470.59,253470.59
2026-02-02T15:11:27.186017+00:00,1247,25844.5,-0.9982565641403198,SELL,0.001,-0.998,+0.00,+3470.59,253470.59
2026-02-02T15:14:45.389000+00:00,1248,25877.5,-0.9984235167503357,SELL,0.000,-0.998,+0.00,+3470.59,253470.59
2026-02-02T15:19:45.604000+00:00,1249,25897.25,-0.9985855221748352,SELL,0.000,-0.999,+0.00,+3470.59,253470.59
2026-02-02T15:27:50.841004+00:00,1250,25872.25,-0.9988558292388916,SELL,0.000,-0.999,+0.00,+3470.59,253470.59
2026-02-02T15:38:03.947000+00:00,1251,25891.75,-0.9990227818489075,SELL,0.000,-0.999,+0.00,+3470.59,253470.59
2026-02-02T15:43:25.285000+00:00,1252,25866.5,-0.9990160465240479,BUY,0.000,-0.999,+0.00,+3470.59,253470.59
2026-02-02T15:56:03.923001+00:00,1253,25837.25,-0.9989641904830933,BUY,0.000,-0.999,+0.03,+3470.62,253470.62
2026-02-02T16:06:05.107002+00:00,1254,25805.5,-0.9990043044090271,SELL,0.000,-0.999,+0.00,+3470.62,253470.62
2026-02-02T16:09:16.169053+00:00,1255,25843.0,-0.999164342880249,SELL,0.000,-0.999,+0.00,+3470.62,253470.62
2026-02-02T16:19:01.717002+00:00,1256,25879.5,-0.999210000038147,SELL,0.000,-0.999,+0.00,+3470.62,253470.62
2026-02-02T16:41:20.720000+00:00,1257,25860.25,-0.9991888999938965,BUY,0.000,-0.999,+0.01,+3470.63,253470.63
2026-02-02T16:48:19.414000+00:00,1258,25838.5,-0.9991410970687866,BUY,0.000,-0.999,+0.02,+3470.65,253470.65
2026-02-02T16:53:28.810000+00:00,1259,25876.0,-0.9990559220314026,BUY,0.000,-0.999,-0.06,+3470.59,253470.59
2026-02-02T17:00:40.037007+00:00,1260,25906.5,-0.9989816546440125,BUY,0.000,-0.999,-0.05,+3470.54,253470.54
2026-02-02T17:56:02.969001+00:00,1261,25937.5,-0.9989290833473206,BUY,0.000,-0.999,-0.03,+3470.51,253470.51
2026-02-02T18:22:10.917000+00:00,1262,25901.75,-0.9987820982933044,BUY,0.000,-0.999,+0.11,+3470.62,253470.62
2026-02-02T18:57:22.330000+00:00,1263,25937.5,-0.9987883567810059,SELL,0.000,-0.999,+0.00,+3470.62,253470.62
2026-02-02T19:32:01.015000+00:00,1264,25909.5,-0.998677670955658,BUY,0.000,-0.999,+0.06,+3470.68,253470.68
2026-02-02T19:59:33.111000+00:00,1265,25874.75,-0.9985278844833374,BUY,0.000,-0.999,+0.10,+3470.78,253470.78
2026-02-02T20:00:10.464000+00:00,1266,25838.0,-0.9982746243476868,BUY,0.000,-0.998,+0.19,+3470.97,253470.97
2026-02-02T20:00:44.982067+00:00,1267,25861.75,-0.9981685876846313,BUY,0.000,-0.998,-0.05,+3470.92,253470.92
2026-02-02T20:06:12.116000+00:00,1268,25891.25,-0.9979222416877747,BUY,0.000,-0.998,-0.15,+3470.77,253470.77
2026-02-02T20:17:14.042000+00:00,1269,25860.0,-0.9974482655525208,BUY,0.000,-0.997,+0.30,+3471.07,253471.07
2026-02-02T20:31:11.653000+00:00,1270,25857.25,-0.9968128800392151,BUY,0.001,-0.997,+0.03,+3471.10,253471.10
2026-02-02T21:05:00.020002+00:00,1271,25871.75,-0.9963734745979309,BUY,0.000,-0.996,-0.13,+3470.98,253470.98
2026-02-02T21:06:32.443000+00:00,1272,25855.75,-0.9956203103065491,BUY,0.001,-0.996,+0.24,+3471.22,253471.22
2026-02-02T23:03:56.069004+00:00,1273,25894.5,-0.9951115250587463,BUY,0.001,-0.995,-0.39,+3470.82,253470.82
2026-02-02T23:08:26.198000+00:00,1274,25932.75,-0.9951432943344116,SELL,0.000,-0.995,+0.00,+3470.82,253470.82
2026-02-02T23:30:49.749058+00:00,1275,25951.0,-0.9946705102920532,BUY,0.000,-0.995,-0.17,+3470.65,253470.65
2026-02-02T23:39:21.495002+00:00,1276,25975.0,-0.9942465424537659,BUY,0.000,-0.994,-0.20,+3470.45,253470.45
2026-02-03T00:10:52.535000+00:00,1277,25937.0,-0.9931762218475342,BUY,0.001,-0.993,+0.81,+3471.26,253471.26
2026-02-03T00:18:52.986001+00:00,1278,25953.5,-0.9921990036964417,BUY,0.001,-0.992,-0.32,+3470.94,253470.94
2026-02-03T00:52:16.162000+00:00,1279,25944.0,-0.9920594096183777,BUY,0.000,-0.992,+0.03,+3470.96,253470.96
2026-02-03T01:16:08.465001+00:00,1280,25983.5,-0.9935508370399475,SELL,0.001,-0.994,+0.00,+3470.96,253470.96
2026-02-03T01:48:29.679000+00:00,1281,25950.75,-0.9932990670204163,BUY,0.000,-0.993,+0.16,+3471.13,253471.13
2026-02-03T02:11:03.207001+00:00,1282,25921.5,-0.993872880935669,SELL,0.001,-0.994,+0.00,+3471.13,253471.13
2026-02-03T02:37:12.499000+00:00,1283,25912.0,-0.9925102591514587,BUY,0.001,-0.993,+0.26,+3471.39,253471.39
2026-02-03T03:06:12.108000+00:00,1284,25941.0,-0.9930269718170166,SELL,0.001,-0.993,+0.00,+3471.39,253471.39
2026-02-03T03:40:53.705006+00:00,1285,25953.0,-0.9927126169204712,BUY,0.000,-0.993,-0.08,+3471.31,253471.31
2026-02-03T04:50:47.010000+00:00,1286,25987.0,-0.9927636384963989,SELL,0.000,-0.993,+0.00,+3471.31,253471.31
2026-02-03T05:49:40.147006+00:00,1287,25992.0,-0.993451714515686,SELL,0.001,-0.993,+0.00,+3471.31,253471.31
2026-02-03T07:47:27.443000+00:00,1288,26013.75,-0.9950511455535889,SELL,0.002,-0.995,+0.00,+3471.31,253471.31
2026-02-03T08:37:50.229000+00:00,1289,25987.75,-0.9943597316741943,BUY,0.001,-0.994,+0.36,+3471.67,253471.67
2026-02-03T09:23:57.793000+00:00,1290,25969.75,-0.9930619597434998,BUY,0.001,-0.993,+0.47,+3472.14,253472.14
2026-02-03T10:40:04.808014+00:00,1291,25950.0,-0.993004560470581,BUY,0.000,-0.993,+0.02,+3472.16,253472.16
2026-02-03T12:02:22.928011+00:00,1292,25925.25,-0.9936991333961487,SELL,0.001,-0.994,+0.00,+3472.16,253472.16
2026-02-03T12:13:00.881001+00:00,1293,25963.5,-0.9939554929733276,SELL,0.000,-0.994,+0.00,+3472.16,253472.16
2026-02-03T13:10:52.939001+00:00,1294,25999.5,-0.9948951601982117,SELL,0.001,-0.995,+0.00,+3472.16,253472.16
2026-02-03T13:57:42.570000+00:00,1295,25963.5,-0.9943497776985168,BUY,0.001,-0.994,+0.39,+3472.56,253472.56
2026-02-03T14:26:20.917023+00:00,1296,25936.75,-0.9941781759262085,BUY,0.000,-0.994,+0.09,+3472.65,253472.65
2026-02-03T14:30:04.233006+00:00,1297,25912.5,-0.9934095144271851,BUY,0.001,-0.993,+0.37,+3473.02,253473.02
2026-02-03T14:30:47.860084+00:00,1298,25944.25,-0.9935358762741089,SELL,0.000,-0.994,+0.00,+3473.02,253473.02
2026-02-03T14:31:33.248000+00:00,1299,25912.25,-0.9928247928619385,BUY,0.001,-0.993,+0.46,+3473.47,253473.47
2026-02-03T14:33:00.400050+00:00,1300,25877.25,-0.9915022850036621,BUY,0.001,-0.992,+0.93,+3474.40,253474.40
2026-02-03T14:34:21.187000+00:00,1301,25846.0,-0.9897316098213196,BUY,0.002,-0.990,+1.11,+3475.51,253475.51
2026-02-03T14:34:58.903002+00:00,1302,25878.75,-0.9877675175666809,BUY,0.002,-0.988,-1.29,+3474.22,253474.22
2026-02-03T14:36:32.610000+00:00,1303,25853.0,-0.9853723049163818,BUY,0.002,-0.985,+1.23,+3475.45,253475.45
2026-02-03T14:38:11.260000+00:00,1304,25831.25,-0.9827858209609985,BUY,0.003,-0.983,+1.13,+3476.58,253476.58
2026-02-03T14:41:11.316001+00:00,1305,25799.75,-0.9801350235939026,BUY,0.003,-0.980,+1.67,+3478.25,253478.25
2026-02-03T14:43:09.406113+00:00,1306,25775.75,-0.9780369400978088,BUY,0.002,-0.978,+1.01,+3479.26,253479.26
2026-02-03T14:43:15.511000+00:00,1307,25736.0,-0.9772141575813293,BUY,0.001,-0.977,+0.65,+3479.91,253479.91
2026-02-03T14:45:00.416011+00:00,1308,25763.5,-0.9780745506286621,SELL,0.001,-0.978,+0.00,+3479.91,253479.91
2026-02-03T14:46:31.180001+00:00,1309,25781.25,-0.9766867756843567,BUY,0.001,-0.977,-0.49,+3479.42,253479.42
2026-02-03T14:47:16.220015+00:00,1310,25802.75,-0.9724626541137695,BUY,0.004,-0.972,-1.82,+3477.60,253477.60
2026-02-03T14:50:58.049000+00:00,1311,25771.75,-0.9724156260490417,BUY,0.000,-0.972,+0.03,+3477.63,253477.63
2026-02-03T14:54:31.895002+00:00,1312,25740.5,-0.9726356267929077,SELL,0.000,-0.973,+0.00,+3477.63,253477.63
2026-02-03T14:55:05.533000+00:00,1313,25715.5,-0.9716401100158691,BUY,0.001,-0.972,+0.50,+3478.13,253478.13
2026-02-03T14:56:56.698006+00:00,1314,25677.75,-0.9691582322120667,BUY,0.002,-0.969,+1.87,+3480.00,253480.00
2026-02-03T14:58:29.253003+00:00,1315,25642.0,-0.9628083109855652,BUY,0.006,-0.963,+4.54,+3484.54,253484.54
2026-02-03T15:00:27.066000+00:00,1316,25614.0,-0.9485139846801758,BUY,0.014,-0.949,+8.00,+3492.55,253492.55
2026-02-03T15:02:54.833004+00:00,1317,25576.75,-0.930625855922699,BUY,0.018,-0.931,+13.33,+3505.87,253505.87
2026-02-03T15:03:42.797000+00:00,1318,25604.75,-0.876537024974823,BUY,0.054,-0.877,-30.29,+3475.58,253475.58
2026-02-03T15:04:10.023000+00:00,1319,25642.75,-0.8306158185005188,BUY,0.046,-0.831,-34.90,+3440.68,253440.68
2026-02-03T15:06:05.680000+00:00,1320,25603.25,-0.5421367287635803,BUY,0.288,-0.542,+227.90,+3668.58,253668.58
2026-02-03T15:07:13.362009+00:00,1321,25564.25,-0.3116031885147095,BUY,0.231,-0.312,+179.82,+3848.40,253848.40
2026-02-03T15:09:19.180000+00:00,1322,25588.0,-0.49986132979393005,SELL,0.188,-0.500,+0.00,+3848.40,253848.40
2026-02-03T15:11:48.468000+00:00,1323,25570.75,-0.6711702346801758,SELL,0.171,-0.671,+0.00,+3848.40,253848.40
2026-02-03T15:13:07.963006+00:00,1324,25539.0,-0.5865419507026672,BUY,0.085,-0.587,+53.74,+3902.14,253902.14
2026-02-03T15:16:13.362000+00:00,1325,25570.0,-0.7543507218360901,SELL,0.168,-0.754,+0.00,+3902.14,253902.14
2026-02-03T15:17:18.220000+00:00,1326,25554.0,-0.6800327897071838,BUY,0.074,-0.680,+23.78,+3925.92,253925.92
2026-02-03T15:20:26.496000+00:00,1327,25592.0,-0.8248156309127808,SELL,0.145,-0.825,+0.00,+3925.92,253925.92
2026-02-03T15:22:02.766001+00:00,1328,25565.0,-0.8038578629493713,BUY,0.021,-0.804,+11.32,+3937.24,253937.24
2026-02-03T15:23:34.243086+00:00,1329,25528.0,-0.8547802567481995,SELL,0.051,-0.855,+0.00,+3937.24,253937.24
2026-02-03T15:24:19.138028+00:00,1330,25491.75,-0.8317908048629761,BUY,0.023,-0.832,+16.67,+3953.90,253953.90
2026-02-03T15:25:56.661000+00:00,1331,25510.5,-0.8577446937561035,SELL,0.026,-0.858,+0.00,+3953.90,253953.90
2026-02-03T15:26:21.619003+00:00,1332,25549.25,-0.8848025798797607,SELL,0.027,-0.885,+0.00,+3953.90,253953.90
2026-02-03T15:31:13.991003+00:00,1333,25529.0,-0.9194983839988708,SELL,0.035,-0.919,+0.00,+3953.90,253953.90
2026-02-03T15:32:55.597002+00:00,1334,25559.0,-0.9337968230247498,SELL,0.014,-0.934,+0.00,+3953.90,253953.90
2026-02-03T15:33:59.597000+00:00,1335,25523.5,-0.9301155209541321,BUY,0.004,-0.930,+2.61,+3956.52,253956.52
2026-02-03T15:35:50.069000+00:00,1336,25485.25,-0.9301481246948242,SELL,0.000,-0.930,+0.00,+3956.52,253956.52
2026-02-03T15:37:26.537108+00:00,1337,25521.5,-0.951355516910553,SELL,0.021,-0.951,+0.00,+3956.52,253956.52
2026-02-03T15:40:16.223000+00:00,1338,25554.75,-0.9566848874092102,SELL,0.005,-0.957,+0.00,+3956.52,253956.52
2026-02-03T15:45:01.198000+00:00,1339,25521.5,-0.9539884924888611,BUY,0.003,-0.954,+1.79,+3958.31,253958.31
2026-02-03T15:47:04.735000+00:00,1340,25537.5,-0.9656734466552734,SELL,0.012,-0.966,+0.00,+3958.31,253958.31
2026-02-03T15:48:04.031000+00:00,1341,25576.0,-0.9731389880180359,SELL,0.007,-0.973,+0.00,+3958.31,253958.31
2026-02-03T15:50:09.071001+00:00,1342,25597.0,-0.9772752523422241,SELL,0.004,-0.977,+0.00,+3958.31,253958.31
2026-02-03T15:52:14.391000+00:00,1343,25579.5,-0.9762741327285767,BUY,0.001,-0.976,+0.35,+3958.66,253958.66
2026-02-03T15:54:58.549008+00:00,1344,25589.0,-0.9758301377296448,BUY,0.000,-0.976,-0.08,+3958.58,253958.58
2026-02-03T15:57:04.967000+00:00,1345,25629.0,-0.9771350026130676,SELL,0.001,-0.977,+0.00,+3958.58,253958.58
2026-02-03T16:02:57.398000+00:00,1346,25591.5,-0.9790018796920776,SELL,0.002,-0.979,+0.00,+3958.58,253958.58
2026-02-03T16:09:41.895000+00:00,1347,25554.0,-0.9782727956771851,BUY,0.001,-0.978,+0.55,+3959.12,253959.12
2026-02-03T16:13:00.438000+00:00,1348,25575.0,-0.9784337878227234,SELL,0.000,-0.978,+0.00,+3959.12,253959.12
2026-02-03T16:15:01.190001+00:00,1349,25549.25,-0.9668733477592468,BUY,0.012,-0.967,+5.95,+3965.08,253965.08
2026-02-03T16:22:26.390017+00:00,1350,25534.25,-0.9666699171066284,BUY,0.000,-0.967,+0.06,+3965.14,253965.14
2026-02-03T16:23:32.723000+00:00,1351,25495.0,-0.9615008234977722,BUY,0.005,-0.962,+4.06,+3969.20,253969.20
2026-02-03T16:26:27.092000+00:00,1352,25534.0,-0.9662132859230042,SELL,0.005,-0.966,+0.00,+3969.20,253969.20
2026-02-03T16:29:50.976000+00:00,1353,25498.0,-0.9526735544204712,BUY,0.014,-0.953,+9.75,+3978.94,253978.94
2026-02-03T16:35:00.229000+00:00,1354,25518.5,-0.9579769968986511,SELL,0.005,-0.958,+0.00,+3978.94,253978.94
2026-02-03T16:39:29.346000+00:00,1355,25493.75,-0.9380967617034912,BUY,0.020,-0.938,+9.84,+3988.79,253988.79
2026-02-03T16:46:46.246055+00:00,1356,25486.5,-0.950688898563385,SELL,0.013,-0.951,+0.00,+3988.79,253988.79
2026-02-03T16:48:00.025000+00:00,1357,25525.75,-0.9542071223258972,SELL,0.004,-0.954,+0.00,+3988.79,253988.79
2026-02-03T16:50:51.407000+00:00,1358,25486.75,-0.9519514441490173,BUY,0.002,-0.952,+1.76,+3990.54,253990.54
2026-02-03T16:53:14.962000+00:00,1359,25508.25,-0.9559269547462463,SELL,0.004,-0.956,+0.00,+3990.54,253990.54
2026-02-03T17:00:24.892000+00:00,1360,25481.0,-0.9579894542694092,SELL,0.002,-0.958,+0.00,+3990.54,253990.54
2026-02-03T17:12:04.026037+00:00,1361,25462.5,-0.9684131145477295,SELL,0.010,-0.968,+0.00,+3990.54,253990.54
2026-02-03T17:12:19.426000+00:00,1362,25427.0,-0.9654150605201721,BUY,0.003,-0.965,+2.13,+3992.67,253992.67
2026-02-03T17:18:19.891000+00:00,1363,25441.5,-0.956673264503479,BUY,0.009,-0.957,-2.54,+3990.14,253990.14
2026-02-03T17:20:47.914000+00:00,1364,25415.25,-0.962649405002594,SELL,0.006,-0.963,+0.00,+3990.14,253990.14
2026-02-03T17:23:15.389013+00:00,1365,25447.5,-0.9796452522277832,SELL,0.017,-0.980,+0.00,+3990.14,253990.14
2026-02-03T17:29:06.265000+00:00,1366,25426.0,-0.9799048900604248,SELL,0.000,-0.980,+0.00,+3990.14,253990.14
2026-02-03T17:34:52.543014+00:00,1367,25389.75,-0.9795583486557007,BUY,0.000,-0.980,+0.25,+3990.39,253990.39
2026-02-03T17:41:05.132001+00:00,1368,25351.5,-0.9740191102027893,BUY,0.006,-0.974,+4.24,+3994.63,253994.63
2026-02-03T17:46:23.317000+00:00,1369,25385.0,-0.9732047319412231,BUY,0.001,-0.973,-0.55,+3994.08,253994.08
2026-02-03T17:51:15.623000+00:00,1370,25412.5,-0.9551028609275818,BUY,0.018,-0.955,-9.96,+3984.13,253984.13
2026-02-03T17:52:45.515000+00:00,1371,25387.5,-0.9348676800727844,BUY,0.020,-0.935,+10.12,+3994.24,253994.24
2026-02-03T18:04:52.984011+00:00,1372,25368.25,-0.9171552658081055,BUY,0.018,-0.917,+6.82,+4001.06,254001.06
2026-02-03T18:07:30.824004+00:00,1373,25405.25,-0.9233342409133911,SELL,0.006,-0.923,+0.00,+4001.06,254001.06
2026-02-03T18:10:38.603000+00:00,1374,25383.5,-0.8482328057289124,BUY,0.075,-0.848,+32.67,+4033.73,254033.73
2026-02-03T18:13:47.040000+00:00,1375,25346.5,-0.19113698601722717,BUY,0.657,-0.191,+486.25,+4519.98,254519.98
2026-02-03T18:19:58.559000+00:00,1376,25366.0,0.008328367955982685,BUY,0.199,0.008,-74.54,+4445.44,254445.44
2026-02-03T18:25:39.985000+00:00,1377,25327.0,0.5101228356361389,BUY,0.502,0.510,+0.00,+4445.44,254445.44
2026-02-03T18:33:40.326000+00:00,1378,25297.25,0.9736954569816589,BUY,0.464,0.974,+0.00,+4445.44,254445.44
2026-02-03T18:45:14.414004+00:00,1379,25282.0,0.9858726263046265,BUY,0.012,0.986,+0.00,+4445.44,254445.44
2026-02-03T18:59:09.260049+00:00,1380,25256.25,0.9886244535446167,BUY,0.003,0.989,+0.00,+4445.44,254445.44
2026-02-03T19:05:11.829001+00:00,1381,25223.0,0.9920711517333984,BUY,0.003,0.992,+0.00,+4445.44,254445.44
2026-02-03T19:11:37.488000+00:00,1382,25259.0,0.9962202310562134,BUY,0.004,0.996,+0.00,+4445.44,254445.44
2026-02-03T19:12:51.506002+00:00,1383,25292.75,0.9967077970504761,BUY,0.000,0.997,+0.00,+4445.44,254445.44
2026-02-03T19:15:00.945000+00:00,1384,25329.5,0.9983879923820496,BUY,0.002,0.998,+0.00,+4445.44,254445.44
2026-02-03T19:20:42.623000+00:00,1385,25349.5,0.9985509514808655,BUY,0.000,0.999,+0.00,+4445.44,254445.44
2026-02-03T19:24:56.877000+00:00,1386,25319.0,0.9994622468948364,BUY,0.001,0.999,+0.00,+4445.44,254445.44
2026-02-03T19:25:54.221000+00:00,1387,25290.75,0.9998035430908203,BUY,0.000,1.000,+0.00,+4445.44,254445.44
2026-02-03T19:30:20.777000+00:00,1389,25284.0,0.9998878240585327,BUY,0.000,1.000,+0.00,+4445.44,254445.44
2026-02-03T19:32:28.468000+00:00,1390,25306.25,0.999856173992157,SELL,0.000,1.000,+0.01,+4445.45,254445.45
2026-02-03T19:34:35.520036+00:00,1391,25268.0,0.999835729598999,SELL,0.000,1.000,-0.02,+4445.44,254445.44
2026-02-03T19:43:47.010051+00:00,1392,25264.5,0.9996749758720398,SELL,0.000,1.000,-0.01,+4445.43,254445.43
2026-02-03T19:53:04.466001+00:00,1393,25235.25,0.9995297193527222,SELL,0.000,1.000,-0.08,+4445.34,254445.34
2026-02-03T19:53:15.983000+00:00,1394,25274.75,0.9981544613838196,SELL,0.001,0.998,+1.09,+4446.43,254446.43
2026-02-03T19:56:01.211001+00:00,1395,25293.75,0.9944431781768799,SELL,0.004,0.994,+1.41,+4447.84,254447.84
2026-02-03T20:02:11.283000+00:00,1396,25289.0,0.9580008387565613,SELL,0.036,0.958,-3.46,+4444.38,254444.38
2026-02-03T20:14:56.584036+00:00,1397,25309.5,0.39608749747276306,SELL,0.562,0.396,+230.38,+4674.76,254674.76
2026-02-03T20:18:40.073000+00:00,1398,25324.0,-0.8163065910339355,SELL,1.212,-0.816,+114.87,+4789.63,254789.63
2026-02-03T20:20:52.350000+00:00,1399,25296.5,-0.9320768713951111,SELL,0.116,-0.932,+0.00,+4789.63,254789.63
2026-02-03T20:25:05.904000+00:00,1400,25330.75,-0.9464158415794373,SELL,0.014,-0.946,+0.00,+4789.63,254789.63
2026-02-03T20:31:59.620000+00:00,1401,25365.5,-0.9578680992126465,SELL,0.011,-0.958,+0.00,+4789.63,254789.63
2026-02-03T20:36:17.589000+00:00,1402,25405.5,-0.9686137437820435,SELL,0.011,-0.969,+0.00,+4789.63,254789.63
2026-02-03T20:41:51.694018+00:00,1403,25382.25,-0.9714205265045166,SELL,0.003,-0.971,+0.00,+4789.63,254789.63
2026-02-03T20:47:12.487000+00:00,1404,25413.5,-0.9761777520179749,SELL,0.005,-0.976,+0.00,+4789.63,254789.63
2026-02-03T20:50:22.376000+00:00,1405,25432.25,-0.9771135449409485,SELL,0.001,-0.977,+0.00,+4789.63,254789.63
2026-02-03T20:55:19.695000+00:00,1406,25436.5,-0.97789067029953,SELL,0.001,-0.978,+0.00,+4789.63,254789.63
2026-02-03T21:00:28.082007+00:00,1407,25465.0,-0.9807072877883911,SELL,0.003,-0.981,+0.00,+4789.63,254789.63
2026-02-03T21:15:01.564000+00:00,1408,25475.75,-0.9823609590530396,SELL,0.002,-0.982,+0.00,+4789.63,254789.63
2026-02-03T21:15:32.828000+00:00,1409,25437.0,-0.9817557334899902,BUY,0.001,-0.982,+0.47,+4790.09,254790.09
2026-02-03T21:17:37.832000+00:00,1410,25403.25,-0.982120156288147,SELL,0.000,-0.982,+0.00,+4790.09,254790.09
2026-02-03T21:23:57.474003+00:00,1411,25420.5,-0.9813553094863892,BUY,0.001,-0.981,-0.26,+4789.83,254789.83
2026-02-03T23:00:00+00:00,1412,25387.5,-0.9651786088943481,BUY,0.016,-0.965,+10.68,+4800.51,254800.51
2026-02-03T23:06:28.450007+00:00,1413,25367.5,-0.9462487101554871,BUY,0.019,-0.946,+7.57,+4808.08,254808.08
2026-02-03T23:13:03.491006+00:00,1414,25402.0,-0.9570016860961914,SELL,0.011,-0.957,+0.00,+4808.08,254808.08
2026-02-03T23:16:41.972005+00:00,1415,25442.0,-0.9651692509651184,SELL,0.008,-0.965,+0.00,+4808.08,254808.08
2026-02-03T23:22:46.509000+00:00,1416,25402.0,-0.9750076532363892,SELL,0.010,-0.975,+0.00,+4808.08,254808.08
2026-02-03T23:58:06.345000+00:00,1417,25425.25,-0.9798600077629089,SELL,0.005,-0.980,+0.00,+4808.08,254808.08
2026-02-04T00:01:30.786003+00:00,1418,25395.0,-0.9691305756568909,BUY,0.011,-0.969,+6.49,+4814.57,254814.57
2026-02-04T00:16:55.508000+00:00,1419,25430.5,-0.966895580291748,BUY,0.002,-0.967,-1.59,+4812.98,254812.98
2026-02-04T00:43:35.115000+00:00,1420,25395.75,-0.9532330632209778,BUY,0.014,-0.953,+9.50,+4822.48,254822.48
2026-02-04T01:03:04.719000+00:00,1421,25415.75,-0.9619402289390564,SELL,0.009,-0.962,+0.00,+4822.48,254822.48
2026-02-04T01:15:11.521004+00:00,1422,25443.5,-0.9529924392700195,BUY,0.009,-0.953,-4.97,+4817.51,254817.51
2026-02-04T01:49:40.084000+00:00,1423,25414.75,-0.9480935335159302,BUY,0.005,-0.948,+2.82,+4820.33,254820.33
2026-02-04T02:01:37.920001+00:00,1424,25454.5,-0.935574471950531,BUY,0.013,-0.936,-9.95,+4810.38,254810.38
2026-02-04T02:20:34.117000+00:00,1425,25433.5,-0.9289258122444153,BUY,0.007,-0.929,+2.79,+4813.17,254813.17
2026-02-04T02:53:11.425003+00:00,1426,25402.75,-0.9170644879341125,BUY,0.012,-0.917,+7.29,+4820.46,254820.46
2026-02-04T03:31:42.094000+00:00,1427,25439.5,-0.9304729104042053,SELL,0.013,-0.930,+0.00,+4820.46,254820.46
2026-02-04T03:48:29.135000+00:00,1428,25411.5,-0.9342596530914307,SELL,0.004,-0.934,+0.00,+4820.46,254820.46
2026-02-04T06:04:47.372001+00:00,1429,25448.75,-0.9538063406944275,SELL,0.020,-0.954,+0.00,+4820.46,254820.46
2026-02-04T06:40:41.073002+00:00,1430,25477.0,-0.9530420303344727,BUY,0.001,-0.953,-0.43,+4820.03,254820.03
2026-02-04T07:41:02.509000+00:00,1431,25507.0,-0.9535189270973206,SELL,0.000,-0.954,+0.00,+4820.03,254820.03
2026-02-04T08:03:38.862001+00:00,1432,25474.25,-0.9498847723007202,BUY,0.004,-0.950,+2.38,+4822.41,254822.41
2026-02-04T08:11:25.564000+00:00,1433,25499.25,-0.9613568186759949,SELL,0.011,-0.961,+0.00,+4822.41,254822.41
2026-02-04T08:23:24.894000+00:00,1434,25460.0,-0.9623383283615112,SELL,0.001,-0.962,+0.00,+4822.41,254822.41
2026-02-04T08:26:43.663000+00:00,1435,25421.5,-0.9601773619651794,BUY,0.002,-0.960,+1.66,+4824.08,254824.08
2026-02-04T08:43:03.420000+00:00,1436,25441.0,-0.9578399062156677,BUY,0.002,-0.958,-0.91,+4823.17,254823.17
2026-02-04T08:58:21.195000+00:00,1437,25415.5,-0.9482606649398804,BUY,0.010,-0.948,+4.89,+4828.05,254828.05
2026-02-04T09:14:44.386001+00:00,1438,25409.5,-0.9186145663261414,BUY,0.030,-0.919,+3.56,+4831.61,254831.61
2026-02-04T09:20:29.845002+00:00,1439,25375.75,-0.8598569631576538,BUY,0.059,-0.860,+39.66,+4871.27,254871.27
2026-02-04T09:44:06.604000+00:00,1440,25356.75,-0.8636633157730103,SELL,0.004,-0.864,+0.00,+4871.27,254871.27
2026-02-04T09:57:10.792001+00:00,1441,25394.5,-0.8654136657714844,SELL,0.002,-0.865,+0.00,+4871.27,254871.27
2026-02-04T10:06:15.399011+00:00,1442,25434.5,-0.8846930861473083,SELL,0.019,-0.885,+0.00,+4871.27,254871.27
2026-02-04T10:30:40.196008+00:00,1443,25455.5,-0.9018948674201965,SELL,0.017,-0.902,+0.00,+4871.27,254871.27
2026-02-04T11:36:38.421004+00:00,1444,25474.5,-0.936404287815094,SELL,0.035,-0.936,+0.00,+4871.27,254871.27
2026-02-04T12:06:06.644012+00:00,1445,25450.5,-0.9314333200454712,BUY,0.005,-0.931,+2.39,+4873.66,254873.66
2026-02-04T12:27:00.425000+00:00,1446,25425.0,-0.9385412335395813,SELL,0.007,-0.939,+0.00,+4873.66,254873.66
2026-02-04T12:39:01.739000+00:00,1447,25408.0,-0.933814525604248,BUY,0.005,-0.934,+1.61,+4875.26,254875.26
2026-02-04T13:05:00.106006+00:00,1448,25387.25,-0.9311855435371399,BUY,0.003,-0.931,+1.09,+4876.35,254876.35
2026-02-04T13:34:54.946001+00:00,1449,25409.5,-0.9447382688522339,SELL,0.014,-0.945,+0.00,+4876.35,254876.35
2026-02-04T13:36:41.314000+00:00,1450,25378.0,-0.9392271637916565,BUY,0.006,-0.939,+3.47,+4879.83,254879.83
2026-02-04T13:47:44.110000+00:00,1451,25366.5,-0.9405593872070312,SELL,0.001,-0.941,+0.00,+4879.83,254879.83
2026-02-04T14:06:17.616004+00:00,1452,25330.75,-0.9066748023033142,BUY,0.034,-0.907,+24.23,+4904.05,254904.05
2026-02-04T14:24:02.421003+00:00,1453,25365.0,-0.8754986524581909,BUY,0.031,-0.875,-21.36,+4882.70,254882.70
2026-02-04T14:30:07.904000+00:00,1454,25348.0,-0.86903977394104,BUY,0.006,-0.869,+2.20,+4884.89,254884.89
2026-02-04T14:30:29.554000+00:00,1455,25318.25,-0.8676636815071106,BUY,0.001,-0.868,+0.82,+4885.71,254885.71
2026-02-04T14:31:03.224002+00:00,1456,25288.5,-0.8410087823867798,BUY,0.027,-0.841,+15.86,+4901.57,254901.57
2026-02-04T14:32:03.838000+00:00,1457,25249.5,-0.7650250792503357,BUY,0.076,-0.765,+59.27,+4960.84,254960.84
2026-02-04T14:32:58.809000+00:00,1458,25270.0,-0.6593466997146606,BUY,0.106,-0.659,-43.33,+4917.51,254917.51
2026-02-04T14:33:37.816000+00:00,1459,25260.5,-0.43284642696380615,BUY,0.227,-0.433,+43.04,+4960.55,254960.55
2026-02-04T14:34:18.063000+00:00,1460,25289.0,-0.2522948086261749,BUY,0.181,-0.252,-102.91,+4857.63,254857.63
2026-02-04T14:35:11.670000+00:00,1461,25264.0,-0.022654486820101738,BUY,0.230,-0.023,+114.82,+4972.45,254972.45
2026-02-04T14:35:28.282000+00:00,1462,25302.75,0.14104381203651428,BUY,0.164,0.141,-17.56,+4954.90,254954.90
2026-02-04T14:35:38.969000+00:00,1463,25322.0,0.6725363731384277,BUY,0.531,0.673,+0.00,+4954.90,254954.90
2026-02-04T14:36:00.389007+00:00,1464,25351.25,0.8295542597770691,BUY,0.157,0.830,+0.00,+4954.90,254954.90
2026-02-04T14:36:25.072001+00:00,1465,25383.0,0.6986162662506104,SELL,0.131,0.699,+83.15,+5038.04,255038.04
2026-02-04T14:36:45.870002+00:00,1466,25344.0,0.7481451034545898,BUY,0.050,0.748,+0.00,+5038.04,255038.04
2026-02-04T14:37:31.551009+00:00,1467,25318.75,0.821782648563385,BUY,0.074,0.822,+0.00,+5038.04,255038.04
2026-02-04T14:38:07.206000+00:00,1468,25339.5,0.8291642069816589,BUY,0.007,0.829,+0.00,+5038.04,255038.04
2026-02-04T14:40:32.567001+00:00,1469,25325.75,0.7212572693824768,SELL,0.108,0.721,-29.67,+5008.37,255008.37
2026-02-04T14:41:00.529000+00:00,1470,25296.0,0.6695448160171509,SELL,0.052,0.670,-30.77,+4977.60,254977.60
2026-02-04T14:41:23.359000+00:00,1471,25335.0,0.3238370716571808,SELL,0.346,0.324,+269.65,+5247.25,255247.25
2026-02-04T14:42:00.563000+00:00,1472,25329.75,0.7317654490470886,BUY,0.408,0.732,+0.00,+5247.25,255247.25
2026-02-04T14:42:48.376000+00:00,1473,25360.25,0.8418710231781006,BUY,0.110,0.842,+0.00,+5247.25,255247.25
2026-02-04T14:43:54.109000+00:00,1474,25350.0,0.8022016286849976,SELL,0.040,0.802,-8.13,+5239.12,255239.12
2026-02-04T14:45:35.102000+00:00,1475,25310.0,0.6515374183654785,SELL,0.151,0.652,-120.53,+5118.59,255118.59
2026-02-04T14:47:06.797000+00:00,1476,25332.0,-0.34505194425582886,SELL,0.997,-0.345,+286.68,+5405.26,255405.26
2026-02-04T14:47:54.630000+00:00,1477,25305.5,-0.7074512243270874,SELL,0.362,-0.707,+0.00,+5405.26,255405.26
2026-02-04T14:48:05.708000+00:00,1478,25345.5,-0.9035850763320923,SELL,0.196,-0.904,+0.00,+5405.26,255405.26
2026-02-04T14:49:31.244000+00:00,1479,25331.5,-0.9336103796958923,SELL,0.030,-0.934,+0.00,+5405.26,255405.26
2026-02-04T14:50:26.289002+00:00,1480,25317.75,-0.9580003619194031,SELL,0.024,-0.958,+0.00,+5405.26,255405.26
2026-02-04T14:51:01.438000+00:00,1481,25290.0,-0.9699862003326416,SELL,0.012,-0.970,+0.00,+5405.26,255405.26
2026-02-04T14:52:47.865000+00:00,1482,25274.25,-0.9799917936325073,SELL,0.010,-0.980,+0.00,+5405.26,255405.26
2026-02-04T14:54:41.409002+00:00,1483,25283.25,-0.9808893203735352,SELL,0.001,-0.981,+0.00,+5405.26,255405.26
2026-02-04T14:56:01.392002+00:00,1484,25272.5,-0.9797828793525696,BUY,0.001,-0.980,+0.24,+5405.50,255405.50
2026-02-04T14:57:05.844000+00:00,1485,25234.25,-0.9775775671005249,BUY,0.002,-0.978,+1.69,+5407.19,255407.19
2026-02-04T14:58:34.748001+00:00,1486,25200.75,-0.9783971309661865,SELL,0.001,-0.978,+0.00,+5407.19,255407.19
2026-02-04T15:00:00.035065+00:00,1487,25171.25,-0.9810051321983337,SELL,0.003,-0.981,+0.00,+5407.19,255407.19
2026-02-04T15:00:18.719007+00:00,1488,25153.25,-0.9778230786323547,BUY,0.003,-0.978,+1.15,+5408.33,255408.33
2026-02-04T15:01:22.765000+00:00,1489,25135.0,-0.9776648879051208,BUY,0.000,-0.978,+0.06,+5408.39,255408.39
2026-02-04T15:03:10.573008+00:00,1490,25148.0,-0.9662368297576904,BUY,0.011,-0.966,-2.97,+5405.42,255405.42
2026-02-04T15:05:13.618006+00:00,1491,25174.75,-0.9561061859130859,BUY,0.010,-0.956,-5.42,+5400.00,255400.00
2026-02-04T15:06:57.986001+00:00,1492,25156.5,-0.9422061443328857,BUY,0.014,-0.942,+5.07,+5405.07,255405.07
2026-02-04T15:07:33.791000+00:00,1493,25193.75,-0.9421795010566711,BUY,0.000,-0.942,-0.02,+5405.05,255405.05
2026-02-04T15:08:21.943000+00:00,1494,25224.25,-0.9466638565063477,SELL,0.004,-0.947,+0.00,+5405.05,255405.05
2026-02-04T15:09:27.613000+00:00,1495,25248.5,-0.9632237553596497,SELL,0.017,-0.963,+0.00,+5405.05,255405.05
2026-02-04T15:10:45.021000+00:00,1496,25213.0,-0.972764790058136,SELL,0.010,-0.973,+0.00,+5405.05,255405.05
2026-02-04T15:11:26.667003+00:00,1497,25242.5,-0.9735256433486938,SELL,0.001,-0.974,+0.00,+5405.05,255405.05
2026-02-04T15:12:37.562000+00:00,1498,25220.25,-0.9707778692245483,BUY,0.003,-0.971,+1.22,+5406.28,255406.28
2026-02-04T15:13:19.984000+00:00,1499,25237.5,-0.9638350605964661,BUY,0.007,-0.964,-2.40,+5403.88,255403.88
2026-02-04T15:14:03.887000+00:00,1500,25212.75,-0.9654215574264526,SELL,0.002,-0.965,+0.00,+5403.88,255403.88
2026-02-04T15:15:27.390001+00:00,1501,25234.0,-0.9624199271202087,BUY,0.003,-0.962,-1.28,+5402.60,255402.60
2026-02-04T15:17:09.003021+00:00,1502,25197.0,-0.9435722231864929,BUY,0.019,-0.944,+13.95,+5416.55,255416.55
2026-02-04T15:18:24.577003+00:00,1503,25188.75,-0.9329659938812256,BUY,0.011,-0.933,+1.75,+5418.30,255418.30
2026-02-04T15:20:25.560006+00:00,1504,25220.25,-0.9260386824607849,BUY,0.007,-0.926,-4.36,+5413.94,255413.94
2026-02-04T15:21:02.088000+00:00,1505,25198.25,-0.9214244484901428,BUY,0.005,-0.921,+2.03,+5415.97,255415.97
2026-02-04T15:21:32.263001+00:00,1506,25238.0,-0.9161936044692993,BUY,0.005,-0.916,-4.16,+5411.81,255411.81
2026-02-04T15:22:17.745000+00:00,1507,25207.25,-0.9244065880775452,SELL,0.008,-0.924,+0.00,+5411.81,255411.81
2026-02-04T15:23:15.974001+00:00,1508,25231.0,-0.9336838722229004,SELL,0.009,-0.934,+0.00,+5411.81,255411.81
2026-02-04T15:23:30.194058+00:00,1509,25266.0,-0.9226874113082886,BUY,0.011,-0.923,-7.70,+5404.11,255404.11
2026-02-04T15:25:46.363000+00:00,1510,25289.25,-0.9064170122146606,BUY,0.016,-0.906,-7.57,+5396.55,255396.55
2026-02-04T15:26:38.296000+00:00,1511,25265.0,-0.880298912525177,BUY,0.026,-0.880,+12.67,+5409.21,255409.21
2026-02-04T15:28:01.677004+00:00,1512,25234.75,-0.8965526819229126,SELL,0.016,-0.897,+0.00,+5409.21,255409.21
2026-02-04T15:30:55.169000+00:00,1513,25219.75,-0.9039799571037292,SELL,0.007,-0.904,+0.00,+5409.21,255409.21
2026-02-04T15:33:55.229000+00:00,1514,25187.25,-0.9111217260360718,SELL,0.007,-0.911,+0.00,+5409.21,255409.21
2026-02-04T15:35:56.028000+00:00,1515,25151.5,-0.9133201241493225,SELL,0.002,-0.913,+0.00,+5409.21,255409.21
2026-02-04T15:38:19.973001+00:00,1516,25124.5,-0.927305281162262,SELL,0.014,-0.927,+0.00,+5409.21,255409.21
2026-02-04T15:38:29.904002+00:00,1517,25159.5,-0.9393133521080017,SELL,0.012,-0.939,+0.00,+5409.21,255409.21
2026-02-04T15:38:36.822001+00:00,1518,25188.0,-0.9459282159805298,SELL,0.007,-0.946,+0.00,+5409.21,255409.21
2026-02-04T15:38:49.524005+00:00,1519,25209.25,-0.9578582048416138,SELL,0.012,-0.958,+0.00,+5409.21,255409.21
2026-02-04T15:39:04.518000+00:00,1520,25234.0,-0.961091935634613,SELL,0.003,-0.961,+0.00,+5409.21,255409.21
2026-02-04T15:39:29.053000+00:00,1521,25215.5,-0.9497022032737732,BUY,0.011,-0.950,+4.21,+5413.43,255413.43
2026-02-04T15:40:02.621000+00:00,1522,25187.25,-0.8656701445579529,BUY,0.084,-0.866,+47.48,+5460.91,255460.91
2026-02-04T15:40:18.611000+00:00,1523,25220.75,-0.4697435200214386,BUY,0.396,-0.470,-265.27,+5195.64,255195.64
2026-02-04T15:41:05.032004+00:00,1524,25253.5,-0.795109212398529,SELL,0.325,-0.795,+0.00,+5195.64,255195.64
2026-02-04T15:41:52.211002+00:00,1525,25231.0,-0.9255200028419495,SELL,0.130,-0.926,+0.00,+5195.64,255195.64
2026-02-04T15:43:03.591000+00:00,1526,25207.25,-0.9668320417404175,SELL,0.041,-0.967,+0.00,+5195.64,255195.64
2026-02-04T15:44:22.778000+00:00,1527,25221.75,-0.9746041297912598,SELL,0.008,-0.975,+0.00,+5195.64,255195.64
2026-02-04T15:46:00.738000+00:00,1528,25190.0,-0.9744998216629028,BUY,0.000,-0.974,+0.07,+5195.70,255195.70
2026-02-04T15:47:00.941000+00:00,1529,25192.75,-0.9696986079216003,BUY,0.005,-0.970,-0.26,+5195.44,255195.44
2026-02-04T15:48:04.492002+00:00,1530,25162.25,-0.9655210375785828,BUY,0.004,-0.966,+2.55,+5197.99,255197.99
2026-02-04T15:53:12.738000+00:00,1531,25187.75,-0.9726594686508179,SELL,0.007,-0.973,+0.00,+5197.99,255197.99
2026-02-04T15:53:49.548000+00:00,1532,25158.5,-0.9639933705329895,BUY,0.009,-0.964,+5.07,+5203.06,255203.06
2026-02-04T15:55:22.134010+00:00,1533,25190.5,-0.9480599164962769,BUY,0.016,-0.948,-10.20,+5192.86,255192.86
2026-02-04T15:56:50.586000+00:00,1534,25153.5,-0.9291322231292725,BUY,0.019,-0.929,+14.01,+5206.86,255206.86
2026-02-04T15:58:43.501000+00:00,1535,25171.75,-0.8965758085250854,BUY,0.033,-0.897,-11.88,+5194.98,255194.98
2026-02-04T15:59:44.481000+00:00,1536,25141.0,-0.818337082862854,BUY,0.078,-0.818,+48.12,+5243.10,255243.10
2026-02-04T16:01:00.686005+00:00,1537,25131.5,-0.7851510047912598,BUY,0.033,-0.785,+6.31,+5249.40,255249.40
2026-02-04T16:02:03.488000+00:00,1538,25097.5,-0.6689680814743042,BUY,0.116,-0.669,+79.00,+5328.41,255328.41
2026-02-04T16:06:25.598000+00:00,1539,25106.75,-0.6185265779495239,BUY,0.050,-0.619,-9.33,+5319.08,255319.08
2026-02-04T16:08:00.048011+00:00,1540,25067.5,-0.5773019194602966,BUY,0.041,-0.577,+32.36,+5351.44,255351.44
2026-02-04T16:12:14.152000+00:00,1541,25092.75,-0.5205240249633789,BUY,0.057,-0.521,-28.67,+5322.76,255322.76
2026-02-04T16:12:40.138000+00:00,1542,25132.75,-0.5209210515022278,SELL,0.000,-0.521,+0.00,+5322.76,255322.76
2026-02-04T16:16:36.719000+00:00,1543,25102.0,-0.5221149325370789,SELL,0.001,-0.522,+0.00,+5322.76,255322.76
2026-02-04T16:18:48.481000+00:00,1544,25062.75,-0.6559888124465942,SELL,0.134,-0.656,+0.00,+5322.76,255322.76
2026-02-04T16:23:14.685001+00:00,1545,25081.5,-0.8067817687988281,SELL,0.151,-0.807,+0.00,+5322.76,255322.76
2026-02-04T16:25:43.869000+00:00,1546,25121.0,-0.8847714066505432,SELL,0.078,-0.885,+0.00,+5322.76,255322.76
2026-02-04T16:30:39.903000+00:00,1547,25098.75,-0.9357454180717468,SELL,0.051,-0.936,+0.00,+5322.76,255322.76
2026-02-04T16:33:55.502000+00:00,1548,25074.25,-0.9431796073913574,SELL,0.007,-0.943,+0.00,+5322.76,255322.76
2026-02-04T16:38:37.010046+00:00,1549,25040.5,-0.9291621446609497,BUY,0.014,-0.929,+9.46,+5332.23,255332.23
2026-02-04T16:40:30.828000+00:00,1550,25020.75,-0.9257574677467346,BUY,0.003,-0.926,+1.34,+5333.57,255333.57
2026-02-04T16:43:57.324000+00:00,1551,24983.0,-0.914511501789093,BUY,0.011,-0.915,+8.49,+5342.06,255342.06
2026-02-04T16:48:56.141000+00:00,1552,24952.0,-0.9181758165359497,SELL,0.004,-0.918,+0.00,+5342.06,255342.06
2026-02-04T16:51:18.957000+00:00,1553,24930.5,-0.9119040369987488,BUY,0.006,-0.912,+2.70,+5344.76,255344.76
2026-02-04T16:52:15.832018+00:00,1554,24968.0,-0.9078381061553955,BUY,0.004,-0.908,-3.05,+5341.71,255341.71
2026-02-04T16:55:03.405000+00:00,1555,24992.75,-0.9072487354278564,BUY,0.001,-0.907,-0.29,+5341.42,255341.42
2026-02-04T16:57:35.886002+00:00,1556,25027.0,-0.8984695076942444,BUY,0.009,-0.898,-6.01,+5335.40,255335.40
2026-02-04T17:03:15.029000+00:00,1557,25054.0,-0.8869104385375977,BUY,0.012,-0.887,-6.24,+5329.16,255329.16
2026-02-04T17:06:41.608002+00:00,1558,25017.5,-0.8853380680084229,BUY,0.002,-0.885,+1.15,+5330.31,255330.31
2026-02-04T17:10:29.200041+00:00,1559,25001.75,-0.8734170794487,BUY,0.012,-0.873,+3.76,+5334.07,255334.07
2026-02-04T17:13:03.060000+00:00,1560,25024.0,-0.8918939828872681,SELL,0.018,-0.892,+0.00,+5334.07,255334.07
2026-02-04T17:16:24.516020+00:00,1561,25002.5,-0.8822885155677795,BUY,0.010,-0.882,+4.13,+5338.20,255338.20
2026-02-04T17:22:41.983007+00:00,1562,24967.75,-0.8899213075637817,SELL,0.008,-0.890,+0.00,+5338.20,255338.20
2026-02-04T17:27:00.795029+00:00,1563,24945.5,-0.8893103003501892,BUY,0.001,-0.889,+0.27,+5338.47,255338.47
2026-02-04T17:27:03.943001+00:00,1564,24905.5,-0.9086039662361145,SELL,0.019,-0.909,+0.00,+5338.47,255338.47
2026-02-04T17:28:08.381002+00:00,1565,24923.5,-0.9016842842102051,BUY,0.007,-0.902,-2.49,+5335.98,255335.98
2026-02-04T17:28:51.033000+00:00,1566,24893.25,-0.9153196215629578,SELL,0.014,-0.915,+0.00,+5335.98,255335.98
2026-02-04T17:31:12.668000+00:00,1567,24906.75,-0.9203737378120422,SELL,0.005,-0.920,+0.00,+5335.98,255335.98
2026-02-04T17:32:06.285001+00:00,1568,24939.5,-0.931178629398346,SELL,0.011,-0.931,+0.00,+5335.98,255335.98
2026-02-04T17:32:29.107000+00:00,1569,24907.0,-0.9309897422790527,BUY,0.000,-0.931,+0.12,+5336.10,255336.10
2026-02-04T17:35:28.553000+00:00,1570,24870.0,-0.9453771710395813,SELL,0.014,-0.945,+0.00,+5336.10,255336.10
2026-02-04T17:37:51.887000+00:00,1571,24834.25,-0.9558342099189758,SELL,0.010,-0.956,+0.00,+5336.10,255336.10
2026-02-04T17:41:55.428000+00:00,1572,24838.75,-0.9535342454910278,BUY,0.002,-0.954,-0.21,+5335.89,255335.89
2026-02-04T17:44:47.957000+00:00,1573,24848.75,-0.9602435827255249,SELL,0.007,-0.960,+0.00,+5335.89,255335.89
2026-02-04T17:46:05.243000+00:00,1574,24821.25,-0.9464013576507568,BUY,0.014,-0.946,+7.61,+5343.51,255343.51
2026-02-04T17:49:19.788002+00:00,1575,24800.0,-0.9400951862335205,BUY,0.006,-0.940,+2.68,+5346.19,255346.19
2026-02-04T17:52:17.224003+00:00,1576,24823.5,-0.9364363551139832,BUY,0.004,-0.936,-1.72,+5344.47,255344.47
2026-02-04T17:55:09.174000+00:00,1577,24861.5,-0.93013596534729,BUY,0.006,-0.930,-4.79,+5339.68,255339.68
2026-02-04T18:00:01.453000+00:00,1578,24885.75,-0.9287202954292297,BUY,0.001,-0.929,-0.69,+5338.99,255338.99
2026-02-04T18:00:19.683000+00:00,1579,24848.75,-0.9278866648674011,BUY,0.001,-0.928,+0.62,+5339.61,255339.61
2026-02-04T18:03:02.042005+00:00,1580,24828.75,-0.9321426749229431,SELL,0.004,-0.932,+0.00,+5339.61,255339.61
2026-02-04T18:05:03.302000+00:00,1581,24867.0,-0.946792721748352,SELL,0.015,-0.947,+0.00,+5339.61,255339.61
2026-02-04T18:09:10.207005+00:00,1582,24860.0,-0.9626377820968628,SELL,0.016,-0.963,+0.00,+5339.61,255339.61
2026-02-04T18:10:00.013000+00:00,1583,24820.5,-0.9627638459205627,SELL,0.000,-0.963,+0.00,+5339.61,255339.61
2026-02-04T18:13:54.204000+00:00,1584,24859.0,-0.973475456237793,SELL,0.011,-0.973,+0.00,+5339.61,255339.61
2026-02-04T18:19:38.001000+00:00,1585,24828.0,-0.9616328477859497,BUY,0.012,-0.962,+7.34,+5346.95,255346.95
2026-02-04T18:22:24.269001+00:00,1586,24865.0,-0.9677326679229736,SELL,0.006,-0.968,+0.00,+5346.95,255346.95
2026-02-04T18:25:05.282000+00:00,1587,24895.0,-0.9638513922691345,BUY,0.004,-0.964,-2.33,+5344.62,255344.62
2026-02-04T18:26:50.284007+00:00,1588,24931.5,-0.9746872782707214,SELL,0.011,-0.975,+0.00,+5344.62,255344.62
2026-02-04T18:30:09.053005+00:00,1589,24910.0,-0.9672878384590149,BUY,0.007,-0.967,+3.18,+5347.80,255347.80
2026-02-04T18:32:28.465004+00:00,1590,24880.0,-0.9627818465232849,BUY,0.005,-0.963,+2.70,+5350.51,255350.51
2026-02-04T18:35:08.674000+00:00,1591,24893.25,-0.9666998386383057,SELL,0.004,-0.967,+0.00,+5350.51,255350.51
2026-02-04T18:42:48.419001+00:00,1592,24906.25,-0.9740340113639832,SELL,0.007,-0.974,+0.00,+5350.51,255350.51
2026-02-04T18:44:20.587000+00:00,1593,24900.0,-0.9768874049186707,SELL,0.003,-0.977,+0.00,+5350.51,255350.51
2026-02-04T18:50:00.531004+00:00,1594,24861.25,-0.9729154706001282,BUY,0.004,-0.973,+3.08,+5353.58,255353.58
2026-02-04T18:52:58.051007+00:00,1595,24873.75,-0.9743031859397888,SELL,0.001,-0.974,+0.00,+5353.58,255353.58
2026-02-04T18:54:24.880003+00:00,1596,24905.25,-0.9735347032546997,BUY,0.001,-0.974,-0.48,+5353.10,255353.10
2026-02-04T18:56:19.675000+00:00,1597,24938.25,-0.9798825979232788,SELL,0.006,-0.980,+0.00,+5353.10,255353.10
2026-02-04T18:59:15.153000+00:00,1598,24919.75,-0.9735241532325745,BUY,0.006,-0.974,+2.35,+5355.45,255355.45
2026-02-04T19:04:44.705000+00:00,1599,24901.0,-0.9785635471343994,SELL,0.005,-0.979,+0.00,+5355.45,255355.45
2026-02-04T19:05:01.687000+00:00,1600,24881.75,-0.9789789915084839,SELL,0.000,-0.979,+0.00,+5355.45,255355.45
2026-02-04T19:09:06.842009+00:00,1601,24903.75,-0.9841489195823669,SELL,0.005,-0.984,+0.00,+5355.45,255355.45
2026-02-04T19:18:44.182000+00:00,1602,24936.5,-0.9877876043319702,SELL,0.004,-0.988,+0.00,+5355.45,255355.45
2026-02-04T19:21:39.682000+00:00,1603,24914.0,-0.9897262454032898,SELL,0.002,-0.990,+0.00,+5355.45,255355.45
2026-02-04T19:24:42.207001+00:00,1604,24930.0,-0.992106020450592,SELL,0.002,-0.992,+0.00,+5355.45,255355.45
2026-02-04T19:29:11.730000+00:00,1605,24956.25,-0.9933761358261108,SELL,0.001,-0.993,+0.00,+5355.45,255355.45
2026-02-04T19:31:15.492003+00:00,1606,24995.0,-0.9920962452888489,BUY,0.001,-0.992,-0.99,+5354.46,255354.46
2026-02-04T19:41:19.959002+00:00,1607,25016.25,-0.986263632774353,BUY,0.006,-0.986,-2.48,+5351.98,255351.98
2026-02-04T19:46:17.080000+00:00,1608,25051.0,-0.98764568567276,SELL,0.001,-0.988,+0.00,+5351.98,255351.98
2026-02-04T19:48:13.796058+00:00,1609,25077.25,-0.9914249181747437,SELL,0.004,-0.991,+0.00,+5351.98,255351.98
2026-02-04T19:49:15.323000+00:00,1610,25070.25,-0.9888876080513,BUY,0.003,-0.989,+0.36,+5352.34,255352.34
2026-02-04T19:51:05.771000+00:00,1611,25091.0,-0.9862984418869019,BUY,0.003,-0.986,-1.07,+5351.26,255351.26
2026-02-04T19:53:41.272000+00:00,1612,25106.0,-0.9810369610786438,BUY,0.005,-0.981,-1.58,+5349.68,255349.68
2026-02-04T19:55:40.947007+00:00,1613,25068.75,-0.9795144200325012,BUY,0.002,-0.980,+1.13,+5350.82,255350.82
2026-02-04T19:57:14.763003+00:00,1614,25105.75,-0.9741474390029907,BUY,0.005,-0.974,-3.97,+5346.85,255346.85
2026-02-04T20:00:55.389000+00:00,1615,25083.75,-0.9639769196510315,BUY,0.010,-0.964,+4.48,+5351.32,255351.32
2026-02-04T20:11:36.493000+00:00,1616,25050.75,-0.9540165066719055,BUY,0.010,-0.954,+6.57,+5357.90,255357.90
2026-02-04T20:22:14.293002+00:00,1617,25060.5,-0.9515203833580017,BUY,0.002,-0.952,-0.49,+5357.41,255357.41
2026-02-04T20:30:41.631001+00:00,1618,25049.0,-0.9540395736694336,SELL,0.003,-0.954,+0.00,+5357.41,255357.41
2026-02-04T20:37:44.764000+00:00,1619,25079.5,-0.9596115350723267,SELL,0.006,-0.960,+0.00,+5357.41,255357.41
2026-02-04T20:45:17.521000+00:00,1620,25058.0,-0.9540407657623291,BUY,0.006,-0.954,+2.40,+5359.81,255359.81
2026-02-04T20:47:29.573000+00:00,1621,25086.0,-0.9590502977371216,SELL,0.005,-0.959,+0.00,+5359.81,255359.81
2026-02-04T20:50:10.001000+00:00,1622,25052.5,-0.9433167576789856,BUY,0.016,-0.943,+10.54,+5370.35,255370.35
2026-02-04T20:52:17.001000+00:00,1623,25028.0,-0.9273363351821899,BUY,0.016,-0.927,+7.83,+5378.18,255378.18
2026-02-04T20:54:18.744008+00:00,1624,25010.0,-0.9271830916404724,BUY,0.000,-0.927,+0.06,+5378.23,255378.23
2026-02-04T21:00:21.786012+00:00,1625,25019.0,-0.9364561438560486,SELL,0.009,-0.936,+0.00,+5378.23,255378.23
2026-02-04T21:02:05.672000+00:00,1626,25049.0,-0.9412314891815186,SELL,0.005,-0.941,+0.00,+5378.23,255378.23
2026-02-04T21:02:20.556014+00:00,1627,25020.0,-0.9457427859306335,SELL,0.005,-0.946,+0.00,+5378.23,255378.23
2026-02-04T21:02:21.949005+00:00,1628,24981.25,-0.9421095252037048,BUY,0.004,-0.942,+2.82,+5381.05,255381.05
2026-02-04T21:02:38.044006+00:00,1629,24958.75,-0.9388130903244019,BUY,0.003,-0.939,+1.48,+5382.53,255382.53
2026-02-04T21:02:47.701002+00:00,1630,24934.0,-0.9418249130249023,SELL,0.003,-0.942,+0.00,+5382.53,255382.53
2026-02-04T21:03:10.827000+00:00,1631,24902.0,-0.9445983171463013,SELL,0.003,-0.945,+0.00,+5382.53,255382.53
2026-02-04T21:03:35.329000+00:00,1632,24888.0,-0.9442383646965027,BUY,0.000,-0.944,+0.10,+5382.63,255382.63
2026-02-04T21:04:30.434000+00:00,1633,24917.5,-0.9497491717338562,SELL,0.006,-0.950,+0.00,+5382.63,255382.63
2026-02-04T21:04:53.380000+00:00,1634,24914.0,-0.9496385455131531,BUY,0.000,-0.950,+0.01,+5382.64,255382.64
2026-02-04T21:05:05.173000+00:00,1635,24942.0,-0.9495866298675537,BUY,0.000,-0.950,-0.03,+5382.61,255382.61
2026-02-04T21:05:09.857081+00:00,1636,24976.0,-0.9485272765159607,BUY,0.001,-0.949,-0.72,+5381.89,255381.89
2026-02-04T21:05:12.169000+00:00,1637,24937.5,-0.9403149485588074,BUY,0.008,-0.940,+6.32,+5388.21,255388.21
2026-02-04T21:05:42.447000+00:00,1638,24966.25,-0.9284275770187378,BUY,0.012,-0.928,-6.84,+5381.38,255381.38
2026-02-04T21:06:25.643002+00:00,1639,25002.75,-0.9212985634803772,BUY,0.007,-0.921,-5.20,+5376.17,255376.17
2026-02-04T21:07:00.265000+00:00,1640,24978.25,-0.9084137082099915,BUY,0.013,-0.908,+6.31,+5382.49,255382.49
2026-02-04T21:07:30.302000+00:00,1641,24964.5,-0.856348991394043,BUY,0.052,-0.856,+14.32,+5396.81,255396.81
2026-02-04T21:07:51.873000+00:00,1642,24990.0,-0.4994058907032013,BUY,0.357,-0.499,-182.04,+5214.77,255214.77
2026-02-04T21:08:32.473000+00:00,1643,24998.25,0.4841381907463074,BUY,0.984,0.484,-82.40,+5132.36,255132.36
2026-02-04T21:09:06.715000+00:00,1644,25032.25,0.947265625,BUY,0.463,0.947,+0.00,+5132.36,255132.36
2026-02-04T21:10:21.133002+00:00,1645,25039.5,0.9736413955688477,BUY,0.026,0.974,+0.00,+5132.36,255132.36
2026-02-04T21:13:31.252000+00:00,1646,25052.5,0.9824560880661011,BUY,0.009,0.982,+0.00,+5132.36,255132.36
2026-02-04T21:16:03.774000+00:00,1647,25021.5,0.9982996582984924,BUY,0.016,0.998,+0.00,+5132.36,255132.36
2026-02-04T21:18:16.292000+00:00,1648,25035.5,0.9993206262588501,BUY,0.001,0.999,+0.00,+5132.36,255132.36
2026-02-04T21:21:33.324000+00:00,1649,25002.75,0.9997655153274536,BUY,0.000,1.000,+0.00,+5132.36,255132.36
2026-02-04T21:27:44.098002+00:00,1650,25035.25,0.9998093843460083,BUY,0.000,1.000,+0.00,+5132.36,255132.36
2026-02-04T21:31:15.039026+00:00,1651,25075.25,0.9999037981033325,BUY,0.000,1.000,+0.00,+5132.36,255132.36
2026-02-04T21:32:55.958000+00:00,1652,25113.5,0.9998860955238342,SELL,0.000,1.000,+0.01,+5132.38,255132.38
2026-02-04T21:33:48.831000+00:00,1653,25153.25,0.9998692274093628,SELL,0.000,1.000,+0.01,+5132.39,255132.39
2026-02-04T21:36:36.543000+00:00,1654,25141.25,0.9998629689216614,SELL,0.000,1.000,-0.00,+5132.39,255132.39
2026-02-04T21:38:22.810007+00:00,1655,25172.75,0.9998602271080017,SELL,0.000,1.000,+0.00,+5132.39,255132.39
2026-02-04T21:49:31.511002+00:00,1656,25135.25,0.9999008178710938,BUY,0.000,1.000,+0.00,+5132.39,255132.39
2026-02-04T21:52:17.083000+00:00,1657,25152.25,0.9998169541358948,SELL,0.000,1.000,+0.03,+5132.42,255132.42
2026-02-04T21:58:56.283000+00:00,1658,25118.25,0.99984210729599,BUY,0.000,1.000,+0.00,+5132.42,255132.42
2026-02-04T23:00:00+00:00,1659,25078.25,0.9999091029167175,BUY,0.000,1.000,+0.00,+5132.42,255132.42
2026-02-04T23:03:10.596002+00:00,1660,25095.0,0.9999206066131592,BUY,0.000,1.000,+0.00,+5132.42,255132.42
2026-02-04T23:07:52.149000+00:00,1661,25072.5,0.9998906254768372,SELL,0.000,1.000,-0.01,+5132.41,255132.41
2026-02-04T23:10:51.513000+00:00,1662,25097.75,0.9998836517333984,SELL,0.000,1.000,+0.00,+5132.41,255132.41
2026-02-04T23:25:03.269000+00:00,1663,25066.0,0.9999157190322876,BUY,0.000,1.000,+0.00,+5132.41,255132.41
2026-02-04T23:30:43.764000+00:00,1664,25103.0,0.9999076724052429,SELL,0.000,1.000,+0.01,+5132.41,255132.41
2026-02-04T23:37:18.843000+00:00,1665,25085.0,0.9999102354049683,BUY,0.000,1.000,+0.00,+5132.41,255132.41
2026-02-04T23:56:49.049002+00:00,1666,25062.0,0.9999116659164429,BUY,0.000,1.000,+0.00,+5132.41,255132.41
2026-02-05T00:10:39.579000+00:00,1667,25071.0,0.9998795390129089,SELL,0.000,1.000,+0.01,+5132.42,255132.42
2026-02-05T00:22:54.678000+00:00,1668,25096.5,0.9998591542243958,SELL,0.000,1.000,+0.01,+5132.43,255132.43
2026-02-05T00:41:03.320002+00:00,1669,25130.5,0.99970942735672,SELL,0.000,1.000,+0.10,+5132.53,255132.53
2026-02-05T01:08:27.074001+00:00,1670,25139.75,0.9992547631263733,SELL,0.000,0.999,+0.08,+5132.62,255132.62
2026-02-05T01:22:07.074000+00:00,1671,25129.0,0.9981006979942322,SELL,0.001,0.998,-0.25,+5132.37,255132.37
2026-02-05T01:39:21.899000+00:00,1672,25150.0,0.996536135673523,SELL,0.002,0.997,+0.66,+5133.03,255133.03
2026-02-05T02:03:51.486000+00:00,1673,25112.75,0.9895852208137512,SELL,0.007,0.990,-5.18,+5127.85,255127.85
2026-02-05T02:10:28.743000+00:00,1674,25072.75,0.9827008247375488,SELL,0.007,0.983,-5.51,+5122.34,255122.34
2026-02-05T02:13:06.568001+00:00,1675,25042.5,0.9464021921157837,SELL,0.036,0.946,-21.96,+5100.38,255100.38
2026-02-05T02:15:29.327000+00:00,1676,25002.5,0.9077823162078857,SELL,0.039,0.908,-30.90,+5069.48,255069.48
2026-02-05T02:16:57.604000+00:00,1677,24965.0,0.7885460257530212,SELL,0.119,0.789,-89.43,+4980.06,254980.06
2026-02-05T02:17:26.909000+00:00,1678,24999.25,0.6539624929428101,SELL,0.135,0.654,+92.19,+5072.25,255072.25
2026-02-05T02:19:01.766000+00:00,1679,25025.0,0.38908863067626953,SELL,0.265,0.389,+136.41,+5208.66,255208.66
2026-02-05T02:22:51.517002+00:00,1680,25052.0,0.18336695432662964,SELL,0.206,0.183,+111.09,+5319.75,255319.75
2026-02-05T02:30:50.796000+00:00,1681,25070.0,0.0542975589632988,SELL,0.129,0.054,+46.46,+5366.21,255366.21
2026-02-05T02:45:46.405000+00:00,1682,25054.5,-0.06642308831214905,SELL,0.121,-0.066,-16.83,+5349.38,255349.38
2026-02-05T02:50:53.485000+00:00,1683,25021.5,-0.11239775270223618,SELL,0.046,-0.112,+0.00,+5349.38,255349.38
2026-02-05T02:52:57.053000+00:00,1684,25005.0,-0.2301996350288391,SELL,0.118,-0.230,+0.00,+5349.38,255349.38
2026-02-05T02:56:41.599000+00:00,1685,24994.0,-0.41870108246803284,SELL,0.189,-0.419,+0.00,+5349.38,255349.38
2026-02-05T02:58:51.549000+00:00,1686,24978.75,-0.6082251667976379,SELL,0.190,-0.608,+0.00,+5349.38,255349.38
2026-02-05T03:01:07.061001+00:00,1687,24988.25,-0.7622462511062622,SELL,0.154,-0.762,+0.00,+5349.38,255349.38
2026-02-05T03:10:15.930000+00:00,1688,25013.0,-0.8526815176010132,SELL,0.090,-0.853,+0.00,+5349.38,255349.38
2026-02-05T03:22:28.712000+00:00,1689,25019.75,-0.8883553743362427,SELL,0.036,-0.888,+0.00,+5349.38,255349.38
2026-02-05T03:31:22.803006+00:00,1690,24997.0,-0.9025492668151855,SELL,0.014,-0.903,+0.00,+5349.38,255349.38
2026-02-05T03:41:45.336003+00:00,1691,24998.5,-0.9165608286857605,SELL,0.014,-0.917,+0.00,+5349.38,255349.38
2026-02-05T03:50:35.647000+00:00,1692,24961.25,-0.9141281843185425,BUY,0.002,-0.914,+1.81,+5351.19,255351.19
2026-02-05T04:01:00.570000+00:00,1693,24970.0,-0.9177023768424988,SELL,0.004,-0.918,+0.00,+5351.19,255351.19
2026-02-05T04:08:02.778000+00:00,1694,24945.25,-0.9033852219581604,BUY,0.014,-0.903,+7.09,+5358.28,255358.28
2026-02-05T04:23:06.187000+00:00,1695,24929.75,-0.89957594871521,BUY,0.004,-0.900,+1.18,+5359.46,255359.46
2026-02-05T04:31:19.802000+00:00,1696,24955.75,-0.9001687169075012,SELL,0.001,-0.900,+0.00,+5359.46,255359.46
2026-02-05T04:41:24.016001+00:00,1697,24994.5,-0.9209931492805481,SELL,0.021,-0.921,+0.00,+5359.46,255359.46
2026-02-05T05:03:21.420000+00:00,1698,24986.75,-0.9474700093269348,SELL,0.026,-0.947,+0.00,+5359.46,255359.46
2026-02-05T05:18:45.008007+00:00,1699,24971.0,-0.951601505279541,SELL,0.004,-0.952,+0.00,+5359.46,255359.46
2026-02-05T05:29:02.914000+00:00,1700,25004.25,-0.9576805830001831,SELL,0.006,-0.958,+0.00,+5359.46,255359.46
2026-02-05T05:37:42.885001+00:00,1701,25023.25,-0.96219402551651,SELL,0.005,-0.962,+0.00,+5359.46,255359.46
2026-02-05T05:52:58.851000+00:00,1702,25005.5,-0.952274739742279,BUY,0.010,-0.952,+3.52,+5362.98,255362.98
2026-02-05T06:10:46.925002+00:00,1703,25029.25,-0.9562394022941589,SELL,0.004,-0.956,+0.00,+5362.98,255362.98
2026-02-05T06:20:54.450000+00:00,1704,25012.75,-0.966315507888794,SELL,0.010,-0.966,+0.00,+5362.98,255362.98
2026-02-05T06:40:10.442024+00:00,1705,25052.0,-0.9780222177505493,SELL,0.012,-0.978,+0.00,+5362.98,255362.98
2026-02-05T07:01:51.848002+00:00,1706,25084.25,-0.9854561686515808,SELL,0.007,-0.985,+0.00,+5362.98,255362.98
2026-02-05T07:43:10.001007+00:00,1707,25049.75,-0.9902018308639526,SELL,0.005,-0.990,+0.00,+5362.98,255362.98
2026-02-05T07:54:35.894034+00:00,1708,25086.5,-0.9943082332611084,SELL,0.004,-0.994,+0.00,+5362.98,255362.98
2026-02-05T07:58:00.069000+00:00,1709,25049.5,-0.9930403828620911,BUY,0.001,-0.993,+0.94,+5363.92,255363.92
2026-02-05T08:01:36.037000+00:00,1710,25081.75,-0.9941458106040955,SELL,0.001,-0.994,+0.00,+5363.92,255363.92
2026-02-05T08:07:46.067000+00:00,1711,25103.75,-0.9948800206184387,SELL,0.001,-0.995,+0.00,+5363.92,255363.92
2026-02-05T08:19:15.144016+00:00,1712,25121.0,-0.9964955449104309,SELL,0.002,-0.996,+0.00,+5363.92,255363.92
2026-02-05T08:28:39.042000+00:00,1713,25083.75,-0.9961948990821838,BUY,0.000,-0.996,+0.22,+5364.14,255364.14
2026-02-05T08:35:23.001000+00:00,1714,25073.5,-0.9955109357833862,BUY,0.001,-0.996,+0.14,+5364.28,255364.28
2026-02-05T08:50:10.696000+00:00,1715,25062.5,-0.9941225051879883,BUY,0.001,-0.994,+0.31,+5364.59,255364.59
2026-02-05T08:53:39.530011+00:00,1716,25023.75,-0.9924125671386719,BUY,0.002,-0.992,+1.33,+5365.91,255365.91
2026-02-05T09:00:00.940000+00:00,1717,24996.25,-0.9904345870018005,BUY,0.002,-0.990,+1.09,+5367.00,255367.00
2026-02-05T09:01:16.289004+00:00,1718,25028.5,-0.9897035360336304,BUY,0.001,-0.990,-0.47,+5366.53,255366.53
2026-02-05T09:04:35.151000+00:00,1719,25002.25,-0.9891562461853027,BUY,0.001,-0.989,+0.29,+5366.82,255366.82
2026-02-05T09:12:01.845008+00:00,1720,24979.0,-0.9884055256843567,BUY,0.001,-0.988,+0.35,+5367.17,255367.17
2026-02-05T09:20:27.961000+00:00,1721,25018.75,-0.9880614876747131,BUY,0.000,-0.988,-0.27,+5366.89,255366.89
2026-02-05T09:26:09.723000+00:00,1722,25054.5,-0.9886384010314941,SELL,0.001,-0.989,+0.00,+5366.89,255366.89
2026-02-05T09:31:55.950002+00:00,1723,25091.25,-0.9858497381210327,BUY,0.003,-0.986,-2.05,+5364.84,255364.84
2026-02-05T09:37:31.419000+00:00,1724,25056.75,-0.9827226400375366,BUY,0.003,-0.983,+2.16,+5367.00,255367.00
2026-02-05T09:48:58.330000+00:00,1725,25019.75,-0.9799761176109314,BUY,0.003,-0.980,+2.03,+5369.03,255369.03
2026-02-05T09:54:21.690000+00:00,1726,25051.0,-0.9809278249740601,SELL,0.001,-0.981,+0.00,+5369.03,255369.03
2026-02-05T10:12:06.016001+00:00,1727,25062.5,-0.9777783751487732,BUY,0.003,-0.978,-0.72,+5368.31,255368.31
2026-02-05T10:34:18.047006+00:00,1728,25052.0,-0.9716687202453613,BUY,0.006,-0.972,+1.28,+5369.59,255369.59
2026-02-05T11:00:05.787002+00:00,1729,25020.5,-0.9492443799972534,BUY,0.022,-0.949,+14.13,+5383.72,255383.72
2026-02-05T11:17:39.793001+00:00,1730,25051.5,-0.9472480416297913,BUY,0.002,-0.947,-1.24,+5382.48,255382.48
2026-02-05T11:29:36.342000+00:00,1731,25025.0,-0.9475463628768921,SELL,0.000,-0.948,+0.00,+5382.48,255382.48
2026-02-05T11:33:02.004000+00:00,1732,24992.25,-0.9290256500244141,BUY,0.019,-0.929,+12.13,+5394.61,255394.61
2026-02-05T11:56:22.264000+00:00,1733,25031.0,-0.9161462783813477,BUY,0.013,-0.916,-9.98,+5384.63,255384.63
2026-02-05T12:03:42.996000+00:00,1734,25042.5,-0.8977235555648804,BUY,0.018,-0.898,-4.24,+5380.39,255380.39
2026-02-05T12:18:00.366000+00:00,1735,25016.5,-0.8350175619125366,BUY,0.063,-0.835,+32.61,+5413.00,255413.00
2026-02-05T12:19:51.578009+00:00,1736,24976.5,-0.70262610912323,BUY,0.132,-0.703,+105.91,+5518.91,255518.91
2026-02-05T12:22:35.129000+00:00,1737,24939.25,-0.7183789014816284,SELL,0.016,-0.718,+0.00,+5518.91,255518.91
2026-02-05T12:23:54.422005+00:00,1738,24904.5,-0.4870023727416992,BUY,0.231,-0.487,+160.81,+5679.72,255679.72
2026-02-05T12:25:00.586001+00:00,1739,24888.0,-0.46101024746894836,BUY,0.026,-0.461,+8.58,+5688.30,255688.30
2026-02-05T12:25:56.061000+00:00,1740,24921.0,-0.26278942823410034,BUY,0.198,-0.263,-130.83,+5557.47,255557.47
2026-02-05T12:30:03.759005+00:00,1741,24890.0,-0.13301266729831696,BUY,0.130,-0.133,+80.46,+5637.93,255637.93
2026-02-05T12:33:00.362003+00:00,1742,24877.75,-0.017624234780669212,BUY,0.115,-0.018,+28.27,+5666.20,255666.20
2026-02-05T12:35:21.264001+00:00,1743,24838.75,-0.02276698686182499,SELL,0.005,-0.023,+0.00,+5666.20,255666.20
2026-02-05T12:37:41.828000+00:00,1744,24846.5,-0.026607390493154526,SELL,0.004,-0.027,+0.00,+5666.20,255666.20
2026-02-05T12:40:27.977001+00:00,1745,24821.25,-0.04955006390810013,SELL,0.023,-0.050,+0.00,+5666.20,255666.20
2026-02-05T12:42:49.352001+00:00,1746,24806.75,-0.03843134269118309,BUY,0.011,-0.038,+3.22,+5669.43,255669.43
2026-02-05T12:43:25.120007+00:00,1747,24770.75,-0.03718927130103111,BUY,0.001,-0.037,+0.89,+5670.32,255670.32
2026-02-05T12:44:52.099000+00:00,1748,24793.0,-0.028804628178477287,BUY,0.008,-0.029,-3.73,+5666.59,255666.59
2026-02-05T12:46:17.304000+00:00,1749,24766.0,-0.056754253804683685,SELL,0.028,-0.057,+0.00,+5666.59,255666.59
2026-02-05T12:47:01.407001+00:00,1750,24730.0,-0.1030200719833374,SELL,0.046,-0.103,+0.00,+5666.59,255666.59
2026-02-05T12:50:02.184003+00:00,1751,24747.5,-0.26822999119758606,SELL,0.165,-0.268,+0.00,+5666.59,255666.59
2026-02-05T12:51:30.188000+00:00,1752,24775.5,-0.3792349100112915,SELL,0.111,-0.379,+0.00,+5666.59,255666.59
2026-02-05T12:54:40.514000+00:00,1753,24792.5,-0.5990594029426575,SELL,0.220,-0.599,+0.00,+5666.59,255666.59
2026-02-05T12:55:23.751002+00:00,1754,24753.75,-0.6649389266967773,SELL,0.066,-0.665,+0.00,+5666.59,255666.59
2026-02-05T12:57:12.338000+00:00,1755,24777.5,-0.8217398524284363,SELL,0.157,-0.822,+0.00,+5666.59,255666.59
2026-02-05T12:59:40.653002+00:00,1756,24803.5,-0.8768202066421509,SELL,0.055,-0.877,+0.00,+5666.59,255666.59
2026-02-05T13:01:20.493011+00:00,1757,24821.25,-0.910546064376831,SELL,0.034,-0.911,+0.00,+5666.59,255666.59
2026-02-05T13:04:38.014000+00:00,1758,24784.0,-0.9212006330490112,SELL,0.011,-0.921,+0.00,+5666.59,255666.59
2026-02-05T13:05:53.257000+00:00,1759,24812.5,-0.9401697516441345,SELL,0.019,-0.940,+0.00,+5666.59,255666.59
2026-02-05T13:07:56.947000+00:00,1760,24837.25,-0.9412106871604919,SELL,0.001,-0.941,+0.00,+5666.59,255666.59
2026-02-05T13:12:03.432002+00:00,1761,24799.0,-0.9377573132514954,BUY,0.003,-0.938,+2.64,+5669.23,255669.23
2026-02-05T13:16:09.741000+00:00,1762,24782.25,-0.9314593076705933,BUY,0.006,-0.931,+2.11,+5671.34,255671.34
2026-02-05T13:18:02.720000+00:00,1763,24822.25,-0.9404135346412659,SELL,0.009,-0.940,+0.00,+5671.34,255671.34
2026-02-05T13:19:48.483000+00:00,1764,24784.25,-0.9236297011375427,BUY,0.017,-0.924,+12.76,+5684.10,255684.10
2026-02-05T13:28:29.851000+00:00,1765,24783.25,-0.9254855513572693,SELL,0.002,-0.925,+0.00,+5684.10,255684.10
2026-02-05T13:31:53.719000+00:00,1766,24803.25,-0.929595410823822,SELL,0.004,-0.930,+0.00,+5684.10,255684.10
2026-02-05T13:32:18.310031+00:00,1767,24843.25,-0.924668550491333,BUY,0.005,-0.925,-3.94,+5680.16,255680.16
2026-02-05T13:38:08.541000+00:00,1768,24863.0,-0.9189053177833557,BUY,0.006,-0.919,-2.28,+5677.88,255677.88
2026-02-05T13:39:16.560000+00:00,1769,24829.25,-0.905205249786377,BUY,0.014,-0.905,+9.25,+5687.13,255687.13
2026-02-05T13:48:55.360001+00:00,1770,24798.75,-0.8818533420562744,BUY,0.023,-0.882,+14.24,+5701.37,255701.37
2026-02-05T13:50:59.718000+00:00,1771,24765.75,-0.8619974255561829,BUY,0.020,-0.862,+13.10,+5714.48,255714.48
2026-02-05T13:52:29.803000+00:00,1772,24798.75,-0.8573267459869385,BUY,0.005,-0.857,-3.08,+5711.40,255711.40
2026-02-05T13:57:30.101002+00:00,1773,24777.5,-0.843071699142456,BUY,0.014,-0.843,+6.06,+5717.45,255717.45
2026-02-05T14:00:45.808000+00:00,1774,24753.0,-0.8137173652648926,BUY,0.029,-0.814,+14.38,+5731.84,255731.84
2026-02-05T14:00:59.970000+00:00,1775,24776.0,-0.8098272681236267,BUY,0.004,-0.810,-1.79,+5730.05,255730.05
2026-02-05T14:01:16.113000+00:00,1776,24810.0,-0.8173410892486572,SELL,0.008,-0.817,+0.00,+5730.05,255730.05
2026-02-05T14:08:36.885000+00:00,1777,24798.5,-0.7801744937896729,BUY,0.037,-0.780,+8.55,+5738.60,255738.60
2026-02-05T14:13:15.034000+00:00,1778,24771.0,-0.7358400821685791,BUY,0.044,-0.736,+24.38,+5762.98,255762.98
2026-02-05T14:18:19.113000+00:00,1779,24739.5,-0.621507465839386,BUY,0.114,-0.622,+72.03,+5835.01,255835.01
2026-02-05T14:19:39.648000+00:00,1780,24777.0,-0.7916076183319092,SELL,0.170,-0.792,+0.00,+5835.01,255835.01
2026-02-05T14:20:39.457000+00:00,1781,24738.75,-0.5271649956703186,BUY,0.264,-0.527,+202.30,+6037.31,256037.31
2026-02-05T14:25:00.085000+00:00,1782,24766.0,0.07276800274848938,BUY,0.600,0.073,-287.30,+5750.00,255750.00
2026-02-05T14:29:27.404000+00:00,1783,24776.25,0.12451392412185669,BUY,0.052,0.125,+0.00,+5750.00,255750.00
2026-02-05T14:30:05.856000+00:00,1784,24739.5,-0.01980888657271862,SELL,0.144,-0.020,-91.52,+5658.49,255658.49
2026-02-05T14:30:25.700002+00:00,1785,24700.25,-0.05441497266292572,SELL,0.035,-0.054,+0.00,+5658.49,255658.49
2026-02-05T14:30:46.277000+00:00,1786,24731.5,-0.1244053766131401,SELL,0.070,-0.124,+0.00,+5658.49,255658.49
2026-02-05T14:31:19.249000+00:00,1787,24744.75,-0.05377152934670448,BUY,0.071,-0.054,-18.72,+5639.77,255639.77
2026-02-05T14:31:40.192000+00:00,1788,24704.75,-0.09947488456964493,SELL,0.046,-0.099,+0.00,+5639.77,255639.77
2026-02-05T14:32:02.795004+00:00,1789,24670.75,0.03337863087654114,BUY,0.133,0.033,+67.64,+5707.41,255707.41
2026-02-05T14:32:24.872000+00:00,1790,24692.5,0.06648647785186768,BUY,0.033,0.066,+0.00,+5707.41,255707.41
2026-02-05T14:32:33.164000+00:00,1791,24729.75,-0.16349564492702484,SELL,0.230,-0.163,+49.53,+5756.94,255756.94
2026-02-05T14:32:59.898001+00:00,1792,24720.0,-0.10946368426084518,BUY,0.054,-0.109,+10.54,+5767.48,255767.48
2026-02-05T14:33:21.008000+00:00,1793,24739.5,-0.02616102434694767,BUY,0.083,-0.026,-32.49,+5734.99,255734.99
2026-02-05T14:33:49.470001+00:00,1794,24723.75,-0.03276485204696655,SELL,0.007,-0.033,+0.00,+5734.99,255734.99
2026-02-05T14:34:08.837000+00:00,1795,24738.0,-0.024502605199813843,BUY,0.008,-0.025,-2.35,+5732.64,255732.64
2026-02-05T14:34:24.901000+00:00,1796,24776.25,-0.025749124586582184,SELL,0.001,-0.026,+0.00,+5732.64,255732.64
2026-02-05T14:34:38.595001+00:00,1797,24781.5,-0.03288957104086876,SELL,0.007,-0.033,+0.00,+5732.64,255732.64
2026-02-05T14:35:01.126010+00:00,1798,24821.5,-0.14732877910137177,SELL,0.114,-0.147,+0.00,+5732.64,255732.64
2026-02-05T14:35:26.178000+00:00,1799,24807.0,-0.32868167757987976,SELL,0.181,-0.329,+0.00,+5732.64,255732.64
2026-02-05T14:36:12.801000+00:00,1800,24780.25,-0.3037697672843933,BUY,0.025,-0.304,+13.33,+5745.96,255745.96
2026-02-05T14:37:07.491001+00:00,1801,24772.75,-0.267289936542511,BUY,0.036,-0.267,+5.47,+5751.44,255751.44
2026-02-05T14:37:22.684000+00:00,1802,24797.0,-0.4816935360431671,SELL,0.214,-0.482,+0.00,+5751.44,255751.44
2026-02-05T14:37:37.286006+00:00,1803,24836.75,-0.6251357793807983,SELL,0.143,-0.625,+0.00,+5751.44,255751.44
2026-02-05T14:38:02.985002+00:00,1804,24869.25,-0.6071826219558716,BUY,0.018,-0.607,-11.67,+5739.77,255739.77
2026-02-05T14:39:38.078000+00:00,1805,24901.25,-0.8062014579772949,SELL,0.199,-0.806,+0.00,+5739.77,255739.77
2026-02-05T14:40:57.736003+00:00,1806,24909.25,-0.7404463887214661,BUY,0.066,-0.740,-10.52,+5729.25,255729.25
2026-02-05T14:41:25.748013+00:00,1807,24889.75,-0.7232692241668701,BUY,0.017,-0.723,+6.70,+5735.94,255735.94
2026-02-05T14:41:53.406001+00:00,1808,24869.75,-0.727206289768219,SELL,0.004,-0.727,+0.00,+5735.94,255735.94
2026-02-05T14:42:16.879003+00:00,1809,24882.5,-0.7479910254478455,SELL,0.021,-0.748,+0.00,+5735.94,255735.94
2026-02-05T14:43:17.955000+00:00,1810,24908.25,-0.6908220648765564,BUY,0.057,-0.691,-29.44,+5706.50,255706.50
2026-02-05T14:44:39.671000+00:00,1811,24933.5,-0.6805020570755005,BUY,0.010,-0.681,-5.21,+5701.29,255701.29
2026-02-05T14:45:22.794000+00:00,1812,24896.0,-0.5389783382415771,BUY,0.142,-0.539,+106.14,+5807.43,255807.43
2026-02-05T14:46:13.997000+00:00,1813,24928.25,-0.4264887869358063,BUY,0.112,-0.426,-72.56,+5734.88,255734.88
2026-02-05T14:46:31.656000+00:00,1814,24892.0,-0.414010614156723,BUY,0.012,-0.414,+9.05,+5743.92,255743.92
2026-02-05T14:47:15.595000+00:00,1815,24927.5,-0.5359074473381042,SELL,0.122,-0.536,+0.00,+5743.92,255743.92
2026-02-05T14:48:38.791015+00:00,1816,24898.5,-0.42215535044670105,BUY,0.114,-0.422,+65.98,+5809.90,255809.90
2026-02-05T14:49:27.739000+00:00,1817,24912.75,-0.407175213098526,BUY,0.015,-0.407,-4.27,+5805.63,255805.63
2026-02-05T14:50:18.767000+00:00,1818,24945.75,-0.3531860411167145,BUY,0.054,-0.353,-35.63,+5770.00,255770.00
2026-02-05T14:50:56.499000+00:00,1819,24920.0,-0.3524453639984131,BUY,0.001,-0.352,+0.38,+5770.38,255770.38
2026-02-05T14:51:29.122000+00:00,1820,24903.0,-0.4512818157672882,SELL,0.099,-0.451,+0.00,+5770.38,255770.38
2026-02-05T14:52:44.599000+00:00,1821,24865.0,-0.261800080537796,BUY,0.189,-0.262,+144.01,+5914.39,255914.39
2026-02-05T14:53:09.199000+00:00,1822,24905.0,-0.0916728675365448,BUY,0.170,-0.092,-136.10,+5778.28,255778.28
2026-02-05T14:53:37.489002+00:00,1823,24884.75,-0.07511582970619202,BUY,0.017,-0.075,+6.71,+5784.99,255784.99
2026-02-05T14:54:44.170000+00:00,1824,24861.5,-0.06118040531873703,BUY,0.014,-0.061,+6.48,+5791.47,255791.47
2026-02-05T14:55:24.986066+00:00,1825,24835.25,-0.026814915239810944,BUY,0.034,-0.027,+18.04,+5809.51,255809.51
2026-02-05T14:56:15.310006+00:00,1826,24806.25,-0.012839877977967262,BUY,0.014,-0.013,+8.11,+5817.62,255817.62
2026-02-05T14:58:39.452000+00:00,1827,24784.5,-0.021860837936401367,SELL,0.009,-0.022,+0.00,+5817.62,255817.62
2026-02-05T14:59:04.549000+00:00,1828,24762.5,0.002936295233666897,BUY,0.025,0.003,+9.62,+5827.24,255827.24
2026-02-05T15:00:00.905053+00:00,1829,24741.75,-0.02330823428928852,SELL,0.026,-0.023,-1.22,+5826.02,255826.02
2026-02-05T15:00:02.181000+00:00,1830,24779.75,-0.05429268628358841,SELL,0.031,-0.054,+0.00,+5826.02,255826.02
2026-02-05T15:00:16.828000+00:00,1831,24760.25,-0.05509200692176819,SELL,0.001,-0.055,+0.00,+5826.02,255826.02
2026-02-05T15:00:27.701040+00:00,1832,24734.25,-0.07575673609972,SELL,0.021,-0.076,+0.00,+5826.02,255826.02
2026-02-05T15:01:01.348003+00:00,1833,24719.75,-0.052894022315740585,BUY,0.023,-0.053,+6.63,+5832.65,255832.65
2026-02-05T15:01:44.837001+00:00,1834,24689.5,-0.13824479281902313,SELL,0.085,-0.138,+0.00,+5832.65,255832.65
2026-02-05T15:02:41.846001+00:00,1835,24725.75,-0.24893365800380707,SELL,0.111,-0.249,+0.00,+5832.65,255832.65
2026-02-05T15:03:47.897000+00:00,1836,24695.5,-0.36976906657218933,SELL,0.121,-0.370,+0.00,+5832.65,255832.65
2026-02-05T15:05:32.598000+00:00,1837,24679.25,-0.48126477003097534,SELL,0.111,-0.481,+0.00,+5832.65,255832.65
2026-02-05T15:07:03.435000+00:00,1838,24665.25,-0.6295207142829895,SELL,0.148,-0.630,+0.00,+5832.65,255832.65
2026-02-05T15:09:30.993001+00:00,1839,24682.0,-0.7332287430763245,SELL,0.104,-0.733,+0.00,+5832.65,255832.65
2026-02-05T15:10:27.527000+00:00,1840,24697.75,-0.7946836948394775,SELL,0.061,-0.795,+0.00,+5832.65,255832.65
2026-02-05T15:10:44.849000+00:00,1841,24660.0,-0.7859631180763245,BUY,0.009,-0.786,+6.58,+5839.23,255839.23
2026-02-05T15:11:46.448000+00:00,1842,24622.75,-0.7988919615745544,SELL,0.013,-0.799,+0.00,+5839.23,255839.23
2026-02-05T15:13:57.863006+00:00,1843,24587.5,-0.7588357329368591,BUY,0.040,-0.759,+28.24,+5867.47,255867.47
2026-02-05T15:15:14.263000+00:00,1844,24553.5,-0.8062195181846619,SELL,0.047,-0.806,+0.00,+5867.47,255867.47
2026-02-05T15:16:02.065006+00:00,1845,24590.0,-0.8246453404426575,SELL,0.018,-0.825,+0.00,+5867.47,255867.47
2026-02-05T15:16:08.660000+00:00,1846,24630.0,-0.8555454015731812,SELL,0.031,-0.856,+0.00,+5867.47,255867.47
2026-02-05T15:17:01.558003+00:00,1847,24606.75,-0.8547957539558411,BUY,0.001,-0.855,+0.35,+5867.82,255867.82
2026-02-05T15:17:19.582000+00:00,1848,24646.5,-0.8533002734184265,BUY,0.001,-0.853,-1.19,+5866.63,255866.63
2026-02-05T15:18:05.506000+00:00,1849,24615.75,-0.8552160859107971,SELL,0.002,-0.855,+0.00,+5866.63,255866.63
2026-02-05T15:21:09.055000+00:00,1850,24604.25,-0.8845790028572083,SELL,0.029,-0.885,+0.00,+5866.63,255866.63
2026-02-05T15:22:12.002001+00:00,1851,24595.0,-0.9321929812431335,SELL,0.048,-0.932,+0.00,+5866.63,255866.63
2026-02-05T15:22:30.392000+00:00,1852,24634.0,-0.947049081325531,SELL,0.015,-0.947,+0.00,+5866.63,255866.63
2026-02-05T15:22:49.962000+00:00,1853,24620.5,-0.9472853541374207,SELL,0.000,-0.947,+0.00,+5866.63,255866.63
2026-02-05T15:23:52.314000+00:00,1854,24580.5,-0.9496016502380371,SELL,0.002,-0.950,+0.00,+5866.63,255866.63
2026-02-05T15:25:03.940000+00:00,1855,24618.75,-0.9590404629707336,SELL,0.009,-0.959,+0.00,+5866.63,255866.63
2026-02-05T15:25:15.431001+00:00,1856,24653.75,-0.9703541994094849,SELL,0.011,-0.970,+0.00,+5866.63,255866.63
2026-02-05T15:25:49.413000+00:00,1857,24623.5,-0.9760618209838867,SELL,0.006,-0.976,+0.00,+5866.63,255866.63
2026-02-05T15:26:03.480000+00:00,1858,24587.0,-0.9821028113365173,SELL,0.006,-0.982,+0.00,+5866.63,255866.63
2026-02-05T15:28:15.732002+00:00,1859,24598.25,-0.9886153936386108,SELL,0.007,-0.989,+0.00,+5866.63,255866.63
2026-02-05T15:28:44.322000+00:00,1860,24584.75,-0.9894781708717346,SELL,0.001,-0.989,+0.00,+5866.63,255866.63
2026-02-05T15:30:19.113001+00:00,1861,24607.25,-0.9919752478599548,SELL,0.002,-0.992,+0.00,+5866.63,255866.63
2026-02-05T15:31:49.976000+00:00,1862,24587.25,-0.9933789372444153,SELL,0.001,-0.993,+0.00,+5866.63,255866.63
2026-02-05T15:33:49.171004+00:00,1863,24553.0,-0.9932869076728821,BUY,0.000,-0.993,+0.06,+5866.69,255866.69
2026-02-05T15:35:12.243001+00:00,1864,24593.0,-0.9950973391532898,SELL,0.002,-0.995,+0.00,+5866.69,255866.69
2026-02-05T15:37:24.227000+00:00,1865,24604.25,-0.9955218434333801,SELL,0.000,-0.996,+0.00,+5866.69,255866.69
2026-02-05T15:38:08.928000+00:00,1866,24625.25,-0.9961048364639282,SELL,0.001,-0.996,+0.00,+5866.69,255866.69
2026-02-05T15:39:04.966000+00:00,1867,24652.25,-0.9963189363479614,SELL,0.000,-0.996,+0.00,+5866.69,255866.69
2026-02-05T15:40:23.660098+00:00,1868,24631.75,-0.9958795309066772,BUY,0.000,-0.996,+0.18,+5866.87,255866.87
2026-02-05T15:42:02.800001+00:00,1869,24661.25,-0.995232880115509,BUY,0.001,-0.995,-0.38,+5866.49,255866.49
2026-02-05T15:42:18.340000+00:00,1870,24700.0,-0.9942271113395691,BUY,0.001,-0.994,-0.78,+5865.71,255865.71
2026-02-05T15:43:56.411000+00:00,1871,24660.25,-0.9926687479019165,BUY,0.002,-0.993,+1.24,+5866.95,255866.95
2026-02-05T15:44:34.711000+00:00,1872,24699.5,-0.9920252561569214,BUY,0.001,-0.992,-0.51,+5866.45,255866.45
2026-02-05T15:45:25.877002+00:00,1873,24659.75,-0.991487979888916,BUY,0.001,-0.991,+0.43,+5866.87,255866.87
2026-02-05T15:45:51.852077+00:00,1874,24620.0,-0.9892745614051819,BUY,0.002,-0.989,+1.76,+5868.63,255868.63
2026-02-05T15:48:13.649003+00:00,1875,24587.75,-0.9873884320259094,BUY,0.002,-0.987,+1.22,+5869.85,255869.85
2026-02-05T15:50:09.111000+00:00,1876,24610.75,-0.9805076122283936,BUY,0.007,-0.981,-3.17,+5866.69,255866.69
2026-02-05T15:51:50.094000+00:00,1877,24631.5,-0.9720896482467651,BUY,0.008,-0.972,-3.49,+5863.19,255863.19
2026-02-05T15:52:11.104000+00:00,1878,24599.75,-0.9697368144989014,BUY,0.002,-0.970,+1.49,+5864.69,255864.69
2026-02-05T15:53:16.880040+00:00,1879,24635.0,-0.9788811206817627,SELL,0.009,-0.979,+0.00,+5864.69,255864.69
2026-02-05T15:53:42.574002+00:00,1880,24615.5,-0.9652987122535706,BUY,0.014,-0.965,+5.30,+5869.98,255869.98
2026-02-05T15:54:46.121000+00:00,1881,24601.0,-0.9507213830947876,BUY,0.015,-0.951,+4.23,+5874.21,255874.21
2026-02-05T15:56:16.711001+00:00,1882,24635.5,-0.9439648985862732,BUY,0.007,-0.944,-4.66,+5869.55,255869.55
2026-02-05T15:57:07.397000+00:00,1883,24596.5,-0.9148378968238831,BUY,0.029,-0.915,+22.72,+5892.27,255892.27
2026-02-05T15:58:34.281000+00:00,1884,24608.75,-0.9003695845603943,BUY,0.014,-0.900,-3.54,+5888.72,255888.72
2026-02-05T16:00:00.012000+00:00,1885,24636.25,-0.8919386863708496,BUY,0.008,-0.892,-4.64,+5884.09,255884.09
2026-02-05T16:03:19.950000+00:00,1886,24612.0,-0.873843789100647,BUY,0.018,-0.874,+8.78,+5892.86,255892.86
2026-02-05T16:06:04.836012+00:00,1887,24580.75,-0.8049748539924622,BUY,0.069,-0.805,+43.04,+5935.91,255935.91
2026-02-05T16:07:39.545000+00:00,1888,24569.25,-0.7681760191917419,BUY,0.037,-0.768,+8.46,+5944.37,255944.37
2026-02-05T16:10:20.206007+00:00,1889,24596.25,-0.7659233212471008,BUY,0.002,-0.766,-1.22,+5943.15,255943.15
2026-02-05T16:11:30.366000+00:00,1890,24571.25,-0.7343536019325256,BUY,0.032,-0.734,+15.78,+5958.94,255958.94
2026-02-05T16:14:58.336164+00:00,1891,24546.0,-0.7360454201698303,SELL,0.002,-0.736,+0.00,+5958.94,255958.94
2026-02-05T16:15:18.441000+00:00,1892,24583.5,-0.7078585028648376,BUY,0.028,-0.708,-21.14,+5937.80,255937.80
2026-02-05T16:15:45.044002+00:00,1893,24620.75,-0.6745187640190125,BUY,0.033,-0.675,-24.84,+5912.96,255912.96
2026-02-05T16:17:00.802000+00:00,1894,24656.75,-0.4975224435329437,BUY,0.177,-0.498,-127.44,+5785.52,255785.52
2026-02-05T16:20:05.072000+00:00,1895,24688.75,-0.46089524030685425,BUY,0.037,-0.461,-23.44,+5762.08,255762.08
2026-02-05T16:22:03.902018+00:00,1896,24712.25,-0.4414648413658142,BUY,0.019,-0.441,-9.13,+5752.95,255752.95
2026-02-05T16:23:52.158000+00:00,1897,24700.75,-0.4736424684524536,SELL,0.032,-0.474,+0.00,+5752.95,255752.95
2026-02-05T16:24:53.022002+00:00,1898,24721.25,-0.5720862746238708,SELL,0.098,-0.572,+0.00,+5752.95,255752.95
2026-02-05T16:27:05.640003+00:00,1899,24750.0,-0.5581066012382507,BUY,0.014,-0.558,-8.04,+5744.91,255744.91
2026-02-05T16:28:18.427000+00:00,1900,24769.25,-0.48839041590690613,BUY,0.070,-0.488,-26.84,+5718.07,255718.07
2026-02-05T16:30:29.830034+00:00,1901,24803.75,-0.42685168981552124,BUY,0.062,-0.427,-42.46,+5675.61,255675.61
2026-02-05T16:33:51.099000+00:00,1902,24810.75,-0.28486722707748413,BUY,0.142,-0.285,-19.88,+5655.73,255655.73
2026-02-05T16:38:08.131003+00:00,1903,24785.0,-0.3315252959728241,SELL,0.047,-0.332,+0.00,+5655.73,255655.73
2026-02-05T16:40:45.336002+00:00,1904,24782.25,-0.3791537582874298,SELL,0.048,-0.379,+0.00,+5655.73,255655.73
2026-02-05T16:42:15.686017+00:00,1905,24800.5,-0.44719454646110535,SELL,0.068,-0.447,+0.00,+5655.73,255655.73
2026-02-05T16:44:18.566000+00:00,1906,24777.0,-0.599023699760437,SELL,0.152,-0.599,+0.00,+5655.73,255655.73
2026-02-05T16:45:52.403000+00:00,1907,24760.0,-0.5395071506500244,BUY,0.060,-0.540,+20.24,+5675.97,255675.97
2026-02-05T16:49:17.218000+00:00,1908,24770.25,-0.6097554564476013,SELL,0.070,-0.610,+0.00,+5675.97,255675.97
2026-02-05T16:50:05.204000+00:00,1909,24792.0,-0.5104068517684937,BUY,0.099,-0.510,-43.22,+5632.75,255632.75
2026-02-05T16:51:26.288040+00:00,1910,24831.25,-0.5257607698440552,SELL,0.015,-0.526,+0.00,+5632.75,255632.75
2026-02-05T16:55:11.326004+00:00,1911,24843.0,-0.3862890899181366,BUY,0.139,-0.386,-32.78,+5599.97,255599.97
2026-02-05T16:56:17.504000+00:00,1912,24816.5,-0.32613620162010193,BUY,0.060,-0.326,+31.88,+5631.85,255631.85
2026-02-05T16:59:43.575000+00:00,1913,24830.75,-0.4366917014122009,SELL,0.111,-0.437,+0.00,+5631.85,255631.85
2026-02-05T17:00:37.155000+00:00,1914,24793.0,-0.44515934586524963,SELL,0.008,-0.445,+0.00,+5631.85,255631.85
2026-02-05T17:04:00.405000+00:00,1915,24763.5,-0.35825222730636597,BUY,0.087,-0.358,+51.28,+5683.13,255683.13
2026-02-05T17:06:03.286000+00:00,1916,24783.0,-0.433397501707077,SELL,0.075,-0.433,+0.00,+5683.13,255683.13
2026-02-05T17:07:12.973000+00:00,1917,24752.25,-0.3883746266365051,BUY,0.045,-0.388,+27.69,+5710.82,255710.82
2026-02-05T17:12:04.426000+00:00,1918,24743.75,-0.2852499485015869,BUY,0.103,-0.285,+17.53,+5728.35,255728.35
2026-02-05T17:14:46.274000+00:00,1919,24776.0,-0.1767621785402298,BUY,0.108,-0.177,-69.97,+5658.37,255658.37
2026-02-05T17:20:30.626000+00:00,1920,24743.75,-0.14263524115085602,BUY,0.034,-0.143,+22.01,+5680.39,255680.39
2026-02-05T17:22:08.152001+00:00,1921,24762.25,-0.1314573734998703,BUY,0.011,-0.131,-4.14,+5676.25,255676.25
2026-02-05T17:23:55.412000+00:00,1922,24794.0,-0.029178030788898468,BUY,0.102,-0.029,-64.95,+5611.30,255611.30
2026-02-05T17:25:00.071007+00:00,1923,24832.5,-0.025125980377197266,BUY,0.004,-0.025,-3.12,+5608.18,255608.18
2026-02-05T17:31:57.406003+00:00,1924,24824.75,-0.010825015604496002,BUY,0.014,-0.011,+2.22,+5610.40,255610.40
2026-02-05T17:34:41.638000+00:00,1925,24802.75,-0.014305606484413147,SELL,0.003,-0.014,+0.00,+5610.40,255610.40
2026-02-05T17:36:23.750000+00:00,1926,24836.0,-0.024627722799777985,SELL,0.010,-0.025,+0.00,+5610.40,255610.40
2026-02-05T17:40:25.770026+00:00,1927,24857.75,-0.04530112445354462,SELL,0.021,-0.045,+0.00,+5610.40,255610.40
2026-02-05T17:43:03.251000+00:00,1928,24836.75,-0.08748751133680344,SELL,0.042,-0.087,+0.00,+5610.40,255610.40
2026-02-05T17:45:50.431000+00:00,1929,24867.25,-0.08596939593553543,BUY,0.002,-0.086,-0.93,+5609.47,255609.47
2026-02-05T17:48:21.569000+00:00,1930,24846.5,-0.10906814783811569,SELL,0.023,-0.109,+0.00,+5609.47,255609.47
2026-02-05T17:49:00.647000+00:00,1931,24808.25,-0.1362677961587906,SELL,0.027,-0.136,+0.00,+5609.47,255609.47
2026-02-05T17:50:06.614000+00:00,1932,24782.5,-0.16939255595207214,SELL,0.033,-0.169,+0.00,+5609.47,255609.47
2026-02-05T17:51:06.073000+00:00,1933,24822.5,-0.04882043972611427,BUY,0.121,-0.049,-96.46,+5513.02,255513.02
2026-02-05T17:55:00.856000+00:00,1934,24796.0,0.014969042502343655,BUY,0.064,0.015,+25.87,+5538.89,255538.89
2026-02-05T18:00:42.937000+00:00,1935,24808.0,-0.031706374138593674,SELL,0.047,-0.032,+3.59,+5542.48,255542.48
2026-02-05T18:04:49.436045+00:00,1936,24794.5,-0.472866952419281,SELL,0.441,-0.473,+0.00,+5542.48,255542.48
2026-02-05T18:09:01.773000+00:00,1937,24764.5,-0.6470656394958496,SELL,0.174,-0.647,+0.00,+5542.48,255542.48
2026-02-05T18:12:08.139000+00:00,1938,24786.0,-0.7620754837989807,SELL,0.115,-0.762,+0.00,+5542.48,255542.48
2026-02-05T18:16:59.478024+00:00,1939,24755.25,-0.754597008228302,BUY,0.007,-0.755,+4.60,+5547.08,255547.08
2026-02-05T18:21:39.657001+00:00,1940,24736.0,-0.7248609066009521,BUY,0.030,-0.725,+11.45,+5558.53,255558.53
2026-02-05T18:27:07.527000+00:00,1941,24750.5,-0.7514458298683167,SELL,0.027,-0.751,+0.00,+5558.53,255558.53
2026-02-05T18:31:12.821000+00:00,1942,24763.0,-0.7694993615150452,SELL,0.018,-0.769,+0.00,+5558.53,255558.53
2026-02-05T18:34:00.210000+00:00,1943,24733.5,-0.7942601442337036,SELL,0.025,-0.794,+0.00,+5558.53,255558.53
2026-02-05T18:40:04.621000+00:00,1944,24709.0,-0.8059779405593872,SELL,0.012,-0.806,+0.00,+5558.53,255558.53
2026-02-05T18:47:51.015000+00:00,1945,24690.0,-0.8243058323860168,SELL,0.018,-0.824,+0.00,+5558.53,255558.53
2026-02-05T18:59:13.436000+00:00,1946,24702.5,-0.8386892080307007,SELL,0.014,-0.839,+0.00,+5558.53,255558.53
2026-02-05T19:03:24.048000+00:00,1947,24724.0,-0.8427914977073669,SELL,0.004,-0.843,+0.00,+5558.53,255558.53
2026-02-05T19:10:13.481000+00:00,1948,24760.75,-0.8696973919868469,SELL,0.027,-0.870,+0.00,+5558.53,255558.53
2026-02-05T19:12:00.592000+00:00,1949,24792.75,-0.8621763586997986,BUY,0.008,-0.862,-4.81,+5553.72,255553.72
2026-02-05T19:16:46.964003+00:00,1950,24817.25,-0.880108118057251,SELL,0.018,-0.880,+0.00,+5553.72,255553.72
2026-02-05T19:25:16.758000+00:00,1951,24799.25,-0.860119640827179,BUY,0.020,-0.860,+7.20,+5560.91,255560.91
2026-02-05T19:30:05.887000+00:00,1952,24759.25,-0.7863417267799377,BUY,0.074,-0.786,+59.02,+5619.94,255619.94
2026-02-05T19:32:01.109000+00:00,1953,24720.0,-0.7814745306968689,BUY,0.005,-0.781,+3.82,+5623.76,255623.76
2026-02-05T19:35:00.779012+00:00,1954,24722.75,-0.7956194877624512,SELL,0.014,-0.796,+0.00,+5623.76,255623.76
2026-02-05T19:38:40.535000+00:00,1955,24741.75,-0.7535384297370911,BUY,0.042,-0.754,-15.99,+5607.77,255607.77
2026-02-05T19:40:49.497000+00:00,1956,24702.25,-0.7418214082717896,BUY,0.012,-0.742,+9.26,+5617.02,255617.02
2026-02-05T19:52:18.455004+00:00,1957,24675.75,-0.7353125810623169,BUY,0.007,-0.735,+3.45,+5620.47,255620.47
2026-02-05T19:59:23.188001+00:00,1958,24712.5,-0.7230880856513977,BUY,0.012,-0.723,-8.99,+5611.49,255611.49
2026-02-05T20:02:07.579001+00:00,1959,24732.75,-0.7313885688781738,SELL,0.008,-0.731,+0.00,+5611.49,255611.49
2026-02-05T20:07:16.787000+00:00,1960,24761.25,-0.7538420557975769,SELL,0.022,-0.754,+0.00,+5611.49,255611.49
2026-02-05T20:09:26.223000+00:00,1961,24797.75,-0.7848946452140808,SELL,0.031,-0.785,+0.00,+5611.49,255611.49
2026-02-05T20:12:22.320000+00:00,1962,24767.75,-0.8023540377616882,SELL,0.017,-0.802,+0.00,+5611.49,255611.49
2026-02-05T20:15:07.472000+00:00,1963,24731.0,-0.7283922433853149,BUY,0.074,-0.728,+54.36,+5665.85,255665.85
2026-02-05T20:19:50.112000+00:00,1964,24698.5,-0.6292569041252136,BUY,0.099,-0.629,+64.44,+5730.29,255730.29
2026-02-05T20:22:01.032027+00:00,1965,24659.25,-0.3253202438354492,BUY,0.304,-0.325,+238.59,+5968.88,255968.88
2026-02-05T20:23:48.823030+00:00,1966,24646.0,0.37187302112579346,BUY,0.697,0.372,+86.21,+6055.09,256055.09
2026-02-05T20:31:44.972007+00:00,1967,24627.75,0.5559350848197937,BUY,0.184,0.556,+0.00,+6055.09,256055.09
2026-02-05T20:40:22.681000+00:00,1968,24656.75,0.4285111725330353,SELL,0.127,0.429,+73.91,+6128.99,256128.99
2026-02-05T20:43:13.892000+00:00,1969,24639.0,0.10727956146001816,SELL,0.321,0.107,-114.04,+6014.96,256014.96
2026-02-05T20:45:30.584000+00:00,1970,24600.0,0.04224288836121559,SELL,0.065,0.042,-50.73,+5964.23,255964.23
2026-02-05T20:51:02.768007+00:00,1971,24592.25,-0.08687569200992584,SELL,0.129,-0.087,-6.55,+5957.68,255957.68
2026-02-05T20:54:41.176000+00:00,1972,24608.5,-0.24882231652736664,SELL,0.162,-0.249,+0.00,+5957.68,255957.68
2026-02-05T20:56:54.766008+00:00,1973,24648.5,-0.4706681966781616,SELL,0.222,-0.471,+0.00,+5957.68,255957.68
2026-02-05T21:00:23.374002+00:00,1974,24664.75,-0.5585533380508423,SELL,0.088,-0.559,+0.00,+5957.68,255957.68
2026-02-05T21:00:56.029010+00:00,1975,24645.0,-0.6221808791160583,SELL,0.064,-0.622,+0.00,+5957.68,255957.68
2026-02-05T21:00:58.584013+00:00,1976,24670.0,-0.7511341571807861,SELL,0.129,-0.751,+0.00,+5957.68,255957.68
2026-02-05T21:00:59.046004+00:00,1977,24630.0,-0.6893675327301025,BUY,0.062,-0.689,+49.41,+6007.09,256007.09
2026-02-05T21:00:59.085000+00:00,1978,24654.0,-0.654892086982727,BUY,0.034,-0.655,-16.55,+5990.54,255990.54
2026-02-05T21:01:00.000023+00:00,1979,24685.5,-0.7197774648666382,SELL,0.065,-0.720,+0.00,+5990.54,255990.54
2026-02-05T21:01:00.031003+00:00,1980,24649.25,-0.7936446666717529,SELL,0.074,-0.794,+0.00,+5990.54,255990.54
2026-02-05T21:01:00.039001+00:00,1981,24670.0,-0.8559457659721375,SELL,0.062,-0.856,+0.00,+5990.54,255990.54
2026-02-05T21:01:00.051000+00:00,1982,24630.0,-0.8836576342582703,SELL,0.028,-0.884,+0.00,+5990.54,255990.54
2026-02-05T21:01:04.836000+00:00,1983,24651.5,-0.9316559433937073,SELL,0.048,-0.932,+0.00,+5990.54,255990.54
2026-02-05T21:01:06.658000+00:00,1984,24672.0,-0.9573075771331787,SELL,0.026,-0.957,+0.00,+5990.54,255990.54
2026-02-05T21:01:06.831005+00:00,1985,24712.0,-0.9688395857810974,SELL,0.012,-0.969,+0.00,+5990.54,255990.54
2026-02-05T21:01:07.927000+00:00,1986,24679.0,-0.9693642258644104,SELL,0.001,-0.969,+0.00,+5990.54,255990.54
2026-02-05T21:01:11.840000+00:00,1987,24651.25,-0.977157473564148,SELL,0.008,-0.977,+0.00,+5990.54,255990.54
2026-02-05T21:01:27.247001+00:00,1988,24637.5,-0.9805799126625061,SELL,0.003,-0.981,+0.00,+5990.54,255990.54
2026-02-05T21:01:42.760000+00:00,1989,24630.0,-0.9838604927062988,SELL,0.003,-0.984,+0.00,+5990.54,255990.54
2026-02-05T21:02:29.316002+00:00,1990,24626.25,-0.9860422611236572,SELL,0.002,-0.986,+0.00,+5990.54,255990.54
2026-02-05T21:02:50.715005+00:00,1991,24597.0,-0.9898855686187744,SELL,0.004,-0.990,+0.00,+5990.54,255990.54
2026-02-05T21:04:54.325041+00:00,1992,24573.0,-0.991672694683075,SELL,0.002,-0.992,+0.00,+5990.54,255990.54
2026-02-05T21:07:21.575000+00:00,1993,24592.75,-0.9936093091964722,SELL,0.002,-0.994,+0.00,+5990.54,255990.54
2026-02-05T21:10:09.594001+00:00,1994,24603.0,-0.9950923919677734,SELL,0.001,-0.995,+0.00,+5990.54,255990.54
2026-02-05T21:15:39.441009+00:00,1995,24594.0,-0.9960076808929443,SELL,0.001,-0.996,+0.00,+5990.54,255990.54
2026-02-05T21:19:10.649011+00:00,1996,24564.0,-0.9965469241142273,SELL,0.001,-0.997,+0.00,+5990.54,255990.54
2026-02-05T21:33:30.720000+00:00,1997,24525.5,-0.996502161026001,BUY,0.000,-0.997,+0.03,+5990.58,255990.58
2026-02-05T21:34:27.010012+00:00,1998,24485.5,-0.9956331253051758,BUY,0.001,-0.996,+0.70,+5991.27,255991.27
2026-02-05T21:37:23.618002+00:00,1999,24460.5,-0.9952687621116638,BUY,0.000,-0.995,+0.18,+5991.46,255991.46
2026-02-05T21:41:24.943000+00:00,2000,24441.75,-0.9954169988632202,SELL,0.000,-0.995,+0.00,+5991.46,255991.46
2026-02-05T21:45:28.542000+00:00,2001,24475.0,-0.9949881434440613,BUY,0.000,-0.995,-0.29,+5991.17,255991.17
2026-02-05T21:49:39.524000+00:00,2002,24445.25,-0.9945564866065979,BUY,0.000,-0.995,+0.26,+5991.43,255991.43
2026-02-05T21:56:36.023000+00:00,2003,24419.0,-0.9935571551322937,BUY,0.001,-0.994,+0.52,+5991.95,255991.95
2026-02-05T23:00:16.627023+00:00,2004,24445.25,-0.9920157790184021,BUY,0.002,-0.992,-0.81,+5991.14,255991.14
2026-02-05T23:01:29.874000+00:00,2005,24409.25,-0.9869181513786316,BUY,0.005,-0.987,+3.67,+5994.81,255994.81
2026-02-05T23:03:32.689000+00:00,2006,24435.25,-0.9764591455459595,BUY,0.010,-0.976,-5.44,+5989.37,255989.37
2026-02-05T23:06:31.565002+00:00,2007,24471.25,-0.9799631237983704,SELL,0.004,-0.980,+0.00,+5989.37,255989.37
2026-02-05T23:11:01.711007+00:00,2008,24434.0,-0.9813739657402039,SELL,0.001,-0.981,+0.00,+5989.37,255989.37
2026-02-05T23:19:57.378004+00:00,2009,24408.5,-0.976418673992157,BUY,0.005,-0.976,+2.53,+5991.90,255991.90
2026-02-05T23:22:05.384003+00:00,2010,24370.0,-0.971983015537262,BUY,0.004,-0.972,+3.42,+5995.32,255995.32
2026-02-05T23:28:21.776000+00:00,2011,24398.75,-0.9662517309188843,BUY,0.006,-0.966,-3.30,+5992.02,255992.02
2026-02-05T23:34:14.044002+00:00,2012,24394.5,-0.9643791913986206,BUY,0.002,-0.964,+0.16,+5992.18,255992.18
2026-02-05T23:36:40.015002+00:00,2013,24356.25,-0.9345754981040955,BUY,0.030,-0.935,+22.80,+6014.98,256014.98
2026-02-05T23:45:45.738014+00:00,2014,24334.5,-0.897840678691864,BUY,0.037,-0.898,+15.98,+6030.96,256030.96
2026-02-05T23:52:20.257070+00:00,2015,24318.75,-0.9006022810935974,SELL,0.003,-0.901,+0.00,+6030.96,256030.96
2026-02-05T23:57:03.125001+00:00,2016,24334.0,-0.9242346286773682,SELL,0.024,-0.924,+0.00,+6030.96,256030.96
2026-02-06T00:01:27.987000+00:00,2017,24305.0,-0.9027402997016907,BUY,0.021,-0.903,+12.47,+6043.43,256043.43
2026-02-06T00:05:41.578000+00:00,2018,24273.75,-0.8869506120681763,BUY,0.016,-0.887,+9.87,+6053.30,256053.30
2026-02-06T00:08:00.433001+00:00,2019,24300.0,-0.8425004482269287,BUY,0.044,-0.843,-23.34,+6029.96,256029.96
2026-02-06T00:14:44.235000+00:00,2020,24261.5,-0.746403694152832,BUY,0.096,-0.746,+73.99,+6103.95,256103.95
2026-02-06T00:17:47.038000+00:00,2021,24280.0,-0.7162456512451172,BUY,0.030,-0.716,-11.16,+6092.80,256092.80
2026-02-06T00:20:23.056002+00:00,2022,24319.0,-0.7376545667648315,SELL,0.021,-0.738,+0.00,+6092.80,256092.80
2026-02-06T00:23:01.487000+00:00,2023,24334.5,-0.7328879237174988,BUY,0.005,-0.733,-1.48,+6091.32,256091.32
2026-02-06T00:25:44.724000+00:00,2024,24360.0,-0.7128055691719055,BUY,0.020,-0.713,-10.24,+6081.08,256081.08
2026-02-06T00:35:13.259005+00:00,2025,24388.0,-0.7356358766555786,SELL,0.023,-0.736,+0.00,+6081.08,256081.08
2026-02-06T00:41:46.913000+00:00,2026,24361.5,-0.7774209380149841,SELL,0.042,-0.777,+0.00,+6081.08,256081.08
2026-02-06T00:52:54.483000+00:00,2027,24350.0,-0.8217777013778687,SELL,0.044,-0.822,+0.00,+6081.08,256081.08
2026-02-06T00:58:10.560008+00:00,2028,24383.75,-0.8857218623161316,SELL,0.064,-0.886,+0.00,+6081.08,256081.08
2026-02-06T01:00:15.410000+00:00,2029,24422.75,-0.9311487078666687,SELL,0.045,-0.931,+0.00,+6081.08,256081.08
2026-02-06T01:10:59.012000+00:00,2030,24398.5,-0.9433563947677612,SELL,0.012,-0.943,+0.00,+6081.08,256081.08
2026-02-06T01:15:32.406021+00:00,2031,24369.25,-0.9412990808486938,BUY,0.002,-0.941,+1.20,+6082.28,256082.28
2026-02-06T01:19:37.529000+00:00,2032,24352.75,-0.9401931762695312,BUY,0.001,-0.940,+0.36,+6082.64,256082.64
2026-02-06T01:31:44.775003+00:00,2033,24380.75,-0.9500260353088379,SELL,0.010,-0.950,+0.00,+6082.64,256082.64
2026-02-06T01:35:54.739003+00:00,2034,24413.5,-0.9591659903526306,SELL,0.009,-0.959,+0.00,+6082.64,256082.64
2026-02-06T01:41:35.143000+00:00,2035,24453.5,-0.9691085815429688,SELL,0.010,-0.969,+0.00,+6082.64,256082.64
2026-02-06T01:47:33.398014+00:00,2036,24493.0,-0.9779872298240662,SELL,0.009,-0.978,+0.00,+6082.64,256082.64
2026-02-06T01:55:45.394001+00:00,2037,24530.0,-0.975278913974762,BUY,0.003,-0.975,-2.00,+6080.64,256080.64
2026-02-06T02:04:45.036000+00:00,2038,24560.75,-0.9741546511650085,BUY,0.001,-0.974,-0.69,+6079.95,256079.95
2026-02-06T02:16:18.178000+00:00,2039,24531.0,-0.9640806317329407,BUY,0.010,-0.964,+5.99,+6085.94,256085.94
2026-02-06T02:18:02.038000+00:00,2040,24565.75,-0.9643383622169495,SELL,0.000,-0.964,+0.00,+6085.94,256085.94
2026-02-06T02:23:13.126003+00:00,2041,24527.75,-0.9580398797988892,BUY,0.006,-0.958,+4.79,+6090.73,256090.73
2026-02-06T02:30:11.323000+00:00,2042,24561.0,-0.9543291330337524,BUY,0.004,-0.954,-2.47,+6088.26,256088.26
2026-02-06T02:35:09.290000+00:00,2043,24570.0,-0.9578442573547363,SELL,0.004,-0.958,+0.00,+6088.26,256088.26
2026-02-06T02:45:41.086002+00:00,2044,24539.5,-0.9576860070228577,BUY,0.000,-0.958,+0.10,+6088.36,256088.36
2026-02-06T02:50:54.997007+00:00,2045,24550.75,-0.9568432569503784,BUY,0.001,-0.957,-0.19,+6088.17,256088.17
2026-02-06T03:09:03.725000+00:00,2046,24564.75,-0.9622222781181335,SELL,0.005,-0.962,+0.00,+6088.17,256088.17
2026-02-06T03:17:28.423000+00:00,2047,24525.5,-0.9630913138389587,SELL,0.001,-0.963,+0.00,+6088.17,256088.17
2026-02-06T03:30:52.417000+00:00,2048,24543.0,-0.9684281349182129,SELL,0.005,-0.968,+0.00,+6088.17,256088.17
2026-02-06T03:38:48.832000+00:00,2049,24512.75,-0.9693434238433838,SELL,0.001,-0.969,+0.00,+6088.17,256088.17
2026-02-06T03:43:48.220004+00:00,2050,24479.0,-0.9563548564910889,BUY,0.013,-0.956,+8.77,+6096.94,256096.94
2026-02-06T03:50:47.984017+00:00,2051,24512.25,-0.857225775718689,BUY,0.099,-0.857,-65.92,+6031.02,256031.02
2026-02-06T04:23:08.051000+00:00,2052,24494.5,0.06838443875312805,BUY,0.926,0.068,+304.32,+6335.33,256335.33
2026-02-06T04:36:10.604000+00:00,2053,24462.0,0.39347100257873535,BUY,0.325,0.393,+0.00,+6335.33,256335.33
2026-02-06T04:56:23.638004+00:00,2054,24437.0,0.5647588968276978,BUY,0.171,0.565,+0.00,+6335.33,256335.33
2026-02-06T05:02:21.800001+00:00,2055,24465.5,0.8492399454116821,BUY,0.284,0.849,+0.00,+6335.33,256335.33
2026-02-06T05:15:16.521002+00:00,2056,24470.75,0.9520658850669861,BUY,0.103,0.952,+0.00,+6335.33,256335.33
2026-02-06T05:30:22.882000+00:00,2057,24495.0,0.9723524451255798,BUY,0.020,0.972,+0.00,+6335.33,256335.33
2026-02-06T05:35:06.570000+00:00,2058,24534.5,0.9883695840835571,BUY,0.016,0.988,+0.00,+6335.33,256335.33
2026-02-06T05:50:49.623027+00:00,2059,24568.5,0.9957705140113831,BUY,0.007,0.996,+0.00,+6335.33,256335.33
2026-02-06T06:02:20.820000+00:00,2060,24598.0,0.9986021518707275,BUY,0.003,0.999,+0.00,+6335.33,256335.33
2026-02-06T06:35:32.810002+00:00,2061,24573.5,0.9964492917060852,SELL,0.002,0.996,-1.05,+6334.28,256334.28
2026-02-06T07:00:29.103000+00:00,2062,24536.5,0.9960046410560608,SELL,0.000,0.996,-0.33,+6333.95,256333.95
2026-02-06T07:11:57.061000+00:00,2063,24507.75,0.9986522197723389,BUY,0.003,0.999,+0.00,+6333.95,256333.95
2026-02-06T07:21:13.612000+00:00,2064,24546.25,0.999213695526123,BUY,0.001,0.999,+0.00,+6333.95,256333.95
2026-02-06T07:46:58.192016+00:00,2065,24538.25,0.9991944432258606,SELL,0.000,0.999,-0.00,+6333.94,256333.94
2026-02-06T08:02:07.090003+00:00,2066,24522.25,0.9989503622055054,SELL,0.000,0.999,-0.08,+6333.87,256333.87
2026-02-06T08:05:18.566000+00:00,2067,24530.75,0.9983578324317932,SELL,0.001,0.998,+0.10,+6333.97,256333.97
2026-02-06T08:10:03.086000+00:00,2068,24566.5,0.9967808723449707,SELL,0.002,0.997,+1.13,+6335.09,256335.09
2026-02-06T08:18:03.694003+00:00,2069,24550.75,0.9909098148345947,SELL,0.006,0.991,-1.85,+6333.24,256333.24
2026-02-06T08:30:15.496002+00:00,2070,24545.75,0.9771259427070618,SELL,0.014,0.977,-1.38,+6331.87,256331.87
2026-02-06T08:44:04.438000+00:00,2071,24569.75,0.912158191204071,SELL,0.065,0.912,+31.18,+6363.05,256363.05
2026-02-06T08:45:03.486000+00:00,2072,24548.5,0.7756248116493225,SELL,0.137,0.776,-58.03,+6305.02,256305.02
2026-02-06T08:50:50.916001+00:00,2073,24577.5,0.48528656363487244,SELL,0.290,0.485,+168.40,+6473.42,256473.42
2026-02-06T09:05:32.346000+00:00,2074,24565.5,0.2696516215801239,SELL,0.216,0.270,-51.75,+6421.67,256421.67
2026-02-06T09:08:01.415000+00:00,2075,24602.5,0.02769884280860424,SELL,0.242,0.028,+179.05,+6600.71,256600.71
2026-02-06T09:12:02.716013+00:00,2076,24641.75,-0.04806911200284958,SELL,0.076,-0.048,+21.74,+6622.46,256622.46
2026-02-06T09:19:01.132000+00:00,2077,24632.5,-0.0594031848013401,SELL,0.011,-0.059,+0.00,+6622.46,256622.46
2026-02-06T09:20:30.918003+00:00,2078,24672.5,-0.07341007143259048,SELL,0.014,-0.073,+0.00,+6622.46,256622.46
2026-02-06T09:24:19.927000+00:00,2079,24693.25,-0.040866345167160034,BUY,0.033,-0.041,-13.51,+6608.95,256608.95
2026-02-06T09:30:16.470005+00:00,2080,24731.0,0.0031181529629975557,BUY,0.044,0.003,-30.85,+6578.10,256578.10
2026-02-06T09:33:58.956040+00:00,2081,24766.75,0.017562372609972954,BUY,0.014,0.018,+0.00,+6578.10,256578.10
2026-02-06T09:47:12.166000+00:00,2082,24743.5,0.026063110679388046,BUY,0.009,0.026,+0.00,+6578.10,256578.10
2026-02-06T10:01:44.239018+00:00,2083,24730.25,0.010138790123164654,SELL,0.016,0.010,-4.22,+6573.88,256573.88
2026-02-06T10:31:43.034000+00:00,2084,24713.0,-0.05435093864798546,SELL,0.064,-0.054,-3.50,+6570.38,256570.38
2026-02-06T10:40:49.794000+00:00,2085,24752.0,-0.1475529670715332,SELL,0.093,-0.148,+0.00,+6570.38,256570.38
2026-02-06T10:55:04.273000+00:00,2086,24778.25,-0.44342100620269775,SELL,0.296,-0.443,+0.00,+6570.38,256570.38
2026-02-06T11:00:42.423000+00:00,2087,24817.25,-0.34560316801071167,BUY,0.098,-0.346,-76.30,+6494.08,256494.08
2026-02-06T11:34:12.879000+00:00,2088,24836.25,-0.3370716869831085,BUY,0.009,-0.337,-3.24,+6490.84,256490.84
2026-02-06T11:37:27.764001+00:00,2089,24859.0,-0.3687836527824402,SELL,0.032,-0.369,+0.00,+6490.84,256490.84
2026-02-06T11:56:43.165000+00:00,2090,24865.5,-0.3752654790878296,SELL,0.006,-0.375,+0.00,+6490.84,256490.84
2026-02-06T12:09:12.217001+00:00,2091,24833.25,-0.42559653520584106,SELL,0.050,-0.426,+0.00,+6490.84,256490.84
2026-02-06T12:15:30.701009+00:00,2092,24796.5,-0.4370887577533722,SELL,0.011,-0.437,+0.00,+6490.84,256490.84
2026-02-06T12:17:01.517002+00:00,2093,24823.5,-0.5252102613449097,SELL,0.088,-0.525,+0.00,+6490.84,256490.84
2026-02-06T12:35:25.869000+00:00,2094,24785.25,-0.4328419864177704,BUY,0.092,-0.433,+70.66,+6561.50,256561.50
2026-02-06T12:53:22.778000+00:00,2095,24773.0,-0.3685482442378998,BUY,0.064,-0.369,+15.75,+6577.25,256577.25
2026-02-06T13:12:54.935068+00:00,2096,24798.25,-0.2925151586532593,BUY,0.076,-0.293,-38.40,+6538.86,256538.86
2026-02-06T13:19:58.414000+00:00,2097,24821.25,-0.2766278386116028,BUY,0.016,-0.277,-7.31,+6531.55,256531.55
2026-02-06T13:36:47.690000+00:00,2098,24811.5,-0.17250417172908783,BUY,0.104,-0.173,+20.30,+6551.85,256551.85
2026-02-06T13:37:46.694000+00:00,2099,24786.0,-0.13963164389133453,BUY,0.033,-0.140,+16.76,+6568.62,256568.62
2026-02-06T13:38:47.379000+00:00,2100,24818.5,-0.1333237737417221,BUY,0.006,-0.133,-4.10,+6564.52,256564.52
2026-02-06T13:50:46.143000+00:00,2101,24801.5,-0.18042893707752228,SELL,0.047,-0.180,+0.00,+6564.52,256564.52
2026-02-06T14:09:31.902000+00:00,2102,24815.25,-0.23115099966526031,SELL,0.051,-0.231,+0.00,+6564.52,256564.52
2026-02-06T14:25:28.174002+00:00,2103,24777.75,-0.17869938910007477,BUY,0.052,-0.179,+39.34,+6603.86,256603.86
2026-02-06T14:28:01.754006+00:00,2104,24748.0,-0.1285756379365921,BUY,0.050,-0.129,+29.82,+6633.68,256633.68
2026-02-06T14:30:01.004005+00:00,2105,24743.25,-0.04843433201313019,BUY,0.080,-0.048,+7.61,+6641.29,256641.29
2026-02-06T14:30:28.719000+00:00,2106,24719.5,0.012554626911878586,BUY,0.061,0.013,+23.01,+6664.30,256664.30
2026-02-06T14:30:38.770000+00:00,2107,24759.5,0.022173471748828888,BUY,0.010,0.022,+0.00,+6664.30,256664.30
2026-02-06T14:31:00.656000+00:00,2108,24729.0,0.04329610988497734,BUY,0.021,0.043,+0.00,+6664.30,256664.30
2026-02-06T14:31:17.533000+00:00,2109,24763.5,0.04160322993993759,SELL,0.002,0.042,+1.17,+6665.47,256665.47
2026-02-06T14:32:02.732000+00:00,2110,24735.75,0.026767365634441376,SELL,0.015,0.027,-8.23,+6657.23,256657.23
2026-02-06T14:32:28.367001+00:00,2111,24741.25,0.011565424501895905,SELL,0.015,0.012,+1.67,+6658.91,256658.91
2026-02-06T14:32:44.314000+00:00,2112,24770.0,0.04254252091050148,BUY,0.031,0.043,+0.00,+6658.91,256658.91
2026-02-06T14:32:54.044000+00:00,2113,24809.5,-0.09323291480541229,SELL,0.136,-0.093,+33.61,+6692.51,256692.51
2026-02-06T14:33:02.728001+00:00,2114,24846.25,-0.07214339822530746,BUY,0.021,-0.072,-15.50,+6677.01,256677.01
2026-02-06T14:34:06.391002+00:00,2115,24877.75,-0.09719916433095932,SELL,0.025,-0.097,+0.00,+6677.01,256677.01
2026-02-06T14:34:53.608002+00:00,2116,24847.0,-0.03222450241446495,BUY,0.065,-0.032,+39.96,+6716.97,256716.97
2026-02-06T14:36:11.491001+00:00,2117,24831.75,-0.09863889217376709,SELL,0.066,-0.099,+0.00,+6716.97,256716.97
2026-02-06T14:36:30.679034+00:00,2118,24858.0,-0.19695943593978882,SELL,0.098,-0.197,+0.00,+6716.97,256716.97
2026-02-06T14:37:55.006001+00:00,2119,24871.5,-0.3520604968070984,SELL,0.155,-0.352,+0.00,+6716.97,256716.97
2026-02-06T14:38:05.262001+00:00,2120,24905.25,-0.4662199914455414,SELL,0.114,-0.466,+0.00,+6716.97,256716.97
2026-02-06T14:40:16.252003+00:00,2121,24882.75,-0.6097711324691772,SELL,0.144,-0.610,+0.00,+6716.97,256716.97
2026-02-06T14:40:36.072001+00:00,2122,24918.0,-0.6845611929893494,SELL,0.075,-0.685,+0.00,+6716.97,256716.97
2026-02-06T14:41:20.010002+00:00,2123,24887.75,-0.5891864895820618,BUY,0.095,-0.589,+57.70,+6774.67,256774.67
2026-02-06T14:41:50.278000+00:00,2124,24857.75,-0.6394283175468445,SELL,0.050,-0.639,+0.00,+6774.67,256774.67
2026-02-06T14:43:53.039000+00:00,2125,24885.75,-0.7600712180137634,SELL,0.121,-0.760,+0.00,+6774.67,256774.67
2026-02-06T14:44:59.772012+00:00,2126,24925.25,-0.8871568441390991,SELL,0.127,-0.887,+0.00,+6774.67,256774.67
2026-02-06T14:46:50.161000+00:00,2127,24908.5,-0.8990652561187744,SELL,0.012,-0.899,+0.00,+6774.67,256774.67
2026-02-06T14:47:38.056000+00:00,2128,24938.0,-0.9031386375427246,SELL,0.004,-0.903,+0.00,+6774.67,256774.67
2026-02-06T14:49:45.447007+00:00,2129,24909.75,-0.8944332003593445,BUY,0.009,-0.894,+4.92,+6779.59,256779.59
2026-02-06T14:50:02.909000+00:00,2130,24940.5,-0.8770809769630432,BUY,0.017,-0.877,-10.67,+6768.92,256768.92
2026-02-06T14:51:14.503060+00:00,2131,24957.5,-0.8591150045394897,BUY,0.018,-0.859,-6.11,+6762.81,256762.81
2026-02-06T14:53:52.593000+00:00,2132,24943.75,-0.8451071977615356,BUY,0.014,-0.845,+3.85,+6766.66,256766.66
2026-02-06T14:55:00.625007+00:00,2133,24904.75,-0.8095303177833557,BUY,0.036,-0.810,+27.75,+6794.41,256794.41
2026-02-06T14:56:03.002003+00:00,2134,24866.5,-0.755041241645813,BUY,0.054,-0.755,+41.68,+6836.10,256836.10
2026-02-06T14:57:53.961000+00:00,2135,24894.0,-0.7075322866439819,BUY,0.048,-0.708,-26.13,+6809.97,256809.97
2026-02-06T14:58:44.811000+00:00,2136,24856.0,-0.7229434847831726,SELL,0.015,-0.723,+0.00,+6809.97,256809.97
2026-02-06T15:00:01.755000+00:00,2137,24833.25,-0.4911128282546997,BUY,0.232,-0.491,+105.48,+6915.45,256915.45
2026-02-06T15:01:24.711000+00:00,2138,24816.75,-0.2899155020713806,BUY,0.201,-0.290,+66.40,+6981.85,256981.85
2026-02-06T15:03:32.788000+00:00,2139,24795.0,-0.1854257583618164,BUY,0.104,-0.185,+45.45,+7027.30,257027.30
2026-02-06T15:05:06.415001+00:00,2140,24823.0,-0.14464899897575378,BUY,0.041,-0.145,-22.83,+7004.46,257004.46
2026-02-06T15:05:39.960000+00:00,2141,24810.0,-0.05037819966673851,BUY,0.094,-0.050,+24.51,+7028.98,257028.98
2026-02-06T15:06:24.080000+00:00,2142,24775.0,0.016224946826696396,BUY,0.067,0.016,+35.26,+7064.24,257064.24
2026-02-06T15:07:57.787000+00:00,2143,24798.75,0.04097588732838631,BUY,0.025,0.041,+0.00,+7064.24,257064.24
2026-02-06T15:09:17.237005+00:00,2144,24811.25,0.04287928342819214,BUY,0.002,0.043,+0.00,+7064.24,257064.24
2026-02-06T15:10:16.481001+00:00,2145,24824.75,0.011234790086746216,SELL,0.032,0.011,+8.54,+7072.78,257072.78
2026-02-06T15:11:12.036002+00:00,2146,24853.25,-0.1639188528060913,SELL,0.175,-0.164,+6.40,+7079.19,257079.19
2026-02-06T15:12:39.919000+00:00,2147,24830.0,-0.11189831793308258,BUY,0.052,-0.112,+24.19,+7103.38,257103.38
2026-02-06T15:13:02.586001+00:00,2148,24791.5,-0.07584155350923538,BUY,0.036,-0.076,+27.76,+7131.14,257131.14
2026-02-06T15:15:13.398002+00:00,2149,24764.75,-0.031046204268932343,BUY,0.045,-0.031,+23.97,+7155.11,257155.11
2026-02-06T15:16:07.416000+00:00,2150,24752.0,-0.01815352961421013,BUY,0.013,-0.018,+3.29,+7158.39,257158.39
2026-02-06T15:16:32.782000+00:00,2151,24784.5,-0.02876836620271206,SELL,0.011,-0.029,+0.00,+7158.39,257158.39
2026-02-06T15:16:58.790000+00:00,2152,24813.0,-0.027548840269446373,BUY,0.001,-0.028,-0.70,+7157.70,257157.70
2026-02-06T15:17:50.630000+00:00,2153,24799.25,-0.06529025733470917,SELL,0.038,-0.065,+0.00,+7157.70,257157.70
2026-02-06T15:18:31.535000+00:00,2154,24833.0,-0.17847873270511627,SELL,0.113,-0.178,+0.00,+7157.70,257157.70
2026-02-06T15:21:12.057001+00:00,2155,24867.75,-0.21740011870861053,SELL,0.039,-0.217,+0.00,+7157.70,257157.70
2026-02-06T15:23:18.343000+00:00,2156,24865.0,-0.16067275404930115,BUY,0.057,-0.161,+3.12,+7160.82,257160.82
2026-02-06T15:23:24.326003+00:00,2157,24825.0,-0.0560920387506485,BUY,0.105,-0.056,+83.66,+7244.48,257244.48
2026-02-06T15:24:41.258003+00:00,2158,24847.0,-0.058249324560165405,SELL,0.002,-0.058,+0.00,+7244.48,257244.48
2026-02-06T15:25:28.107000+00:00,2159,24863.75,-0.12181224673986435,SELL,0.064,-0.122,+0.00,+7244.48,257244.48
2026-02-06T15:26:04.147000+00:00,2160,24898.5,-0.30836382508277893,SELL,0.187,-0.308,+0.00,+7244.48,257244.48
2026-02-06T15:28:27.180000+00:00,2161,24911.5,-0.3140028715133667,SELL,0.006,-0.314,+0.00,+7244.48,257244.48
2026-02-06T15:31:19.849002+00:00,2162,24876.25,-0.3152080774307251,SELL,0.001,-0.315,+0.00,+7244.48,257244.48
2026-02-06T15:33:07.081000+00:00,2163,24899.75,-0.2658271789550781,BUY,0.049,-0.266,-23.21,+7221.27,257221.27
2026-02-06T15:34:07.308000+00:00,2164,24923.25,-0.24419817328453064,BUY,0.022,-0.244,-10.17,+7211.11,257211.11
2026-02-06T15:42:36.070000+00:00,2165,24942.25,-0.3505302369594574,SELL,0.106,-0.351,+0.00,+7211.11,257211.11
2026-02-06T15:47:02.127000+00:00,2166,24958.0,-0.4454847276210785,SELL,0.095,-0.445,+0.00,+7211.11,257211.11
2026-02-06T15:48:45.415000+00:00,2167,24921.75,-0.4603806138038635,SELL,0.015,-0.460,+0.00,+7211.11,257211.11
2026-02-06T15:50:05.841001+00:00,2168,24890.0,-0.4412350654602051,BUY,0.019,-0.441,+12.16,+7223.27,257223.27
2026-02-06T15:52:54.234000+00:00,2169,24855.0,-0.41155868768692017,BUY,0.030,-0.412,+20.77,+7244.04,257244.04
2026-02-06T15:55:55.778002+00:00,2170,24859.75,-0.3004322946071625,BUY,0.111,-0.300,-10.56,+7233.48,257233.48
2026-02-06T15:59:17.194002+00:00,2171,24897.75,-0.3389228582382202,SELL,0.038,-0.339,+0.00,+7233.48,257233.48
2026-02-06T16:02:29.130000+00:00,2172,24920.5,-0.43484580516815186,SELL,0.096,-0.435,+0.00,+7233.48,257233.48
2026-02-06T16:04:59.496001+00:00,2173,24959.5,-0.4905005693435669,SELL,0.056,-0.491,+0.00,+7233.48,257233.48
2026-02-06T16:07:02.532082+00:00,2174,24986.25,-0.546298623085022,SELL,0.056,-0.546,+0.00,+7233.48,257233.48
2026-02-06T16:14:36.719000+00:00,2175,25003.5,-0.6781290173530579,SELL,0.132,-0.678,+0.00,+7233.48,257233.48
2026-02-06T16:21:15.490033+00:00,2176,25014.75,-0.7708963751792908,SELL,0.093,-0.771,+0.00,+7233.48,257233.48
2026-02-06T16:25:42.428002+00:00,2177,24996.25,-0.8063272833824158,SELL,0.035,-0.806,+0.00,+7233.48,257233.48
2026-02-06T16:30:03.101000+00:00,2178,25018.0,-0.8529771566390991,SELL,0.047,-0.853,+0.00,+7233.48,257233.48
2026-02-06T16:35:39.212008+00:00,2179,25045.5,-0.9075519442558289,SELL,0.055,-0.908,+0.00,+7233.48,257233.48
2026-02-06T16:44:11.087020+00:00,2180,25011.75,-0.9305222630500793,SELL,0.023,-0.931,+0.00,+7233.48,257233.48
2026-02-06T16:57:06.862000+00:00,2181,25000.5,-0.9487760663032532,SELL,0.018,-0.949,+0.00,+7233.48,257233.48
2026-02-06T17:04:09.745000+00:00,2182,25019.0,-0.938946545124054,BUY,0.010,-0.939,-3.64,+7229.85,257229.85
2026-02-06T17:10:02.432001+00:00,2183,25053.75,-0.9309394955635071,BUY,0.008,-0.931,-5.56,+7224.28,257224.28
2026-02-06T17:19:23.051044+00:00,2184,25063.25,-0.9071580767631531,BUY,0.024,-0.907,-4.52,+7219.76,257219.76
2026-02-06T17:29:03.481004+00:00,2185,25072.25,-0.8888729214668274,BUY,0.018,-0.889,-3.29,+7216.47,257216.47
2026-02-06T17:36:01.199022+00:00,2186,25058.0,-0.8877496123313904,BUY,0.001,-0.888,+0.32,+7216.79,257216.79
2026-02-06T17:45:16.216001+00:00,2187,25077.0,-0.9154970049858093,SELL,0.028,-0.915,+0.00,+7216.79,257216.79
2026-02-06T18:02:22.667000+00:00,2188,25112.25,-0.9357160329818726,SELL,0.020,-0.936,+0.00,+7216.79,257216.79
2026-02-06T18:16:05.005000+00:00,2189,25084.0,-0.9370718002319336,SELL,0.001,-0.937,+0.00,+7216.79,257216.79
2026-02-06T18:28:11.962001+00:00,2190,25080.0,-0.9360012412071228,BUY,0.001,-0.936,+0.09,+7216.88,257216.88
2026-02-06T19:16:58.763000+00:00,2191,25070.25,-0.949007511138916,SELL,0.013,-0.949,+0.00,+7216.88,257216.88
2026-02-06T19:29:11.476007+00:00,2192,25105.25,-0.9587352275848389,SELL,0.010,-0.959,+0.00,+7216.88,257216.88
2026-02-06T20:00:00.083000+00:00,2193,25068.75,-0.9551690220832825,BUY,0.004,-0.955,+2.60,+7219.48,257219.48
2026-02-06T20:05:30.918002+00:00,2194,25092.75,-0.9593411684036255,SELL,0.004,-0.959,+0.00,+7219.48,257219.48
2026-02-06T20:40:48.923003+00:00,2195,25131.0,-0.9576428532600403,BUY,0.002,-0.958,-1.30,+7218.18,257218.18
2026-02-06T20:46:45.255000+00:00,2196,25165.0,-0.9520882964134216,BUY,0.006,-0.952,-3.78,+7214.40,257214.40
2026-02-06T20:51:04.355000+00:00,2197,25193.5,-0.9111632704734802,BUY,0.041,-0.911,-23.33,+7191.08,257191.08
2026-02-06T20:55:35.218000+00:00,2198,25182.0,-0.9018129110336304,BUY,0.009,-0.902,+2.15,+7193.23,257193.23
2026-02-06T20:59:57.455021+00:00,2199,25151.25,-0.9102521538734436,SELL,0.008,-0.910,+0.00,+7193.23,257193.23
2026-02-06T21:13:55.955000+00:00,2200,25124.0,-0.9279539585113525,SELL,0.018,-0.928,+0.00,+7193.23,257193.23
2026-02-06T21:50:30.138000+00:00,2201,25094.75,-0.8949925303459167,BUY,0.033,-0.895,+19.28,+7212.51,257212.51
2026-02-08T23:00:00+00:00,2202,25134.75,-0.8567992448806763,BUY,0.038,-0.857,-30.55,+7181.96,257181.96
2026-02-08T23:00:00.129002+00:00,2203,25174.75,-0.8082343339920044,BUY,0.049,-0.808,-38.85,+7143.10,257143.10
2026-02-08T23:00:07.557000+00:00,2204,25204.5,-0.7351507544517517,BUY,0.073,-0.735,-43.48,+7099.62,257099.62
2026-02-08T23:00:27.843000+00:00,2205,25175.25,-0.6764600276947021,BUY,0.059,-0.676,+34.33,+7133.95,257133.95
2026-02-08T23:02:22.583000+00:00,2206,25215.25,-0.6044633388519287,BUY,0.072,-0.604,-57.60,+7076.36,257076.36
2026-02-08T23:05:50.201002+00:00,2207,25253.0,-0.5735315680503845,BUY,0.031,-0.574,-23.35,+7053.00,257053.00
2026-02-08T23:32:28.500000+00:00,2208,25225.75,-0.47359809279441833,BUY,0.100,-0.474,+54.46,+7107.47,257107.47
2026-02-08T23:35:21.036000+00:00,2209,25263.25,-0.4441293179988861,BUY,0.029,-0.444,-22.10,+7085.36,257085.36
2026-02-09T00:00:34.409001+00:00,2210,25296.0,-0.5036555528640747,SELL,0.060,-0.504,+0.00,+7085.36,257085.36
2026-02-09T00:07:01.299005+00:00,2211,25331.5,-0.4262844920158386,BUY,0.077,-0.426,-54.93,+7030.43,257030.43
2026-02-09T00:20:32.246009+00:00,2212,25338.0,-0.2502237558364868,BUY,0.176,-0.250,-22.89,+7007.54,257007.54
2026-02-09T00:25:50.276000+00:00,2213,25306.25,-0.14971551299095154,BUY,0.101,-0.150,+63.82,+7071.37,257071.37
2026-02-09T00:34:15.023001+00:00,2214,25328.75,-0.08154041320085526,BUY,0.068,-0.082,-30.68,+7040.69,257040.69
2026-02-09T00:46:18.923000+00:00,2215,25289.5,-0.08575360476970673,SELL,0.004,-0.086,+0.00,+7040.69,257040.69
2026-02-09T01:03:25.965000+00:00,2216,25251.75,-0.06026936694979668,BUY,0.025,-0.060,+19.24,+7059.93,257059.93
2026-02-09T01:38:35.746000+00:00,2217,25226.0,-0.03997384011745453,BUY,0.020,-0.040,+10.45,+7070.38,257070.38
2026-02-09T01:57:15.386000+00:00,2218,25200.0,0.00345211592502892,BUY,0.043,0.003,+20.79,+7091.17,257091.17
2026-02-09T02:08:01.169000+00:00,2219,25234.5,0.028417689725756645,BUY,0.025,0.028,+0.00,+7091.17,257091.17
2026-02-09T02:35:57.200001+00:00,2220,25253.0,0.011031332425773144,SELL,0.017,0.011,+6.43,+7097.60,257097.60
2026-02-09T02:58:04.985000+00:00,2221,25223.25,0.01215774193406105,BUY,0.001,0.012,+0.00,+7097.60,257097.60
2026-02-09T03:36:16.954005+00:00,2222,25202.0,-0.0952121838927269,SELL,0.107,-0.095,-5.17,+7092.43,257092.43
2026-02-09T04:52:30.907002+00:00,2223,25183.0,-0.08968035131692886,BUY,0.006,-0.090,+2.10,+7094.53,257094.53
2026-02-09T05:21:03.403000+00:00,2224,25217.0,-0.11651739478111267,SELL,0.027,-0.117,+0.00,+7094.53,257094.53
2026-02-09T06:00:46.157000+00:00,2225,25187.75,-0.18282060325145721,SELL,0.066,-0.183,+0.00,+7094.53,257094.53
2026-02-09T06:08:04.061000+00:00,2226,25204.0,-0.11735748499631882,BUY,0.065,-0.117,-21.28,+7073.26,257073.26
2026-02-09T06:18:41.416000+00:00,2227,25164.0,-0.09908854216337204,BUY,0.018,-0.099,+14.62,+7087.87,257087.87
2026-02-09T06:37:30.723002+00:00,2228,25199.0,-0.060649026185274124,BUY,0.038,-0.061,-26.91,+7060.97,257060.97
2026-02-09T06:58:59.040000+00:00,2229,25160.25,-0.06705532968044281,SELL,0.006,-0.067,+0.00,+7060.97,257060.97
2026-02-09T07:24:06.083000+00:00,2230,25141.0,-0.06751689314842224,SELL,0.000,-0.068,+0.00,+7060.97,257060.97
2026-02-09T07:50:48.883000+00:00,2231,25161.25,-0.10298240184783936,SELL,0.035,-0.103,+0.00,+7060.97,257060.97
2026-02-09T08:04:03.205000+00:00,2232,25190.5,-0.09992698580026627,BUY,0.003,-0.100,-1.79,+7059.18,257059.18
2026-02-09T08:29:14.013000+00:00,2233,25175.25,-0.07684016227722168,BUY,0.023,-0.077,+7.04,+7066.22,257066.22
2026-02-09T08:42:16.833001+00:00,2234,25188.25,-0.20761452615261078,SELL,0.131,-0.208,+0.00,+7066.22,257066.22
2026-02-09T09:25:40.787000+00:00,2235,25149.5,-0.25769370794296265,SELL,0.050,-0.258,+0.00,+7066.22,257066.22
2026-02-09T09:38:48.947002+00:00,2236,25126.0,-0.22974495589733124,BUY,0.028,-0.230,+13.14,+7079.36,257079.36
2026-02-09T09:55:41.892000+00:00,2237,25098.0,-0.19204899668693542,BUY,0.038,-0.192,+21.11,+7100.47,257100.47
2026-02-09T10:04:58.732005+00:00,2238,25060.0,-0.1673761010169983,BUY,0.025,-0.167,+18.75,+7119.22,257119.22
2026-02-09T10:16:32.272000+00:00,2239,25048.25,-0.13325504958629608,BUY,0.034,-0.133,+8.02,+7127.24,257127.24
2026-02-09T10:31:35.758001+00:00,2240,25026.0,-0.12505172193050385,BUY,0.008,-0.125,+3.65,+7130.89,257130.89
2026-02-09T10:35:41.461001+00:00,2241,24990.75,-0.08871451020240784,BUY,0.036,-0.089,+25.62,+7156.50,257156.50
2026-02-09T10:49:12.455000+00:00,2242,25008.5,-0.06930521130561829,BUY,0.019,-0.069,-6.89,+7149.61,257149.61
2026-02-09T10:53:13.923000+00:00,2243,25047.75,-0.05635729432106018,BUY,0.013,-0.056,-10.16,+7139.45,257139.45
2026-02-09T11:28:06.618000+00:00,2244,25058.75,-0.06774863600730896,SELL,0.011,-0.068,+0.00,+7139.45,257139.45
2026-02-09T12:01:28.427000+00:00,2245,25030.75,-0.05407983809709549,BUY,0.014,-0.054,+7.65,+7147.10,257147.10
2026-02-09T12:05:22.841000+00:00,2246,25056.5,-0.06829224526882172,SELL,0.014,-0.068,+0.00,+7147.10,257147.10
2026-02-09T12:10:29.239002+00:00,2247,25089.75,-0.2085070163011551,SELL,0.140,-0.209,+0.00,+7147.10,257147.10
2026-02-09T12:40:07.655002+00:00,2248,25101.75,-0.4523010551929474,SELL,0.244,-0.452,+0.00,+7147.10,257147.10
2026-02-09T13:03:42.865000+00:00,2249,25112.75,-0.7533824443817139,SELL,0.301,-0.753,+0.00,+7147.10,257147.10
2026-02-09T13:11:09.018000+00:00,2250,25151.0,-0.8196272253990173,SELL,0.066,-0.820,+0.00,+7147.10,257147.10
2026-02-09T13:28:53.675000+00:00,2251,25115.75,-0.8648250699043274,SELL,0.045,-0.865,+0.00,+7147.10,257147.10
2026-02-09T13:53:35.818023+00:00,2252,25083.5,-0.874371349811554,SELL,0.010,-0.874,+0.00,+7147.10,257147.10
2026-02-09T14:19:01.507004+00:00,2253,25054.25,-0.897456169128418,SELL,0.023,-0.897,+0.00,+7147.10,257147.10
2026-02-09T14:27:42.152000+00:00,2254,25077.75,-0.9266399145126343,SELL,0.029,-0.927,+0.00,+7147.10,257147.10
2026-02-09T14:30:10.371001+00:00,2255,25040.75,-0.9300174713134766,SELL,0.003,-0.930,+0.00,+7147.10,257147.10
2026-02-09T14:30:30.362000+00:00,2256,25001.25,-0.9153257012367249,BUY,0.015,-0.915,+11.61,+7158.71,257158.71
2026-02-09T14:31:04.054000+00:00,2257,24961.25,-0.9081699848175049,BUY,0.007,-0.908,+5.72,+7164.43,257164.43
2026-02-09T14:31:25.027006+00:00,2258,24995.5,-0.8945850729942322,BUY,0.014,-0.895,-9.31,+7155.13,257155.13
2026-02-09T14:31:41.479000+00:00,2259,25016.25,-0.8887913227081299,BUY,0.006,-0.889,-2.40,+7152.72,257152.72
2026-02-09T14:32:25.718000+00:00,2260,25019.75,-0.8802318572998047,BUY,0.009,-0.880,-0.60,+7152.13,257152.13
2026-02-09T14:32:50.647002+00:00,2261,25034.25,-0.9100649952888489,SELL,0.030,-0.910,+0.00,+7152.13,257152.13
2026-02-09T14:33:19.564000+00:00,2262,25005.0,-0.9009405374526978,BUY,0.009,-0.901,+5.34,+7157.46,257157.46
2026-02-09T14:33:40.897000+00:00,2263,25037.75,-0.913087010383606,SELL,0.012,-0.913,+0.00,+7157.46,257157.46
2026-02-09T14:35:00.320000+00:00,2264,25034.75,-0.9224091172218323,SELL,0.009,-0.922,+0.00,+7157.46,257157.46
2026-02-09T14:35:59.924000+00:00,2265,25053.5,-0.936378538608551,SELL,0.014,-0.936,+0.00,+7157.46,257157.46
2026-02-09T14:36:46.166002+00:00,2266,25030.25,-0.9532334804534912,SELL,0.017,-0.953,+0.00,+7157.46,257157.46
2026-02-09T14:37:03.276000+00:00,2267,25070.0,-0.9707704186439514,SELL,0.018,-0.971,+0.00,+7157.46,257157.46
2026-02-09T14:39:11.799000+00:00,2268,25097.25,-0.9784865975379944,SELL,0.008,-0.978,+0.00,+7157.46,257157.46
2026-02-09T14:40:02.946000+00:00,2269,25128.0,-0.9827930331230164,SELL,0.004,-0.983,+0.00,+7157.46,257157.46
2026-02-09T14:42:04.994001+00:00,2270,25108.25,-0.9848631620407104,SELL,0.002,-0.985,+0.00,+7157.46,257157.46
2026-02-09T14:43:01.318000+00:00,2271,25146.25,-0.9901520013809204,SELL,0.005,-0.990,+0.00,+7157.46,257157.46
2026-02-09T14:45:04.015000+00:00,2272,25160.75,-0.9912906885147095,SELL,0.001,-0.991,+0.00,+7157.46,257157.46
2026-02-09T14:46:24.798016+00:00,2273,25167.75,-0.9871695637702942,BUY,0.004,-0.987,-0.58,+7156.89,257156.89
2026-02-09T14:47:01.862004+00:00,2274,25139.0,-0.9854142069816589,BUY,0.002,-0.985,+1.01,+7157.90,257157.90
2026-02-09T14:47:10.534000+00:00,2275,25162.5,-0.9870888590812683,SELL,0.002,-0.987,+0.00,+7157.90,257157.90
2026-02-09T14:50:07.750001+00:00,2276,25148.5,-0.9855833053588867,BUY,0.002,-0.986,+0.42,+7158.32,257158.32
2026-02-09T14:51:33.035002+00:00,2277,25114.25,-0.9791203141212463,BUY,0.006,-0.979,+4.43,+7162.74,257162.74
2026-02-09T14:53:35.351000+00:00,2278,25101.5,-0.9729242324829102,BUY,0.006,-0.973,+1.58,+7164.32,257164.32
2026-02-09T14:55:01.026002+00:00,2279,25132.25,-0.9687003493309021,BUY,0.004,-0.969,-2.60,+7161.73,257161.73
2026-02-09T14:57:28.045001+00:00,2280,25109.0,-0.9529709815979004,BUY,0.016,-0.953,+7.31,+7169.04,257169.04
2026-02-09T14:58:27.640004+00:00,2281,25145.0,-0.9658552408218384,SELL,0.013,-0.966,+0.00,+7169.04,257169.04
2026-02-09T15:00:01.007000+00:00,2282,25105.0,-0.9607769846916199,BUY,0.005,-0.961,+4.06,+7173.10,257173.10
2026-02-09T15:01:39.170000+00:00,2283,25144.5,-0.9704346060752869,SELL,0.010,-0.970,+0.00,+7173.10,257173.10
2026-02-09T15:02:23.934001+00:00,2284,25111.0,-0.9641417860984802,BUY,0.006,-0.964,+4.22,+7177.32,257177.32
2026-02-09T15:03:36.405000+00:00,2285,25142.75,-0.9695398211479187,SELL,0.005,-0.970,+0.00,+7177.32,257177.32
2026-02-09T15:05:02.875000+00:00,2286,25173.25,-0.9700073003768921,SELL,0.000,-0.970,+0.00,+7177.32,257177.32
2026-02-09T15:07:00.911006+00:00,2287,25201.0,-0.9695366024971008,BUY,0.000,-0.970,-0.26,+7177.06,257177.06
2026-02-09T15:14:55.763002+00:00,2288,25214.25,-0.9606941342353821,BUY,0.009,-0.961,-2.34,+7174.72,257174.72
2026-02-09T15:20:49.844000+00:00,2289,25252.75,-0.9596078395843506,BUY,0.001,-0.960,-0.84,+7173.88,257173.88
2026-02-09T15:24:01.628000+00:00,2290,25213.5,-0.9463419914245605,BUY,0.013,-0.946,+10.41,+7184.29,257184.29
2026-02-09T15:27:03.441095+00:00,2291,25176.25,-0.9226686954498291,BUY,0.024,-0.923,+17.64,+7201.93,257201.93
2026-02-09T15:30:15.350000+00:00,2292,25206.0,-0.923934280872345,SELL,0.001,-0.924,+0.00,+7201.93,257201.93
2026-02-09T15:34:50.032000+00:00,2293,25245.25,-0.9354462623596191,SELL,0.012,-0.935,+0.00,+7201.93,257201.93
2026-02-09T15:49:30.123001+00:00,2294,25281.0,-0.9342940449714661,BUY,0.001,-0.934,-0.82,+7201.11,257201.11
2026-02-09T15:56:47.694002+00:00,2295,25317.0,-0.9443281292915344,SELL,0.010,-0.944,+0.00,+7201.11,257201.11
2026-02-09T16:26:48.832035+00:00,2296,25345.75,-0.9684932231903076,SELL,0.024,-0.968,+0.00,+7201.11,257201.11
2026-02-09T16:45:41.065019+00:00,2297,25380.0,-0.9771921038627625,SELL,0.009,-0.977,+0.00,+7201.11,257201.11
2026-02-09T17:31:57.600003+00:00,2298,25376.5,-0.9863472580909729,SELL,0.009,-0.986,+0.00,+7201.11,257201.11
2026-02-09T17:58:28.951000+00:00,2299,25361.25,-0.9884459376335144,SELL,0.002,-0.988,+0.00,+7201.11,257201.11
2026-02-09T18:21:13.560020+00:00,2300,25341.75,-0.9925107359886169,SELL,0.004,-0.993,+0.00,+7201.11,257201.11
2026-02-09T18:22:26.652003+00:00,2301,25352.0,-0.9927626848220825,SELL,0.000,-0.993,+0.00,+7201.11,257201.11
2026-02-09T18:32:41.420000+00:00,2302,25371.0,-0.994190514087677,SELL,0.001,-0.994,+0.00,+7201.11,257201.11
2026-02-09T19:04:05.358034+00:00,2303,25397.5,-0.9955324530601501,SELL,0.001,-0.996,+0.00,+7201.11,257201.11
2026-02-09T19:26:13.262000+00:00,2304,25416.0,-0.9970889687538147,SELL,0.002,-0.997,+0.00,+7201.11,257201.11
2026-02-09T20:18:06.053000+00:00,2305,25388.75,-0.9967504739761353,BUY,0.000,-0.997,+0.18,+7201.29,257201.29
2026-02-09T20:28:25.420000+00:00,2306,25355.0,-0.9963511228561401,BUY,0.000,-0.996,+0.27,+7201.56,257201.56
2026-02-09T20:40:27.239000+00:00,2307,25374.0,-0.9968388676643372,SELL,0.000,-0.997,+0.00,+7201.56,257201.56
2026-02-09T20:54:17.225000+00:00,2308,25352.25,-0.997269332408905,SELL,0.000,-0.997,+0.00,+7201.56,257201.56
2026-02-09T20:59:59.667227+00:00,2309,25339.75,-0.9976201057434082,SELL,0.000,-0.998,+0.00,+7201.56,257201.56
2026-02-09T21:14:43.051001+00:00,2310,25372.25,-0.9984689354896545,SELL,0.001,-0.998,+0.00,+7201.56,257201.56
2026-02-09T23:04:55.824000+00:00,2311,25392.75,-0.9987999796867371,SELL,0.000,-0.999,+0.00,+7201.56,257201.56
2026-02-09T23:12:05.119000+00:00,2312,25355.25,-0.9989467263221741,SELL,0.000,-0.999,+0.00,+7201.56,257201.56
2026-02-09T23:53:00.246013+00:00,2313,25333.0,-0.9986748695373535,BUY,0.000,-0.999,+0.12,+7201.68,257201.68
2026-02-10T00:12:01.112000+00:00,2314,25322.75,-0.9983989596366882,BUY,0.000,-0.998,+0.06,+7201.74,257201.74
2026-02-10T01:35:36.694000+00:00,2315,25302.0,-0.9978182911872864,BUY,0.001,-0.998,+0.24,+7201.98,257201.98
2026-02-10T01:47:25.920001+00:00,2316,25340.0,-0.9969574213027954,BUY,0.001,-0.997,-0.65,+7201.32,257201.32
2026-02-10T02:12:41.210000+00:00,2317,25312.0,-0.9961647391319275,BUY,0.001,-0.996,+0.44,+7201.77,257201.77
2026-02-10T02:37:01.340018+00:00,2318,25293.25,-0.9951168894767761,BUY,0.001,-0.995,+0.39,+7202.16,257202.16
2026-02-10T04:11:02.341000+00:00,2319,25319.0,-0.9937584400177002,BUY,0.001,-0.994,-0.70,+7201.46,257201.46
2026-02-10T05:34:36.363006+00:00,2320,25349.0,-0.9946290850639343,SELL,0.001,-0.995,+0.00,+7201.46,257201.46
2026-02-10T06:18:01.072059+00:00,2321,25318.25,-0.9936013221740723,BUY,0.001,-0.994,+0.63,+7202.09,257202.09
2026-02-10T06:48:40.461000+00:00,2322,25291.75,-0.9917114973068237,BUY,0.002,-0.992,+1.00,+7203.09,257203.09
2026-02-10T07:07:24.166001+00:00,2323,25331.75,-0.992454469203949,SELL,0.001,-0.992,+0.00,+7203.09,257203.09
2026-02-10T08:01:02.045000+00:00,2324,25355.75,-0.9921170473098755,BUY,0.000,-0.992,-0.16,+7202.93,257202.93
2026-02-10T08:12:47.379000+00:00,2325,25362.75,-0.9913622140884399,BUY,0.001,-0.991,-0.11,+7202.83,257202.83
2026-02-10T08:45:12.901003+00:00,2326,25327.0,-0.9872316718101501,BUY,0.004,-0.987,+2.95,+7205.78,257205.78
2026-02-10T09:04:59.911005+00:00,2327,25366.0,-0.987905740737915,SELL,0.001,-0.988,+0.00,+7205.78,257205.78
2026-02-10T09:17:57.181000+00:00,2328,25404.75,-0.9892943501472473,SELL,0.001,-0.989,+0.00,+7205.78,257205.78
2026-02-10T09:51:42.276000+00:00,2329,25367.25,-0.988864004611969,BUY,0.000,-0.989,+0.32,+7206.10,257206.10
2026-02-10T11:11:18.237002+00:00,2330,25334.25,-0.989983320236206,SELL,0.001,-0.990,+0.00,+7206.10,257206.10
2026-02-10T12:00:01.033000+00:00,2331,25374.0,-0.9921185970306396,SELL,0.002,-0.992,+0.00,+7206.10,257206.10
2026-02-10T12:24:01.610015+00:00,2332,25409.25,-0.9930906891822815,SELL,0.001,-0.993,+0.00,+7206.10,257206.10
2026-02-10T12:37:40.911000+00:00,2333,25381.5,-0.9923080205917358,BUY,0.001,-0.992,+0.43,+7206.54,257206.54
2026-02-10T12:53:00.882010+00:00,2334,25352.25,-0.9921743273735046,BUY,0.000,-0.992,+0.08,+7206.62,257206.62
2026-02-10T13:00:44.561008+00:00,2335,25321.0,-0.9910567998886108,BUY,0.001,-0.991,+0.70,+7207.31,257207.31
2026-02-10T13:09:21.449000+00:00,2336,25300.5,-0.9879157543182373,BUY,0.003,-0.988,+1.29,+7208.60,257208.60
2026-02-10T13:18:11.399001+00:00,2337,25332.5,-0.9795570969581604,BUY,0.008,-0.980,-5.35,+7203.25,257203.25
2026-02-10T13:30:34.506000+00:00,2338,25302.0,-0.970360279083252,BUY,0.009,-0.970,+5.61,+7208.86,257208.86
2026-02-10T13:32:51.328000+00:00,2339,25341.5,-0.9578210711479187,BUY,0.013,-0.958,-9.91,+7198.96,257198.96
2026-02-10T13:56:18.685006+00:00,2340,25369.25,-0.9291877746582031,BUY,0.029,-0.929,-15.89,+7183.06,257183.06
2026-02-10T14:30:03.429001+00:00,2341,25358.0,-0.9284866452217102,BUY,0.001,-0.928,+0.16,+7183.22,257183.22
2026-02-10T14:30:13.546007+00:00,2342,25397.75,-0.9267458319664001,BUY,0.002,-0.927,-1.38,+7181.84,257181.84
2026-02-10T14:31:06.217000+00:00,2343,25404.5,-0.936233401298523,SELL,0.009,-0.936,+0.00,+7181.84,257181.84
2026-02-10T14:31:35.832000+00:00,2344,25370.0,-0.9351598024368286,BUY,0.001,-0.935,+0.74,+7182.58,257182.58
2026-02-10T14:32:49.270019+00:00,2345,25391.75,-0.9403039813041687,SELL,0.005,-0.940,+0.00,+7182.58,257182.58
2026-02-10T14:33:56.593005+00:00,2346,25354.0,-0.9339771866798401,BUY,0.006,-0.934,+4.78,+7187.36,257187.36
2026-02-10T14:36:28.078005+00:00,2347,25337.75,-0.9358295798301697,SELL,0.002,-0.936,+0.00,+7187.36,257187.36
2026-02-10T14:37:33.536087+00:00,2348,25304.25,-0.9287129640579224,BUY,0.007,-0.929,+4.77,+7192.12,257192.12
2026-02-10T14:39:25.820000+00:00,2349,25339.5,-0.949066698551178,SELL,0.020,-0.949,+0.00,+7192.12,257192.12
2026-02-10T14:40:49.628017+00:00,2350,25300.5,-0.9440011382102966,BUY,0.005,-0.944,+3.95,+7196.08,257196.08
2026-02-10T14:42:10.206067+00:00,2351,25272.0,-0.9539373517036438,SELL,0.010,-0.954,+0.00,+7196.08,257196.08
2026-02-10T14:43:36.590000+00:00,2352,25305.25,-0.9495511054992676,BUY,0.004,-0.950,-2.92,+7193.16,257193.16
2026-02-10T14:47:37.228000+00:00,2353,25276.75,-0.9096685647964478,BUY,0.040,-0.910,+22.73,+7215.89,257215.89
2026-02-10T14:49:45.975011+00:00,2354,25256.5,-0.9050537347793579,BUY,0.005,-0.905,+1.87,+7217.76,257217.76
2026-02-10T14:50:17.061001+00:00,2355,25295.75,-0.9103856682777405,SELL,0.005,-0.910,+0.00,+7217.76,257217.76
2026-02-10T14:53:19.065000+00:00,2356,25335.5,-0.8998690843582153,BUY,0.011,-0.900,-8.36,+7209.40,257209.40
2026-02-10T14:55:33.739000+00:00,2357,25374.0,-0.8597575426101685,BUY,0.040,-0.860,-30.89,+7178.51,257178.51
2026-02-10T15:06:30.681171+00:00,2358,25414.0,-0.8364901542663574,BUY,0.023,-0.836,-18.61,+7159.90,257159.90
2026-02-10T15:13:10.339000+00:00,2359,25407.25,-0.8743634223937988,SELL,0.038,-0.874,+0.00,+7159.90,257159.90
2026-02-10T15:13:50.347000+00:00,2360,25370.0,-0.8489252924919128,BUY,0.025,-0.849,+18.95,+7178.85,257178.85
2026-02-10T15:18:33.808000+00:00,2361,25398.0,-0.7710815668106079,BUY,0.078,-0.771,-43.59,+7135.26,257135.26
2026-02-10T15:24:12.236000+00:00,2362,25387.5,-0.6954686045646667,BUY,0.076,-0.695,+15.88,+7151.14,257151.14
2026-02-10T15:27:08.159002+00:00,2363,25409.75,-0.4141099154949188,BUY,0.281,-0.414,-125.20,+7025.93,257025.93
2026-02-10T15:31:09.752000+00:00,2364,25426.0,-0.05001673847436905,BUY,0.364,-0.050,-118.33,+6907.60,256907.60
2026-02-10T15:35:03.648000+00:00,2365,25398.5,-0.07874234765768051,SELL,0.029,-0.079,+0.00,+6907.60,256907.60
2026-02-10T15:46:43.614001+00:00,2366,25422.75,-0.16844335198402405,SELL,0.090,-0.168,+0.00,+6907.60,256907.60
2026-02-10T15:49:07.304000+00:00,2367,25389.5,0.25560635328292847,BUY,0.424,0.256,+112.01,+7019.62,257019.62
2026-02-10T15:56:11.482003+00:00,2368,25364.5,0.4801624119281769,BUY,0.225,0.480,+0.00,+7019.62,257019.62
2026-02-10T15:58:08.393000+00:00,2369,25388.0,0.944222092628479,BUY,0.464,0.944,+0.00,+7019.62,257019.62
2026-02-10T16:07:07.730002+00:00,2370,25360.25,0.9762035608291626,BUY,0.032,0.976,+0.00,+7019.62,257019.62
2026-02-10T16:15:37.309000+00:00,2371,25349.25,0.9899150133132935,BUY,0.014,0.990,+0.00,+7019.62,257019.62
2026-02-10T16:17:28.183000+00:00,2372,25389.25,0.9972910284996033,BUY,0.007,0.997,+0.00,+7019.62,257019.62
2026-02-10T16:21:27.508002+00:00,2373,25354.75,0.9990922808647156,BUY,0.002,0.999,+0.00,+7019.62,257019.62
2026-02-10T16:27:07.919000+00:00,2374,25371.5,0.9990936517715454,BUY,0.000,0.999,+0.00,+7019.62,257019.62
2026-02-10T16:34:13.097001+00:00,2375,25332.5,0.9990024566650391,SELL,0.000,0.999,-0.07,+7019.55,257019.55
2026-02-10T16:47:00.780050+00:00,2376,25364.0,0.998349666595459,SELL,0.001,0.998,+0.41,+7019.96,257019.96
2026-02-10T16:50:06.117000+00:00,2377,25326.75,0.9989569187164307,BUY,0.001,0.999,+0.00,+7019.96,257019.96
2026-02-10T17:04:07.449002+00:00,2378,25307.5,0.9987239241600037,SELL,0.000,0.999,-0.09,+7019.87,257019.87
2026-02-10T17:08:04.621000+00:00,2379,25344.0,0.9989916086196899,BUY,0.000,0.999,+0.00,+7019.87,257019.87
2026-02-10T17:18:20.881000+00:00,2380,25378.75,0.9985666871070862,SELL,0.000,0.999,+0.30,+7020.16,257020.16
2026-02-10T17:46:45.296000+00:00,2381,25393.0,0.9981805682182312,SELL,0.000,0.998,+0.11,+7020.27,257020.27
2026-02-10T18:05:54.099052+00:00,2382,25357.75,0.9982430934906006,BUY,0.000,0.998,+0.00,+7020.27,257020.27
2026-02-10T18:16:31.574000+00:00,2383,25323.25,0.996964693069458,SELL,0.001,0.997,-0.88,+7019.39,257019.39
2026-02-10T18:27:35.883000+00:00,2384,25298.0,0.9936631917953491,SELL,0.003,0.994,-1.67,+7017.72,257017.72
2026-02-10T18:34:36.077004+00:00,2385,25270.75,0.9835087060928345,SELL,0.010,0.984,-5.53,+7012.19,257012.19
2026-02-10T18:56:47.253000+00:00,2386,25310.75,0.9547558426856995,SELL,0.029,0.955,+23.00,+7035.19,257035.19
2026-02-10T19:17:12.252018+00:00,2387,25283.25,0.8821718692779541,SELL,0.073,0.882,-39.92,+6995.27,256995.27
2026-02-10T20:04:22.032000+00:00,2388,25272.75,0.5654809474945068,SELL,0.317,0.565,-66.51,+6928.77,256928.77
2026-02-10T20:35:29.264001+00:00,2389,25238.75,0.22379615902900696,SELL,0.342,0.224,-232.35,+6696.42,256696.42
2026-02-10T20:53:10.001006+00:00,2390,25225.75,-0.027187593281269073,SELL,0.251,-0.027,-58.19,+6638.23,256638.23
2026-02-10T21:06:16.705004+00:00,2391,25238.25,-0.046082302927970886,SELL,0.019,-0.046,+0.00,+6638.23,256638.23
2026-02-10T23:00:28.672001+00:00,2392,25266.0,-0.07466921210289001,SELL,0.029,-0.075,+0.00,+6638.23,256638.23
2026-02-11T01:02:03.355070+00:00,2393,25305.75,-0.05998910963535309,BUY,0.015,-0.060,-11.67,+6626.56,256626.56
2026-02-11T03:46:28.856071+00:00,2394,25338.5,-0.07438664138317108,SELL,0.014,-0.074,+0.00,+6626.56,256626.56
2026-02-11T04:38:28.088001+00:00,2395,25305.5,-0.1033390685915947,SELL,0.029,-0.103,+0.00,+6626.56,256626.56
2026-02-11T05:43:17.612000+00:00,2396,25285.75,-0.046279892325401306,BUY,0.057,-0.046,+22.54,+6649.10,256649.10
2026-02-11T06:23:22.353002+00:00,2397,25276.0,0.08332053571939468,BUY,0.130,0.083,+9.02,+6658.13,256658.13
2026-02-11T08:07:01.286016+00:00,2398,25251.5,0.35558485984802246,BUY,0.272,0.356,+0.00,+6658.13,256658.13
2026-02-11T08:19:44.416001+00:00,2399,25212.75,0.6912462115287781,BUY,0.336,0.691,+0.00,+6658.13,256658.13
2026-02-11T08:32:04.883000+00:00,2400,25249.75,0.8992305397987366,BUY,0.208,0.899,+0.00,+6658.13,256658.13
2026-02-11T09:21:09.363009+00:00,2401,25239.0,0.9688648581504822,BUY,0.070,0.969,+0.00,+6658.13,256658.13
2026-02-11T09:38:30.292000+00:00,2402,25217.25,0.9917031526565552,BUY,0.023,0.992,+0.00,+6658.13,256658.13
2026-02-11T10:00:27.109000+00:00,2403,25190.0,0.9956991076469421,BUY,0.004,0.996,+0.00,+6658.13,256658.13
2026-02-11T10:02:02.466000+00:00,2404,25152.75,0.9975650906562805,BUY,0.002,0.998,+0.00,+6658.13,256658.13
2026-02-11T10:22:01.607000+00:00,2405,25186.25,0.9986401796340942,BUY,0.001,0.999,+0.00,+6658.13,256658.13
2026-02-11T10:59:57.569000+00:00,2406,25207.0,0.998906135559082,BUY,0.000,0.999,+0.00,+6658.13,256658.13
2026-02-11T11:25:45.116000+00:00,2407,25246.0,0.9990954995155334,BUY,0.000,0.999,+0.00,+6658.13,256658.13
2026-02-11T11:59:59.911001+00:00,2408,25210.0,0.9991261959075928,BUY,0.000,0.999,+0.00,+6658.13,256658.13
2026-02-11T12:01:56.510002+00:00,2409,25246.0,0.999142050743103,BUY,0.000,0.999,+0.00,+6658.13,256658.13
2026-02-11T12:13:42.880001+00:00,2410,25273.0,0.9986701011657715,SELL,0.000,0.999,+0.25,+6658.38,256658.38
2026-02-11T12:47:54.770000+00:00,2411,25235.75,0.9981297850608826,SELL,0.001,0.998,-0.40,+6657.98,256657.98
2026-02-11T13:19:35.474000+00:00,2412,25262.75,0.997277021408081,SELL,0.001,0.997,+0.46,+6658.44,256658.44
2026-02-11T13:30:01.087028+00:00,2413,25278.0,0.9969897270202637,SELL,0.000,0.997,+0.09,+6658.53,256658.53
2026-02-11T13:30:01.289000+00:00,2414,25271.5,0.9977158904075623,BUY,0.001,0.998,+0.00,+6658.53,256658.53
2026-02-11T13:30:01.378000+00:00,2415,25298.0,0.9976316690444946,SELL,0.000,0.998,+0.04,+6658.57,256658.57
2026-02-11T13:30:06.520014+00:00,2416,25327.75,0.9980014562606812,BUY,0.000,0.998,+0.00,+6658.57,256658.57
2026-02-11T13:30:10.616001+00:00,2417,25302.5,0.9985129833221436,BUY,0.001,0.999,+0.00,+6658.57,256658.57
2026-02-11T13:30:17.335000+00:00,2418,25336.25,0.9983217716217041,SELL,0.000,0.998,+0.13,+6658.70,256658.70
2026-02-11T13:30:39.540000+00:00,2419,25296.25,0.9989890456199646,BUY,0.001,0.999,+0.00,+6658.70,256658.70
2026-02-11T13:31:35.891003+00:00,2420,25324.5,0.9992916584014893,BUY,0.000,0.999,+0.00,+6658.70,256658.70
2026-02-11T13:33:16.355018+00:00,2421,25348.0,0.9993388652801514,BUY,0.000,0.999,+0.00,+6658.70,256658.70
2026-02-11T13:41:05.697000+00:00,2422,25327.75,0.9987367987632751,SELL,0.001,0.999,-0.24,+6658.46,256658.46
2026-02-11T13:45:58.382000+00:00,2423,25363.25,0.9946698546409607,SELL,0.004,0.995,+2.89,+6661.34,256661.34
2026-02-11T13:53:57.139007+00:00,2424,25401.25,0.963201642036438,SELL,0.031,0.963,+23.92,+6685.26,256685.26
2026-02-11T13:56:00.397000+00:00,2425,25441.0,0.7133485078811646,SELL,0.250,0.713,+198.63,+6883.89,256883.89
2026-02-11T14:10:42.048000+00:00,2426,25412.0,0.10723506659269333,SELL,0.606,0.107,-351.55,+6532.35,256532.35
2026-02-11T14:30:01.626083+00:00,2427,25400.75,-0.5250325798988342,SELL,0.632,-0.525,-24.13,+6508.22,256508.22
2026-02-11T14:30:28.119002+00:00,2428,25437.25,-0.8211614489555359,SELL,0.296,-0.821,+0.00,+6508.22,256508.22
2026-02-11T14:32:28.468016+00:00,2429,25425.25,-0.8824096322059631,SELL,0.061,-0.882,+0.00,+6508.22,256508.22
2026-02-11T14:33:39.248052+00:00,2430,25396.75,-0.8783373832702637,BUY,0.004,-0.878,+2.32,+6510.54,256510.54
2026-02-11T14:34:30.208006+00:00,2431,25386.75,-0.8916594982147217,SELL,0.013,-0.892,+0.00,+6510.54,256510.54
2026-02-11T14:36:06.919002+00:00,2432,25401.75,-0.9184598922729492,SELL,0.027,-0.918,+0.00,+6510.54,256510.54
2026-02-11T14:36:29.909000+00:00,2433,25376.5,-0.9412525296211243,SELL,0.023,-0.941,+0.00,+6510.54,256510.54
2026-02-11T14:37:00.424000+00:00,2434,25355.5,-0.9353672862052917,BUY,0.006,-0.935,+2.47,+6513.01,256513.01
2026-02-11T14:37:37.746000+00:00,2435,25385.25,-0.9590060710906982,SELL,0.024,-0.959,+0.00,+6513.01,256513.01
2026-02-11T14:38:45.935001+00:00,2436,25348.5,-0.9631049633026123,SELL,0.004,-0.963,+0.00,+6513.01,256513.01
2026-02-11T14:41:19.378004+00:00,2437,25379.25,-0.973638653755188,SELL,0.011,-0.974,+0.00,+6513.01,256513.01
2026-02-11T14:44:27.938000+00:00,2438,25397.0,-0.9748796224594116,SELL,0.001,-0.975,+0.00,+6513.01,256513.01
2026-02-11T14:45:57.488000+00:00,2439,25423.0,-0.9774721264839172,SELL,0.003,-0.977,+0.00,+6513.01,256513.01
2026-02-11T14:46:42.707004+00:00,2440,25396.75,-0.977016806602478,BUY,0.000,-0.977,+0.24,+6513.25,256513.25
2026-02-11T14:48:47.538000+00:00,2441,25405.5,-0.978634238243103,SELL,0.002,-0.979,+0.00,+6513.25,256513.25
2026-02-11T14:50:18.640006+00:00,2442,25375.0,-0.9730268716812134,BUY,0.006,-0.973,+3.42,+6516.67,256516.67
2026-02-11T14:53:19.678000+00:00,2443,25357.5,-0.9688138365745544,BUY,0.004,-0.969,+1.47,+6518.15,256518.15
2026-02-11T14:55:04.626000+00:00,2444,25392.25,-0.9598623514175415,BUY,0.009,-0.960,-6.22,+6511.92,256511.92
2026-02-11T14:56:03.350001+00:00,2445,25356.5,-0.9458245038986206,BUY,0.014,-0.946,+10.04,+6521.96,256521.96
2026-02-11T14:57:09.360036+00:00,2446,25322.5,-0.9243268370628357,BUY,0.021,-0.924,+14.62,+6536.58,256536.58
2026-02-11T14:58:46.762001+00:00,2447,25296.5,-0.8983220458030701,BUY,0.026,-0.898,+13.52,+6550.10,256550.10
2026-02-11T15:01:15.731000+00:00,2448,25330.25,-0.90420001745224,SELL,0.006,-0.904,+0.00,+6550.10,256550.10
2026-02-11T15:02:16.485020+00:00,2449,25303.25,-0.9121955633163452,SELL,0.008,-0.912,+0.00,+6550.10,256550.10
2026-02-11T15:05:28.718001+00:00,2450,25266.5,-0.9107418656349182,BUY,0.001,-0.911,+1.07,+6551.17,256551.17
2026-02-11T15:08:42.506007+00:00,2451,25260.5,-0.9034667015075684,BUY,0.007,-0.903,+0.87,+6552.04,256552.04
2026-02-11T15:10:04.193005+00:00,2452,25226.25,-0.8771610856056213,BUY,0.026,-0.877,+18.02,+6570.06,256570.06
2026-02-11T15:12:01.520000+00:00,2453,25207.5,-0.8535504937171936,BUY,0.024,-0.854,+8.85,+6578.92,256578.92
2026-02-11T15:13:16.638008+00:00,2454,25169.25,-0.8344550132751465,BUY,0.019,-0.834,+14.61,+6593.53,256593.53
2026-02-11T15:14:49.032000+00:00,2455,25181.75,-0.7800641655921936,BUY,0.054,-0.780,-13.60,+6579.93,256579.93
2026-02-11T15:16:33.198000+00:00,2456,25155.5,-0.8699963688850403,SELL,0.090,-0.870,+0.00,+6579.93,256579.93
2026-02-11T15:18:14.542024+00:00,2457,25138.25,-0.810240626335144,BUY,0.060,-0.810,+20.62,+6600.54,256600.54
2026-02-11T15:19:38.420023+00:00,2458,25130.0,-0.553132176399231,BUY,0.257,-0.553,+42.42,+6642.97,256642.97
2026-02-11T15:21:01.445000+00:00,2459,25100.5,-0.22837157547473907,BUY,0.325,-0.228,+191.61,+6834.58,256834.58
2026-02-11T15:22:06.404009+00:00,2460,25130.0,-0.3696553409099579,SELL,0.141,-0.370,+0.00,+6834.58,256834.58
2026-02-11T15:23:32.462005+00:00,2461,25094.0,-0.3117951452732086,BUY,0.058,-0.312,+41.66,+6876.23,256876.23
2026-02-11T15:26:02.896024+00:00,2462,25062.75,-0.38843315839767456,SELL,0.077,-0.388,+0.00,+6876.23,256876.23
2026-02-11T15:28:17.980000+00:00,2463,25098.5,-0.5269107818603516,SELL,0.138,-0.527,+0.00,+6876.23,256876.23
2026-02-11T15:29:54.499000+00:00,2464,25081.25,-0.6244279146194458,SELL,0.098,-0.624,+0.00,+6876.23,256876.23
2026-02-11T15:31:21.321000+00:00,2465,25109.0,-0.6677637696266174,SELL,0.043,-0.668,+0.00,+6876.23,256876.23
2026-02-11T15:35:01.509000+00:00,2466,25137.75,-0.7821783423423767,SELL,0.114,-0.782,+0.00,+6876.23,256876.23
2026-02-11T15:36:21.845003+00:00,2467,25168.75,-0.8502711653709412,SELL,0.068,-0.850,+0.00,+6876.23,256876.23
2026-02-11T15:37:16.544005+00:00,2468,25129.75,-0.8375536203384399,BUY,0.013,-0.838,+9.92,+6886.15,256886.15
2026-02-11T15:37:55.813001+00:00,2469,25150.5,-0.8442797660827637,SELL,0.007,-0.844,+0.00,+6886.15,256886.15
2026-02-11T15:39:37.574000+00:00,2470,25168.5,-0.8789311647415161,SELL,0.035,-0.879,+0.00,+6886.15,256886.15
2026-02-11T15:43:46.279002+00:00,2471,25152.75,-0.8975061178207397,SELL,0.019,-0.898,+0.00,+6886.15,256886.15
2026-02-11T15:44:37.945000+00:00,2472,25191.25,-0.9032443165779114,SELL,0.006,-0.903,+0.00,+6886.15,256886.15
2026-02-11T15:46:59.087047+00:00,2473,25166.5,-0.8954567909240723,BUY,0.008,-0.895,+3.85,+6890.01,256890.01
2026-02-11T15:49:23.994000+00:00,2474,25140.75,-0.8525521159172058,BUY,0.043,-0.853,+22.10,+6912.10,256912.10
2026-02-11T15:51:07.612001+00:00,2475,25173.25,-0.8677773475646973,SELL,0.015,-0.868,+0.00,+6912.10,256912.10
2026-02-11T15:52:16.563003+00:00,2476,25206.75,-0.9024211168289185,SELL,0.035,-0.902,+0.00,+6912.10,256912.10
2026-02-11T15:53:24.994019+00:00,2477,25243.25,-0.9116318821907043,SELL,0.009,-0.912,+0.00,+6912.10,256912.10
2026-02-11T16:00:57.216007+00:00,2478,25231.5,-0.9057530164718628,BUY,0.006,-0.906,+1.38,+6913.49,256913.49
2026-02-11T16:03:43.496009+00:00,2479,25213.75,-0.9121879935264587,SELL,0.006,-0.912,+0.00,+6913.49,256913.49
2026-02-11T16:10:40.115015+00:00,2480,25221.75,-0.9146637916564941,SELL,0.002,-0.915,+0.00,+6913.49,256913.49
2026-02-11T16:13:01.302001+00:00,2481,25245.75,-0.9207059144973755,SELL,0.006,-0.921,+0.00,+6913.49,256913.49
2026-02-11T16:18:47.439004+00:00,2482,25222.75,-0.9168323278427124,BUY,0.004,-0.917,+1.78,+6915.27,256915.27
2026-02-11T16:23:00.362000+00:00,2483,25261.75,-0.9266272187232971,SELL,0.010,-0.927,+0.00,+6915.27,256915.27
2026-02-11T16:26:49.994001+00:00,2484,25235.0,-0.9131235480308533,BUY,0.014,-0.913,+7.22,+6922.49,256922.49
2026-02-11T16:28:36.156062+00:00,2485,25196.5,-0.9050928354263306,BUY,0.008,-0.905,+6.18,+6928.68,256928.68
2026-02-11T16:33:37.138001+00:00,2486,25215.0,-0.8955108523368835,BUY,0.010,-0.896,-3.55,+6925.13,256925.13
2026-02-11T16:36:03.208001+00:00,2487,25188.75,-0.883136510848999,BUY,0.012,-0.883,+6.50,+6931.63,256931.63
2026-02-11T16:38:21.869001+00:00,2488,25220.0,-0.8803839683532715,BUY,0.003,-0.880,-1.72,+6929.91,256929.91
2026-02-11T16:40:04.950000+00:00,2489,25237.0,-0.8599027395248413,BUY,0.020,-0.860,-6.96,+6922.94,256922.94
2026-02-11T16:44:01.662000+00:00,2490,25216.75,-0.854694128036499,BUY,0.005,-0.855,+2.11,+6925.05,256925.05
2026-02-11T16:49:27.229000+00:00,2491,25202.0,-0.8613904714584351,SELL,0.007,-0.861,+0.00,+6925.05,256925.05
2026-02-11T16:58:51.469000+00:00,2492,25181.75,-0.899845540523529,SELL,0.038,-0.900,+0.00,+6925.05,256925.05
2026-02-11T17:02:03.770000+00:00,2493,25151.0,-0.8859728574752808,BUY,0.014,-0.886,+8.53,+6933.58,256933.58
2026-02-11T17:07:36.888018+00:00,2494,25181.75,-0.9091066718101501,SELL,0.023,-0.909,+0.00,+6933.58,256933.58
2026-02-11T17:11:07.081001+00:00,2495,25215.5,-0.8969467282295227,BUY,0.012,-0.897,-8.21,+6925.38,256925.38
2026-02-11T17:17:00.063001+00:00,2496,25230.0,-0.88816237449646,BUY,0.009,-0.888,-2.55,+6922.83,256922.83
2026-02-11T17:20:46.052001+00:00,2497,25205.25,-0.863086998462677,BUY,0.025,-0.863,+12.41,+6935.24,256935.24
2026-02-11T17:22:58.050027+00:00,2498,25241.25,-0.874362587928772,SELL,0.011,-0.874,+0.00,+6935.24,256935.24
2026-02-11T17:25:37.179006+00:00,2499,25276.25,-0.90172278881073,SELL,0.027,-0.902,+0.00,+6935.24,256935.24
2026-02-11T17:43:48.994002+00:00,2500,25303.0,-0.9283261895179749,SELL,0.027,-0.928,+0.00,+6935.24,256935.24
2026-02-11T17:51:33.766035+00:00,2501,25323.25,-0.9372963905334473,SELL,0.009,-0.937,+0.00,+6935.24,256935.24
2026-02-11T17:55:59.072000+00:00,2502,25285.0,-0.9447144269943237,SELL,0.007,-0.945,+0.00,+6935.24,256935.24
2026-02-11T18:01:58.999052+00:00,2503,25251.25,-0.9604729413986206,SELL,0.016,-0.960,+0.00,+6935.24,256935.24
2026-02-11T18:08:48.384000+00:00,2504,25237.25,-0.9695669412612915,SELL,0.009,-0.970,+0.00,+6935.24,256935.24
2026-02-11T18:15:01.532000+00:00,2505,25203.5,-0.9682308435440063,BUY,0.001,-0.968,+0.90,+6936.14,256936.14
2026-02-11T18:16:56.481000+00:00,2506,25240.75,-0.9668369889259338,BUY,0.001,-0.967,-1.04,+6935.11,256935.11
2026-02-11T18:27:47.469002+00:00,2507,25264.75,-0.9686034321784973,SELL,0.002,-0.969,+0.00,+6935.11,256935.11
2026-02-11T18:49:38.048000+00:00,2508,25294.5,-0.9725654721260071,SELL,0.004,-0.973,+0.00,+6935.11,256935.11
2026-02-11T18:50:17.127001+00:00,2509,25261.0,-0.9751227498054504,SELL,0.003,-0.975,+0.00,+6935.11,256935.11
2026-02-11T18:53:13.754000+00:00,2510,25295.0,-0.9792003035545349,SELL,0.004,-0.979,+0.00,+6935.11,256935.11
2026-02-11T19:06:13.143004+00:00,2511,25272.5,-0.9791355729103088,BUY,0.000,-0.979,+0.03,+6935.13,256935.13
2026-02-11T19:12:31.679004+00:00,2512,25297.75,-0.9809318780899048,SELL,0.002,-0.981,+0.00,+6935.13,256935.13
2026-02-11T19:21:37.068000+00:00,2513,25336.5,-0.9757313132286072,BUY,0.005,-0.976,-4.03,+6931.10,256931.10
2026-02-11T19:45:49.064001+00:00,2514,25320.5,-0.9742773771286011,BUY,0.001,-0.974,+0.47,+6931.57,256931.57
2026-02-11T19:46:35.444000+00:00,2515,25322.0,-0.9787813425064087,SELL,0.005,-0.979,+0.00,+6931.57,256931.57
2026-02-11T20:22:25.350000+00:00,2516,25291.75,-0.966068685054779,BUY,0.013,-0.966,+7.69,+6939.26,256939.26
2026-02-11T20:40:37.555000+00:00,2517,25311.75,-0.977199375629425,SELL,0.011,-0.977,+0.00,+6939.26,256939.26
2026-02-11T20:59:56.081007+00:00,2518,25281.5,-0.9849246144294739,SELL,0.008,-0.985,+0.00,+6939.26,256939.26
2026-02-11T21:10:54.629011+00:00,2519,25268.0,-0.9864100813865662,SELL,0.001,-0.986,+0.00,+6939.26,256939.26
2026-02-11T23:08:16.737006+00:00,2520,25258.0,-0.9877911806106567,SELL,0.001,-0.988,+0.00,+6939.26,256939.26
2026-02-11T23:30:16.066000+00:00,2521,25231.0,-0.9859646558761597,BUY,0.002,-0.986,+0.99,+6940.25,256940.25
2026-02-11T23:47:05.387001+00:00,2522,25246.0,-0.9834422469139099,BUY,0.003,-0.983,-0.76,+6939.49,256939.49
2026-02-12T00:23:26.232000+00:00,2523,25214.5,-0.9881069660186768,SELL,0.005,-0.988,+0.00,+6939.49,256939.49
2026-02-12T00:35:53.186003+00:00,2524,25254.25,-0.99127596616745,SELL,0.003,-0.991,+0.00,+6939.49,256939.49
2026-02-12T01:27:17.300001+00:00,2525,25282.5,-0.9823299050331116,BUY,0.009,-0.982,-5.05,+6934.44,256934.44
2026-02-12T01:43:04.358000+00:00,2526,25314.0,-0.9799471497535706,BUY,0.002,-0.980,-1.50,+6932.93,256932.93
2026-02-12T02:18:09.872001+00:00,2527,25274.75,-0.9758532643318176,BUY,0.004,-0.976,+3.21,+6936.15,256936.15
2026-02-12T03:31:22.984000+00:00,2528,25309.75,-0.963702917098999,BUY,0.012,-0.964,-8.51,+6927.64,256927.64
2026-02-12T05:19:19.627001+00:00,2529,25343.0,-0.956293523311615,BUY,0.007,-0.956,-4.93,+6922.72,256922.72
2026-02-12T06:31:28.952051+00:00,2530,25304.75,-0.9445030689239502,BUY,0.012,-0.945,+9.02,+6931.74,256931.74
2026-02-12T07:04:34.121050+00:00,2531,25332.0,-0.9253127574920654,BUY,0.019,-0.925,-10.46,+6921.28,256921.28
2026-02-12T08:00:16.372002+00:00,2532,25362.0,-0.9194892048835754,BUY,0.006,-0.919,-3.49,+6917.78,256917.78
2026-02-12T08:34:12.066000+00:00,2533,25329.25,-0.8659655451774597,BUY,0.054,-0.866,+35.06,+6952.84,256952.84
2026-02-12T10:03:01.940000+00:00,2534,25364.75,-0.6536591053009033,BUY,0.212,-0.654,-150.74,+6802.10,256802.10
2026-02-12T10:25:01.381001+00:00,2535,25334.0,-0.3888689875602722,BUY,0.265,-0.389,+162.85,+6964.95,256964.95
2026-02-12T12:31:58.500001+00:00,2536,25374.0,0.05718252807855606,BUY,0.446,0.057,-311.10,+6653.85,256653.85
2026-02-12T13:03:11.008000+00:00,2537,25344.0,0.468966007232666,BUY,0.412,0.469,+0.00,+6653.85,256653.85
2026-02-12T13:33:36.255000+00:00,2538,25360.5,0.646119236946106,BUY,0.177,0.646,+0.00,+6653.85,256653.85
2026-02-12T13:40:34.634004+00:00,2539,25398.75,0.6483530402183533,BUY,0.002,0.648,+0.00,+6653.85,256653.85
2026-02-12T14:02:08.067003+00:00,2540,25379.75,0.7696621417999268,BUY,0.121,0.770,+0.00,+6653.85,256653.85
2026-02-12T14:29:59.612005+00:00,2541,25347.0,0.828181266784668,BUY,0.059,0.828,+0.00,+6653.85,256653.85
2026-02-12T14:30:07.656008+00:00,2542,25358.0,0.9548704624176025,BUY,0.127,0.955,+0.00,+6653.85,256653.85
2026-02-12T14:31:07.655009+00:00,2543,25327.25,0.9812795519828796,BUY,0.026,0.981,+0.00,+6653.85,256653.85
2026-02-12T14:32:54.736000+00:00,2544,25367.25,0.990949809551239,BUY,0.010,0.991,+0.00,+6653.85,256653.85
2026-02-12T14:35:10.802001+00:00,2545,25336.75,0.9932457804679871,BUY,0.002,0.993,+0.00,+6653.85,256653.85
2026-02-12T14:37:04.040000+00:00,2546,25373.75,0.9912143349647522,SELL,0.002,0.991,+1.50,+6655.36,256655.36
2026-02-12T14:38:21.371000+00:00,2547,25391.0,0.9915664792060852,BUY,0.000,0.992,+0.00,+6655.36,256655.36
2026-02-12T14:38:50.357002+00:00,2548,25352.5,0.9925235509872437,BUY,0.001,0.993,+0.00,+6655.36,256655.36
2026-02-12T14:40:17.485000+00:00,2549,25384.5,0.9930259585380554,BUY,0.001,0.993,+0.00,+6655.36,256655.36
2026-02-12T14:43:05.226005+00:00,2550,25349.25,0.9946670532226562,BUY,0.002,0.995,+0.00,+6655.36,256655.36
2026-02-12T14:44:12.431001+00:00,2551,25314.0,0.9930335879325867,SELL,0.002,0.993,-1.15,+6654.21,256654.21
2026-02-12T14:45:50.868044+00:00,2552,25283.75,0.9938035011291504,BUY,0.001,0.994,+0.00,+6654.21,256654.21
2026-02-12T14:47:27.490085+00:00,2553,25301.0,0.985201895236969,SELL,0.009,0.985,+2.97,+6657.17,256657.17
2026-02-12T14:48:06.174014+00:00,2554,25262.0,0.9742139577865601,SELL,0.011,0.974,-8.57,+6648.60,256648.60
2026-02-12T14:49:57.745008+00:00,2555,25246.75,0.9807482957839966,BUY,0.007,0.981,+0.00,+6648.60,256648.60
2026-02-12T14:51:19.367007+00:00,2556,25275.25,0.9861074090003967,BUY,0.005,0.986,+0.00,+6648.60,256648.60
2026-02-12T14:53:12.665000+00:00,2557,25292.0,0.9866278171539307,BUY,0.001,0.987,+0.00,+6648.60,256648.60
2026-02-12T14:56:03.010000+00:00,2558,25252.0,0.9858494400978088,SELL,0.001,0.986,-0.62,+6647.98,256647.98
2026-02-12T14:57:24.388006+00:00,2559,25213.25,0.9900078177452087,BUY,0.004,0.990,+0.00,+6647.98,256647.98
2026-02-12T14:59:34.301000+00:00,2560,25188.0,0.9895222187042236,SELL,0.000,0.990,-0.25,+6647.73,256647.73
2026-02-12T15:01:21.657000+00:00,2561,25218.5,0.9890591502189636,SELL,0.000,0.989,+0.28,+6648.02,256648.02
2026-02-12T15:04:48.494000+00:00,2562,25211.5,0.991586446762085,BUY,0.003,0.992,+0.00,+6648.02,256648.02
2026-02-12T15:06:28.966000+00:00,2563,25238.75,0.9916942715644836,BUY,0.000,0.992,+0.00,+6648.02,256648.02
2026-02-12T15:08:15.116000+00:00,2564,25201.25,0.9906492829322815,SELL,0.001,0.991,-0.78,+6647.23,256647.23
2026-02-12T15:10:56.171000+00:00,2565,25210.0,0.9883294701576233,SELL,0.002,0.988,+0.41,+6647.64,256647.64
2026-02-12T15:14:07.866000+00:00,2566,25218.5,0.9763883352279663,SELL,0.012,0.976,+2.03,+6649.67,256649.67
2026-02-12T15:19:49.170000+00:00,2567,25206.0,0.9125129580497742,SELL,0.064,0.913,-15.97,+6633.70,256633.70
2026-02-12T15:21:56.671000+00:00,2568,25197.0,0.7064399123191833,SELL,0.206,0.706,-37.09,+6596.61,256596.61
2026-02-12T15:22:42.901000+00:00,2569,25234.0,0.002496397588402033,SELL,0.704,0.002,+520.92,+7117.52,257117.52
2026-02-12T15:23:49.439000+00:00,2570,25220.25,-0.7801264524459839,SELL,0.783,-0.780,-0.69,+7116.84,257116.84
2026-02-12T15:30:49.576000+00:00,2571,25250.25,-0.9015035629272461,SELL,0.121,-0.902,+0.00,+7116.84,257116.84
2026-02-12T15:32:28.683000+00:00,2572,25213.75,-0.9273348450660706,SELL,0.026,-0.927,+0.00,+7116.84,257116.84
2026-02-12T15:34:58.991000+00:00,2573,25178.5,-0.9434831738471985,SELL,0.016,-0.943,+0.00,+7116.84,257116.84
2026-02-12T15:37:54.233000+00:00,2574,25148.25,-0.9345210194587708,BUY,0.009,-0.935,+5.42,+7122.26,257122.26
2026-02-12T15:41:29.710001+00:00,2575,25109.0,-0.932902991771698,BUY,0.002,-0.933,+1.27,+7123.53,257123.53
2026-02-12T15:51:55.907000+00:00,2576,25119.0,-0.9293358325958252,BUY,0.004,-0.929,-0.71,+7122.82,257122.82
2026-02-12T15:53:39.405007+00:00,2577,25081.25,-0.9269549250602722,BUY,0.002,-0.927,+1.80,+7124.61,257124.61
2026-02-12T15:55:38.452010+00:00,2578,25043.5,-0.9219911098480225,BUY,0.005,-0.922,+3.75,+7128.36,257128.36
2026-02-12T15:59:15.178000+00:00,2579,25016.0,-0.9111115336418152,BUY,0.011,-0.911,+5.98,+7134.35,257134.35
2026-02-12T16:03:12.952001+00:00,2580,25031.0,-0.9038171768188477,BUY,0.007,-0.904,-2.19,+7132.16,257132.16
2026-02-12T16:04:25.383002+00:00,2581,24991.75,-0.8889360427856445,BUY,0.015,-0.889,+11.68,+7143.84,257143.84
2026-02-12T16:05:50.197000+00:00,2582,24967.0,-0.8738290667533875,BUY,0.015,-0.874,+7.48,+7151.32,257151.32
2026-02-12T16:09:06.816000+00:00,2583,24983.75,-0.8583333492279053,BUY,0.015,-0.858,-5.19,+7146.13,257146.13
2026-02-12T16:10:48.451013+00:00,2584,24945.75,-0.8484360575675964,BUY,0.010,-0.848,+7.52,+7153.65,257153.65
2026-02-12T16:15:27.865035+00:00,2585,24925.75,-0.8324048519134521,BUY,0.016,-0.832,+6.41,+7160.06,257160.06
2026-02-12T16:17:28.674001+00:00,2586,24938.75,-0.8390076160430908,SELL,0.007,-0.839,+0.00,+7160.06,257160.06
2026-02-12T16:18:53.768002+00:00,2587,24900.25,-0.7951279282569885,BUY,0.044,-0.795,+33.79,+7193.85,257193.85
2026-02-12T16:21:03.985004+00:00,2588,24873.75,-0.7817191481590271,BUY,0.013,-0.782,+7.11,+7200.96,257200.96
2026-02-12T16:23:30.017061+00:00,2589,24902.75,-0.7580081224441528,BUY,0.024,-0.758,-13.75,+7187.20,257187.20
2026-02-12T16:25:19.254000+00:00,2590,24875.25,-0.7318015694618225,BUY,0.026,-0.732,+14.41,+7201.62,257201.62
2026-02-12T16:26:39.286000+00:00,2591,24842.25,-0.6296183466911316,BUY,0.102,-0.630,+67.44,+7269.06,257269.06
2026-02-12T16:29:15.158001+00:00,2592,24827.75,-0.5552223920822144,BUY,0.074,-0.555,+21.57,+7290.63,257290.63
2026-02-12T16:32:08.582001+00:00,2593,24845.75,-0.33743637800216675,BUY,0.218,-0.337,-78.40,+7212.23,257212.23
2026-02-12T16:35:30.077000+00:00,2594,24872.75,-0.27022475004196167,BUY,0.067,-0.270,-36.29,+7175.93,257175.93
2026-02-12T16:36:55.126000+00:00,2595,24901.0,-0.04843757301568985,BUY,0.222,-0.048,-125.31,+7050.63,257050.63
2026-02-12T16:38:31.640001+00:00,2596,24871.75,0.13224294781684875,BUY,0.181,0.132,+28.34,+7078.96,257078.96
2026-02-12T16:43:05.780003+00:00,2597,24911.25,-0.11660388112068176,SELL,0.249,-0.117,+104.47,+7183.43,257183.43
2026-02-12T16:44:27.561000+00:00,2598,24881.75,0.18156015872955322,BUY,0.298,0.182,+68.80,+7252.23,257252.23
2026-02-12T16:46:50.368000+00:00,2599,24862.0,0.5950055718421936,BUY,0.413,0.595,+0.00,+7252.23,257252.23
2026-02-12T16:48:28.886000+00:00,2600,24843.5,0.8302860856056213,BUY,0.235,0.830,+0.00,+7252.23,257252.23
2026-02-12T16:50:08.401000+00:00,2601,24883.0,0.8839313983917236,BUY,0.054,0.884,+0.00,+7252.23,257252.23
2026-02-12T16:54:44.644000+00:00,2602,24849.0,0.8732405304908752,SELL,0.011,0.873,-7.27,+7244.96,257244.96
2026-02-12T17:00:36.647001+00:00,2603,24841.5,0.848548948764801,SELL,0.025,0.849,-3.70,+7241.26,257241.26
2026-02-12T17:02:54.599000+00:00,2604,24871.25,0.835874080657959,SELL,0.013,0.836,+7.54,+7248.80,257248.80
2026-02-12T17:05:52.513000+00:00,2605,24856.75,0.7451044917106628,SELL,0.091,0.745,-26.32,+7222.47,257222.47
2026-02-12T17:06:16.902000+00:00,2606,24884.75,0.49665701389312744,SELL,0.248,0.497,+139.13,+7361.60,257361.60
2026-02-12T17:09:54.614000+00:00,2607,24903.25,-0.20255008339881897,SELL,0.699,-0.203,+183.76,+7545.37,257545.37
2026-02-12T17:10:19.234000+00:00,2608,24863.75,-0.44627997279167175,SELL,0.244,-0.446,+0.00,+7545.37,257545.37
2026-02-12T17:18:30.049019+00:00,2609,24836.75,-0.7543540000915527,SELL,0.308,-0.754,+0.00,+7545.37,257545.37
2026-02-12T17:22:01.344000+00:00,2610,24874.25,-0.8790097236633301,SELL,0.125,-0.879,+0.00,+7545.37,257545.37
2026-02-12T17:26:11.630002+00:00,2611,24904.75,-0.9374445080757141,SELL,0.058,-0.937,+0.00,+7545.37,257545.37
2026-02-12T17:29:16.042000+00:00,2612,24884.0,-0.9561108350753784,SELL,0.019,-0.956,+0.00,+7545.37,257545.37
2026-02-12T17:33:50.226001+00:00,2613,24898.75,-0.9662929177284241,SELL,0.010,-0.966,+0.00,+7545.37,257545.37
2026-02-12T17:37:49.161045+00:00,2614,24926.5,-0.9746553301811218,SELL,0.008,-0.975,+0.00,+7545.37,257545.37
2026-02-12T17:39:38.535000+00:00,2615,24900.5,-0.974965512752533,SELL,0.000,-0.975,+0.00,+7545.37,257545.37
2026-02-12T17:48:36.471000+00:00,2616,24875.0,-0.977537214756012,SELL,0.003,-0.978,+0.00,+7545.37,257545.37
2026-02-12T17:50:16.352000+00:00,2617,24909.0,-0.9823723435401917,SELL,0.005,-0.982,+0.00,+7545.37,257545.37
2026-02-12T17:52:37.899003+00:00,2618,24872.0,-0.9826788306236267,SELL,0.000,-0.983,+0.00,+7545.37,257545.37
2026-02-12T17:56:35.066000+00:00,2619,24839.0,-0.9811343550682068,BUY,0.002,-0.981,+1.02,+7546.39,257546.39
2026-02-12T18:00:13.122030+00:00,2620,24805.25,-0.9809508323669434,BUY,0.000,-0.981,+0.12,+7546.51,257546.51
2026-02-12T18:02:00.479003+00:00,2621,24840.25,-0.9834870100021362,SELL,0.003,-0.983,+0.00,+7546.51,257546.51
2026-02-12T18:07:01.861001+00:00,2622,24855.0,-0.9841495752334595,SELL,0.001,-0.984,+0.00,+7546.51,257546.51
2026-02-12T18:10:13.152000+00:00,2623,24841.75,-0.9781563878059387,BUY,0.006,-0.978,+1.59,+7548.10,257548.10
2026-02-12T18:17:17.682014+00:00,2624,24830.75,-0.9617201089859009,BUY,0.016,-0.962,+3.62,+7551.72,257551.72
2026-02-12T18:22:54.047000+00:00,2625,24842.5,-0.9669849276542664,SELL,0.005,-0.967,+0.00,+7551.72,257551.72
2026-02-12T18:28:34.031000+00:00,2626,24822.0,-0.9718101024627686,SELL,0.005,-0.972,+0.00,+7551.72,257551.72
2026-02-12T18:29:23.571002+00:00,2627,24844.5,-0.9669077396392822,BUY,0.005,-0.967,-2.21,+7549.51,257549.51
2026-02-12T18:35:47.047015+00:00,2628,24859.5,-0.971640944480896,SELL,0.005,-0.972,+0.00,+7549.51,257549.51
2026-02-12T18:38:05.379001+00:00,2629,24879.75,-0.9725795388221741,SELL,0.001,-0.973,+0.00,+7549.51,257549.51
2026-02-12T18:44:46.551000+00:00,2630,24906.25,-0.9767667055130005,SELL,0.004,-0.977,+0.00,+7549.51,257549.51
2026-02-12T18:52:00.075017+00:00,2631,24916.0,-0.9745270013809204,BUY,0.002,-0.975,-0.44,+7549.07,257549.07
2026-02-12T19:04:35.315018+00:00,2632,24889.75,-0.9766126871109009,SELL,0.002,-0.977,+0.00,+7549.07,257549.07
2026-02-12T19:11:11.051002+00:00,2633,24871.0,-0.9690530300140381,BUY,0.008,-0.969,+2.83,+7551.91,257551.91
2026-02-12T19:15:35.657000+00:00,2634,24886.5,-0.9589071869850159,BUY,0.010,-0.959,-3.15,+7548.76,257548.76
2026-02-12T19:21:12.464000+00:00,2635,24920.0,-0.9572755694389343,BUY,0.002,-0.957,-1.09,+7547.67,257547.67
2026-02-12T19:26:15.623096+00:00,2636,24888.0,-0.9599658846855164,SELL,0.003,-0.960,+0.00,+7547.67,257547.67
2026-02-12T19:29:31.022000+00:00,2637,24867.0,-0.9621497988700867,SELL,0.002,-0.962,+0.00,+7547.67,257547.67
2026-02-12T19:32:14.144000+00:00,2638,24906.25,-0.9715934991836548,SELL,0.009,-0.972,+0.00,+7547.67,257547.67
2026-02-12T19:40:08.651045+00:00,2639,24928.0,-0.9723759889602661,SELL,0.001,-0.972,+0.00,+7547.67,257547.67
2026-02-12T19:50:33.063000+00:00,2640,24943.0,-0.9645354747772217,BUY,0.008,-0.965,-2.35,+7545.32,257545.32
2026-02-12T19:55:25.289015+00:00,2641,24903.75,-0.950999915599823,BUY,0.014,-0.951,+10.63,+7555.94,257555.94
2026-02-12T19:58:25.800000+00:00,2642,24890.0,-0.939339280128479,BUY,0.012,-0.939,+3.21,+7559.15,257559.15
2026-02-12T20:08:22.172014+00:00,2643,24872.75,-0.9065768122673035,BUY,0.033,-0.907,+11.30,+7570.45,257570.45
2026-02-12T20:20:04.439000+00:00,2644,24836.5,-0.9025738835334778,BUY,0.004,-0.903,+2.90,+7573.35,257573.35
2026-02-12T20:29:50.607052+00:00,2645,24800.75,-0.8948975205421448,BUY,0.008,-0.895,+5.49,+7578.84,257578.84
2026-02-12T20:32:14.659020+00:00,2646,24783.0,-0.8649857640266418,BUY,0.030,-0.865,+10.62,+7589.46,257589.46
2026-02-12T20:40:17.101000+00:00,2647,24823.0,-0.8229045271873474,BUY,0.042,-0.823,-33.66,+7555.80,257555.80
2026-02-12T20:45:46.445003+00:00,2648,24794.5,-0.8661463260650635,SELL,0.043,-0.866,+0.00,+7555.80,257555.80
2026-02-12T20:50:06.702006+00:00,2649,24759.75,-0.8806552290916443,SELL,0.015,-0.881,+0.00,+7555.80,257555.80
2026-02-12T20:51:55.096000+00:00,2650,24723.0,-0.9010705947875977,SELL,0.020,-0.901,+0.00,+7555.80,257555.80
2026-02-12T20:54:10.044004+00:00,2651,24761.5,-0.9348979592323303,SELL,0.034,-0.935,+0.00,+7555.80,257555.80
2026-02-12T20:56:32.906024+00:00,2652,24746.75,-0.9271438717842102,BUY,0.008,-0.927,+2.29,+7558.08,257558.08
2026-02-12T20:59:45.002264+00:00,2653,24784.0,-0.9293102622032166,SELL,0.002,-0.929,+0.00,+7558.08,257558.08
2026-02-12T21:01:42.039087+00:00,2654,24745.0,-0.913102388381958,BUY,0.016,-0.913,+12.64,+7570.73,257570.73
2026-02-12T21:04:32.581000+00:00,2655,24784.0,-0.929440975189209,SELL,0.016,-0.929,+0.00,+7570.73,257570.73
2026-02-12T21:28:40.401000+00:00,2656,24816.0,-0.9315078854560852,SELL,0.002,-0.932,+0.00,+7570.73,257570.73
2026-02-12T23:05:22.302008+00:00,2657,24804.0,-0.9335917830467224,SELL,0.002,-0.934,+0.00,+7570.73,257570.73
2026-02-12T23:06:25.477025+00:00,2658,24837.75,-0.9126119613647461,BUY,0.021,-0.913,-14.16,+7556.56,257556.56
2026-02-12T23:33:21.697042+00:00,2659,24816.75,-0.8963518142700195,BUY,0.016,-0.896,+6.83,+7563.39,257563.39
2026-02-12T23:33:59.595004+00:00,2660,24777.0,-0.8533756732940674,BUY,0.043,-0.853,+34.17,+7597.56,257597.56
2026-02-12T23:36:22.985026+00:00,2661,24817.0,-0.8505098223686218,BUY,0.003,-0.851,-2.29,+7595.27,257595.27
2026-02-12T23:38:48.847023+00:00,2662,24777.75,-0.9076734185218811,SELL,0.057,-0.908,+0.00,+7595.27,257595.27
2026-02-12T23:43:23.032000+00:00,2663,24785.0,-0.9215959310531616,SELL,0.014,-0.922,+0.00,+7595.27,257595.27
2026-02-12T23:51:41.342000+00:00,2664,24817.5,-0.9042772054672241,BUY,0.017,-0.904,-11.26,+7584.01,257584.01
2026-02-13T00:01:21.102010+00:00,2665,24841.75,-0.8918601274490356,BUY,0.012,-0.892,-6.02,+7577.99,257577.99
2026-02-13T00:22:42.088008+00:00,2666,24824.75,-0.8728715181350708,BUY,0.019,-0.873,+6.46,+7584.44,257584.44
2026-02-13T00:25:09.969000+00:00,2667,24784.75,-0.8282090425491333,BUY,0.045,-0.828,+35.73,+7620.17,257620.17
2026-02-13T00:43:31.475000+00:00,2668,24755.75,-0.6660378575325012,BUY,0.162,-0.666,+94.06,+7714.23,257714.23
2026-02-13T00:47:59.648000+00:00,2669,24716.5,-0.48125171661376953,BUY,0.185,-0.481,+145.06,+7859.29,257859.29
2026-02-13T01:00:18.546001+00:00,2670,24749.75,-0.5338141322135925,SELL,0.053,-0.534,+0.00,+7859.29,257859.29
2026-02-13T01:05:43.611001+00:00,2671,24780.75,-0.69816654920578,SELL,0.164,-0.698,+0.00,+7859.29,257859.29
2026-02-13T01:17:58.833000+00:00,2672,24819.25,-0.6595210433006287,BUY,0.039,-0.660,-29.76,+7829.53,257829.53
2026-02-13T01:22:13.073090+00:00,2673,24780.0,-0.6434385776519775,BUY,0.016,-0.643,+12.62,+7842.16,257842.16
2026-02-13T01:26:03.490006+00:00,2674,24771.25,-0.7853173613548279,SELL,0.142,-0.785,+0.00,+7842.16,257842.16
2026-02-13T01:40:11.002001+00:00,2675,24810.5,-0.8711401224136353,SELL,0.086,-0.871,+0.00,+7842.16,257842.16
2026-02-13T01:55:49.240039+00:00,2676,24781.25,-0.9180232882499695,SELL,0.047,-0.918,+0.00,+7842.16,257842.16
2026-02-13T02:00:44.958000+00:00,2677,24805.0,-0.9293735027313232,SELL,0.011,-0.929,+0.00,+7842.16,257842.16
2026-02-13T03:20:02.237005+00:00,2678,24792.25,-0.955172598361969,SELL,0.026,-0.955,+0.00,+7842.16,257842.16
2026-02-13T03:54:22.558000+00:00,2679,24756.5,-0.9671992063522339,SELL,0.012,-0.967,+0.00,+7842.16,257842.16
2026-02-13T04:16:08.166000+00:00,2680,24784.5,-0.9814254641532898,SELL,0.014,-0.981,+0.00,+7842.16,257842.16
2026-02-13T04:36:32.452000+00:00,2681,24762.0,-0.9860242009162903,SELL,0.005,-0.986,+0.00,+7842.16,257842.16
2026-02-13T05:17:53.234000+00:00,2682,24735.25,-0.9905287027359009,SELL,0.005,-0.991,+0.00,+7842.16,257842.16
2026-02-13T05:32:09.118000+00:00,2683,24702.75,-0.9895030856132507,BUY,0.001,-0.990,+0.67,+7842.82,257842.82
2026-02-13T05:47:41.546000+00:00,2684,24730.75,-0.9914260506629944,SELL,0.002,-0.991,+0.00,+7842.82,257842.82
2026-02-13T06:25:20.021000+00:00,2685,24696.75,-0.9891748428344727,BUY,0.002,-0.989,+1.53,+7844.36,257844.36
2026-02-13T06:36:27.206000+00:00,2686,24656.75,-0.9900692105293274,SELL,0.001,-0.990,+0.00,+7844.36,257844.36
2026-02-13T06:47:21.020000+00:00,2687,24683.0,-0.9918055534362793,SELL,0.002,-0.992,+0.00,+7844.36,257844.36
2026-02-13T06:52:30.845000+00:00,2688,24704.0,-0.9912835359573364,BUY,0.001,-0.991,-0.22,+7844.14,257844.14
2026-02-13T07:00:51.677065+00:00,2689,24742.5,-0.9924510717391968,SELL,0.001,-0.992,+0.00,+7844.14,257844.14
2026-02-13T07:17:29.446001+00:00,2690,24751.25,-0.9940584301948547,SELL,0.002,-0.994,+0.00,+7844.14,257844.14
2026-02-13T07:38:21.525002+00:00,2691,24722.25,-0.9927560091018677,BUY,0.001,-0.993,+0.76,+7844.89,257844.89
2026-02-13T08:04:48.011000+00:00,2692,24755.0,-0.9943167567253113,SELL,0.002,-0.994,+0.00,+7844.89,257844.89
2026-02-13T08:14:12.359000+00:00,2693,24735.75,-0.9940685033798218,BUY,0.000,-0.994,+0.10,+7844.99,257844.99
2026-02-13T08:17:23.531001+00:00,2694,24698.5,-0.9939101934432983,BUY,0.000,-0.994,+0.12,+7845.10,257845.10
2026-02-13T08:23:14.698000+00:00,2695,24715.5,-0.9946804642677307,SELL,0.001,-0.995,+0.00,+7845.10,257845.10
2026-02-13T08:32:19.503002+00:00,2696,24748.25,-0.9954655170440674,SELL,0.001,-0.995,+0.00,+7845.10,257845.10
2026-02-13T08:39:11.270000+00:00,2697,24720.25,-0.9939325451850891,BUY,0.002,-0.994,+0.86,+7845.96,257845.96
2026-02-13T08:45:17.309000+00:00,2698,24757.25,-0.992831826210022,BUY,0.001,-0.993,-0.81,+7845.15,257845.15
2026-02-13T09:02:36.545000+00:00,2699,24745.5,-0.9905661940574646,BUY,0.002,-0.991,+0.53,+7845.68,257845.68
2026-02-13T09:11:50.237000+00:00,2700,24772.25,-0.9905139207839966,BUY,0.000,-0.991,-0.03,+7845.65,257845.65
2026-02-13T09:21:34.843000+00:00,2701,24794.75,-0.9861953258514404,BUY,0.004,-0.986,-1.94,+7843.71,257843.71
2026-02-13T09:55:36.790004+00:00,2702,24768.0,-0.9834239482879639,BUY,0.003,-0.983,+1.48,+7845.19,257845.19
2026-02-13T10:22:00.037000+00:00,2703,24799.5,-0.983691930770874,SELL,0.000,-0.984,+0.00,+7845.19,257845.19
2026-02-13T10:35:45.504000+00:00,2704,24759.5,-0.9791120886802673,BUY,0.005,-0.979,+3.66,+7848.86,257848.86
2026-02-13T10:52:03.170006+00:00,2705,24735.25,-0.9747799038887024,BUY,0.004,-0.975,+2.10,+7850.96,257850.96
2026-02-13T11:01:46.078000+00:00,2706,24714.5,-0.9616751074790955,BUY,0.013,-0.962,+5.44,+7856.40,257856.40
2026-02-13T11:10:40.194000+00:00,2707,24684.25,-0.947192370891571,BUY,0.014,-0.947,+8.76,+7865.16,257865.16
2026-02-13T11:19:47.699000+00:00,2708,24696.0,-0.9271655082702637,BUY,0.020,-0.927,-4.71,+7860.45,257860.45
2026-02-13T11:24:09.173000+00:00,2709,24656.0,-0.8937008380889893,BUY,0.033,-0.894,+26.77,+7887.22,257887.22
2026-02-13T11:30:36.419007+00:00,2710,24645.0,-0.8379667401313782,BUY,0.056,-0.838,+12.26,+7899.49,257899.49
2026-02-13T11:34:10.651000+00:00,2711,24664.0,-0.6246181130409241,BUY,0.213,-0.625,-81.07,+7818.41,257818.41
2026-02-13T11:35:47.336006+00:00,2712,24696.0,-0.2139924019575119,BUY,0.411,-0.214,-262.80,+7555.61,257555.61
2026-02-13T11:45:34.567000+00:00,2713,24661.0,0.46401411294937134,BUY,0.678,0.464,+149.79,+7705.41,257705.41
2026-02-13T11:53:58.382000+00:00,2714,24700.25,0.8391845226287842,BUY,0.375,0.839,+0.00,+7705.41,257705.41
2026-02-13T12:00:42.223000+00:00,2715,24736.75,0.8842301368713379,BUY,0.045,0.884,+0.00,+7705.41,257705.41
2026-02-13T12:02:22.553000+00:00,2716,24705.75,0.9326497912406921,BUY,0.048,0.933,+0.00,+7705.41,257705.41
2026-02-13T12:11:57.307000+00:00,2717,24677.25,0.9545058608055115,BUY,0.022,0.955,+0.00,+7705.41,257705.41
2026-02-13T12:21:31.059000+00:00,2718,24710.75,0.9441114664077759,SELL,0.010,0.944,+6.96,+7712.37,257712.37
2026-02-13T12:51:35.021000+00:00,2719,24690.5,0.861625075340271,SELL,0.082,0.862,-33.41,+7678.96,257678.96
2026-02-13T12:55:23.879007+00:00,2720,24730.5,0.3833494782447815,SELL,0.478,0.383,+382.62,+8061.58,258061.58
2026-02-13T12:58:20.346000+00:00,2721,24694.75,-0.2795454263687134,SELL,0.663,-0.280,-274.09,+7787.49,257787.49
2026-02-13T13:02:06.041000+00:00,2722,24707.5,-0.5918406844139099,SELL,0.312,-0.592,+0.00,+7787.49,257787.49
2026-02-13T13:07:21.585159+00:00,2723,24679.25,-0.7761247158050537,SELL,0.184,-0.776,+0.00,+7787.49,257787.49
2026-02-13T13:09:59.443002+00:00,2724,24646.25,-0.7586989402770996,BUY,0.017,-0.759,+11.50,+7798.99,257798.99
2026-02-13T13:15:11.470000+00:00,2725,24622.25,-0.6967463493347168,BUY,0.062,-0.697,+29.74,+7828.73,257828.73
2026-02-13T13:17:38.706000+00:00,2726,24660.5,-0.5567951798439026,BUY,0.140,-0.557,-107.06,+7721.67,257721.67
2026-02-13T13:23:53.642000+00:00,2727,24689.25,-0.6365808248519897,SELL,0.080,-0.637,+0.00,+7721.67,257721.67
2026-02-13T13:29:55.831003+00:00,2728,24719.0,-0.5692014694213867,BUY,0.067,-0.569,-40.09,+7681.57,257681.57
2026-02-13T13:30:01.086003+00:00,2729,24740.0,-0.44498005509376526,BUY,0.124,-0.445,-52.17,+7629.40,257629.40
2026-02-13T13:30:09.081006+00:00,2730,24777.0,-0.5036183595657349,SELL,0.059,-0.504,+0.00,+7629.40,257629.40
2026-02-13T13:30:26.176002+00:00,2731,24804.25,-0.5440811514854431,SELL,0.040,-0.544,+0.00,+7629.40,257629.40
2026-02-13T13:31:15.942000+00:00,2732,24783.25,-0.4865453243255615,BUY,0.058,-0.487,+24.17,+7653.57,257653.57
2026-02-13T13:32:19.222000+00:00,2733,24771.5,-0.35347434878349304,BUY,0.133,-0.353,+31.27,+7684.84,257684.84
2026-02-13T13:32:35.644004+00:00,2734,24733.0,-0.3031858801841736,BUY,0.050,-0.303,+38.72,+7723.56,257723.56
2026-02-13T13:33:20.380000+00:00,2735,24753.25,-0.32328832149505615,SELL,0.020,-0.323,+0.00,+7723.56,257723.56
2026-02-13T13:34:49.104003+00:00,2736,24791.75,-0.43868064880371094,SELL,0.115,-0.439,+0.00,+7723.56,257723.56
2026-02-13T13:35:43.980001+00:00,2737,24752.25,-0.5137681365013123,SELL,0.075,-0.514,+0.00,+7723.56,257723.56
2026-02-13T13:41:11.027000+00:00,2738,24776.25,-0.6726849675178528,SELL,0.159,-0.673,+0.00,+7723.56,257723.56
2026-02-13T13:45:15.615000+00:00,2739,24760.5,-0.7850181460380554,SELL,0.112,-0.785,+0.00,+7723.56,257723.56
2026-02-13T13:49:03.106000+00:00,2740,24769.5,-0.8614690899848938,SELL,0.076,-0.861,+0.00,+7723.56,257723.56
2026-02-13T13:55:06.600001+00:00,2741,24803.0,-0.9369645118713379,SELL,0.075,-0.937,+0.00,+7723.56,257723.56
2026-02-13T13:58:43.747018+00:00,2742,24772.25,-0.9331799745559692,BUY,0.004,-0.933,+2.33,+7725.89,257725.89
2026-02-13T14:00:23.816011+00:00,2743,24797.0,-0.9500876665115356,SELL,0.017,-0.950,+0.00,+7725.89,257725.89
2026-02-13T14:05:16.673000+00:00,2744,24780.0,-0.9438439607620239,BUY,0.006,-0.944,+2.12,+7728.01,257728.01
2026-02-13T14:07:28.519001+00:00,2745,24746.5,-0.9428727626800537,BUY,0.001,-0.943,+0.65,+7728.66,257728.66
2026-02-13T14:22:03.619085+00:00,2746,24716.5,-0.9467582106590271,SELL,0.004,-0.947,+0.00,+7728.66,257728.66
2026-02-13T14:30:01.173000+00:00,2747,24753.5,-0.9467883110046387,SELL,0.000,-0.947,+0.00,+7728.66,257728.66
2026-02-13T14:30:07.073006+00:00,2748,24724.0,-0.9408420324325562,BUY,0.006,-0.941,+3.51,+7732.17,257732.17
2026-02-13T14:30:26.184000+00:00,2749,24714.0,-0.9498834609985352,SELL,0.009,-0.950,+0.00,+7732.17,257732.17
2026-02-13T14:30:39.583000+00:00,2750,24726.25,-0.9415069222450256,BUY,0.008,-0.942,-2.05,+7730.12,257730.12
2026-02-13T14:31:16.609000+00:00,2751,24708.25,-0.9427381157875061,SELL,0.001,-0.943,+0.00,+7730.12,257730.12
2026-02-13T14:31:24.294000+00:00,2752,24747.5,-0.9345423579216003,BUY,0.008,-0.935,-6.43,+7723.68,257723.68
2026-02-13T14:31:37.590000+00:00,2753,24724.0,-0.9189938306808472,BUY,0.016,-0.919,+7.31,+7730.99,257730.99
2026-02-13T14:31:48.723000+00:00,2754,24756.0,-0.9260062575340271,SELL,0.007,-0.926,+0.00,+7730.99,257730.99
2026-02-13T14:32:03.664000+00:00,2755,24726.75,-0.9261723160743713,SELL,0.000,-0.926,+0.00,+7730.99,257730.99
2026-02-13T14:32:30.558000+00:00,2756,24754.75,-0.9236934781074524,BUY,0.002,-0.924,-1.39,+7729.60,257729.60
2026-02-13T14:32:45.790000+00:00,2757,24792.5,-0.8706269264221191,BUY,0.053,-0.871,-40.07,+7689.54,257689.54
2026-02-13T14:33:23.607007+00:00,2758,24759.75,-0.8546846508979797,BUY,0.016,-0.855,+10.44,+7699.98,257699.98
2026-02-13T14:33:51.123000+00:00,2759,24743.75,-0.8398803472518921,BUY,0.015,-0.840,+4.74,+7704.72,257704.72
2026-02-13T14:34:08.611000+00:00,2760,24767.0,-0.8425726294517517,SELL,0.003,-0.843,+0.00,+7704.72,257704.72
2026-02-13T14:34:32.885000+00:00,2761,24736.75,-0.8085436820983887,BUY,0.034,-0.809,+20.59,+7725.31,257725.31
2026-02-13T14:35:00.562002+00:00,2762,24710.0,-0.7477427124977112,BUY,0.061,-0.748,+32.53,+7757.83,257757.83
2026-02-13T14:35:43.569000+00:00,2763,24726.0,-0.6887708902359009,BUY,0.059,-0.689,-18.87,+7738.96,257738.96
2026-02-13T14:37:49.617018+00:00,2764,24698.0,-0.751358151435852,SELL,0.063,-0.751,+0.00,+7738.96,257738.96
2026-02-13T14:38:46.636001+00:00,2765,24716.0,-0.7385745644569397,BUY,0.013,-0.739,-4.60,+7734.36,257734.36
2026-02-13T14:39:39.903022+00:00,2766,24676.5,-0.7033385038375854,BUY,0.035,-0.703,+27.84,+7762.20,257762.20
2026-02-13T14:40:07.091012+00:00,2767,24647.0,-0.6833998560905457,BUY,0.020,-0.683,+11.76,+7773.96,257773.96
2026-02-13T14:41:06.797010+00:00,2768,24657.25,-0.5652385354042053,BUY,0.118,-0.565,-24.22,+7749.74,257749.74
2026-02-13T14:41:38.500001+00:00,2769,24617.5,-0.3189711272716522,BUY,0.246,-0.319,+195.78,+7945.52,257945.52
2026-02-13T14:42:06.371000+00:00,2770,24583.0,0.25543680787086487,BUY,0.574,0.255,+220.09,+8165.61,258165.61
2026-02-13T14:43:01.635013+00:00,2771,24618.75,0.5366668105125427,BUY,0.281,0.537,+0.00,+8165.61,258165.61
2026-02-13T14:43:26.707000+00:00,2772,24646.0,0.7468592524528503,BUY,0.210,0.747,+0.00,+8165.61,258165.61
2026-02-13T14:43:46.270002+00:00,2773,24676.25,0.9128263592720032,BUY,0.166,0.913,+0.00,+8165.61,258165.61
2026-02-13T14:44:23.387003+00:00,2774,24705.0,0.9330933690071106,BUY,0.020,0.933,+0.00,+8165.61,258165.61
2026-02-13T14:45:03.045000+00:00,2775,24734.75,0.9452800154685974,BUY,0.012,0.945,+0.00,+8165.61,258165.61
2026-02-13T14:45:52.828005+00:00,2776,24769.75,0.7121425867080688,SELL,0.233,0.712,+163.20,+8328.81,258328.81
2026-02-13T14:46:35.035009+00:00,2777,24809.5,0.7342968583106995,BUY,0.022,0.734,+0.00,+8328.81,258328.81
2026-02-13T14:47:08.199000+00:00,2778,24775.0,0.8103384375572205,BUY,0.076,0.810,+0.00,+8328.81,258328.81
2026-02-13T14:47:34.830000+00:00,2779,24810.0,0.8887707591056824,BUY,0.078,0.889,+0.00,+8328.81,258328.81
2026-02-13T14:48:05.789000+00:00,2780,24844.25,0.9494978189468384,BUY,0.061,0.949,+0.00,+8328.81,258328.81
2026-02-13T14:49:04.532000+00:00,2781,24809.25,0.9521546959877014,BUY,0.003,0.952,+0.00,+8328.81,258328.81
2026-02-13T14:49:49.450007+00:00,2782,24788.0,0.9791558384895325,BUY,0.027,0.979,+0.00,+8328.81,258328.81
2026-02-13T14:50:03.830002+00:00,2783,24751.0,0.9553182721138,SELL,0.024,0.955,-17.64,+8311.17,258311.17
2026-02-13T14:50:18.187000+00:00,2784,24716.25,0.9781211614608765,BUY,0.023,0.978,+0.00,+8311.17,258311.17
2026-02-13T14:51:44.911004+00:00,2785,24733.75,0.9725729823112488,SELL,0.006,0.973,+1.94,+8313.11,258313.11
2026-02-13T14:52:13.193000+00:00,2786,24705.25,0.9809212684631348,BUY,0.008,0.981,+0.00,+8313.11,258313.11
2026-02-13T14:53:01.053000+00:00,2787,24726.75,0.9887323379516602,BUY,0.008,0.989,+0.00,+8313.11,258313.11
2026-02-13T14:53:12.851000+00:00,2788,24759.75,0.9898154735565186,BUY,0.001,0.990,+0.00,+8313.11,258313.11
2026-02-13T14:53:43.078000+00:00,2789,24740.0,0.9922634363174438,BUY,0.002,0.992,+0.00,+8313.11,258313.11
2026-02-13T14:54:03.740001+00:00,2790,24765.25,0.9929937124252319,BUY,0.001,0.993,+0.00,+8313.11,258313.11
2026-02-13T14:54:51.286001+00:00,2791,24733.75,0.9951234459877014,BUY,0.002,0.995,+0.00,+8313.11,258313.11
2026-02-13T14:55:10.772000+00:00,2792,24769.75,0.9964488744735718,BUY,0.001,0.996,+0.00,+8313.11,258313.11
2026-02-13T14:56:21.794009+00:00,2793,24763.0,0.997374951839447,BUY,0.001,0.997,+0.00,+8313.11,258313.11
2026-02-13T14:56:42.781003+00:00,2794,24737.0,0.9979659914970398,BUY,0.001,0.998,+0.00,+8313.11,258313.11
2026-02-13T14:56:53.308001+00:00,2795,24700.0,0.9988539814949036,BUY,0.001,0.999,+0.00,+8313.11,258313.11
2026-02-13T15:00:01.556000+00:00,2796,24721.0,0.999187171459198,BUY,0.000,0.999,+0.00,+8313.11,258313.11
2026-02-13T15:00:49.269014+00:00,2797,24745.0,0.9992692470550537,BUY,0.000,0.999,+0.00,+8313.11,258313.11
2026-02-13T15:01:43.962001+00:00,2798,24732.75,0.9988223910331726,SELL,0.000,0.999,-0.11,+8313.00,258313.00
2026-02-13T15:02:08.363003+00:00,2799,24762.5,0.9976325631141663,SELL,0.001,0.998,+0.71,+8313.71,258313.71
2026-02-13T15:03:51.145000+00:00,2800,24738.25,0.9955050349235535,SELL,0.002,0.996,-1.03,+8312.68,258312.68
2026-02-13T15:04:51.511000+00:00,2801,24761.25,0.9832762479782104,SELL,0.012,0.983,+5.63,+8318.30,258318.30
2026-02-13T15:05:02.110000+00:00,2802,24725.0,0.9916046857833862,BUY,0.008,0.992,+0.00,+8318.30,258318.30
2026-02-13T15:05:43.788000+00:00,2803,24704.5,0.9884629249572754,SELL,0.003,0.988,-1.29,+8317.01,258317.01
2026-02-13T15:06:18.216000+00:00,2804,24744.5,0.9382275938987732,SELL,0.050,0.938,+40.19,+8357.20,258357.20
2026-02-13T15:06:58.247000+00:00,2805,24761.0,0.7982705235481262,SELL,0.140,0.798,+46.19,+8403.39,258403.39
2026-02-13T15:07:37.658000+00:00,2806,24725.75,0.4973275065422058,SELL,0.301,0.497,-212.16,+8191.22,258191.22
2026-02-13T15:08:08.386000+00:00,2807,24761.75,-0.04035509005188942,SELL,0.538,-0.040,+358.08,+8549.30,258549.30
2026-02-13T15:08:56.876000+00:00,2808,24795.25,-0.4599675238132477,SELL,0.420,-0.460,+0.00,+8549.30,258549.30
2026-02-13T15:10:28.496004+00:00,2809,24770.0,-0.7003478407859802,SELL,0.240,-0.700,+0.00,+8549.30,258549.30
2026-02-13T15:10:56.501000+00:00,2810,24805.75,-0.7270009517669678,SELL,0.027,-0.727,+0.00,+8549.30,258549.30
2026-02-13T15:12:27.558012+00:00,2811,24794.0,-0.7827244400978088,SELL,0.056,-0.783,+0.00,+8549.30,258549.30
2026-02-13T15:14:41.307000+00:00,2812,24782.5,-0.7455112934112549,BUY,0.037,-0.746,+8.56,+8557.86,258557.86
2026-02-13T15:15:32.269000+00:00,2813,24789.0,-0.6944570541381836,BUY,0.051,-0.694,-6.64,+8551.22,258551.22
2026-02-13T15:16:20.898002+00:00,2814,24757.5,-0.6606615781784058,BUY,0.034,-0.661,+21.29,+8572.51,258572.51
2026-02-13T15:16:50.364000+00:00,2815,24726.75,-0.6731075048446655,SELL,0.012,-0.673,+0.00,+8572.51,258572.51
2026-02-13T15:18:44.051000+00:00,2816,24758.25,-0.7511416673660278,SELL,0.078,-0.751,+0.00,+8572.51,258572.51
2026-02-13T15:20:43.928011+00:00,2817,24777.5,-0.8599743247032166,SELL,0.109,-0.860,+0.00,+8572.51,258572.51
2026-02-13T15:21:14.940000+00:00,2818,24771.0,-0.874326229095459,SELL,0.014,-0.874,+0.00,+8572.51,258572.51
2026-02-13T15:21:43.662000+00:00,2819,24745.0,-0.8913672566413879,SELL,0.017,-0.891,+0.00,+8572.51,258572.51
2026-02-13T15:22:52.548000+00:00,2820,24734.0,-0.9156574606895447,SELL,0.024,-0.916,+0.00,+8572.51,258572.51
2026-02-13T15:23:13.631001+00:00,2821,24765.75,-0.9407644867897034,SELL,0.025,-0.941,+0.00,+8572.51,258572.51
2026-02-13T15:25:14.971000+00:00,2822,24790.75,-0.9604215025901794,SELL,0.020,-0.960,+0.00,+8572.51,258572.51
2026-02-13T15:27:10.788000+00:00,2823,24825.5,-0.9746422171592712,SELL,0.014,-0.975,+0.00,+8572.51,258572.51
2026-02-13T15:28:36.376000+00:00,2824,24846.75,-0.9804684519767761,SELL,0.006,-0.980,+0.00,+8572.51,258572.51
2026-02-13T15:30:31.457000+00:00,2825,24883.0,-0.9882935881614685,SELL,0.008,-0.988,+0.00,+8572.51,258572.51
2026-02-13T15:33:03.752069+00:00,2826,24909.0,-0.9925907254219055,SELL,0.004,-0.993,+0.00,+8572.51,258572.51
2026-02-13T15:38:15.536000+00:00,2827,24888.5,-0.9943398833274841,SELL,0.002,-0.994,+0.00,+8572.51,258572.51
2026-02-13T15:38:50.709002+00:00,2828,24848.5,-0.9946189522743225,SELL,0.000,-0.995,+0.00,+8572.51,258572.51
2026-02-13T15:40:01.537000+00:00,2829,24818.75,-0.9954819679260254,SELL,0.001,-0.995,+0.00,+8572.51,258572.51
2026-02-13T15:42:52.192000+00:00,2830,24801.0,-0.9953702092170715,BUY,0.000,-0.995,+0.04,+8572.55,258572.55
2026-02-13T15:44:52.841000+00:00,2831,24778.75,-0.9965487718582153,SELL,0.001,-0.997,+0.00,+8572.55,258572.55
2026-02-13T15:46:40.488000+00:00,2832,24757.75,-0.9970622062683105,SELL,0.001,-0.997,+0.00,+8572.55,258572.55
2026-02-13T15:50:30.691003+00:00,2833,24761.0,-0.997663676738739,SELL,0.001,-0.998,+0.00,+8572.55,258572.55
2026-02-13T15:51:15.231000+00:00,2834,24787.0,-0.9977933168411255,SELL,0.000,-0.998,+0.00,+8572.55,258572.55
2026-02-13T15:52:04.629000+00:00,2835,24814.75,-0.9980928897857666,SELL,0.000,-0.998,+0.00,+8572.55,258572.55
2026-02-13T15:55:00.189000+00:00,2836,24821.0,-0.9979573488235474,BUY,0.000,-0.998,-0.02,+8572.53,258572.53
2026-02-13T15:56:49.630002+00:00,2837,24806.0,-0.99696284532547,BUY,0.001,-0.997,+0.30,+8572.83,258572.83
2026-02-13T16:01:56.635010+00:00,2838,24833.75,-0.9963292479515076,BUY,0.001,-0.996,-0.35,+8572.48,258572.48
2026-02-13T16:05:58.703002+00:00,2839,24851.75,-0.9957107901573181,BUY,0.001,-0.996,-0.22,+8572.26,258572.26
2026-02-13T16:09:01.383000+00:00,2840,24885.75,-0.9948495030403137,BUY,0.001,-0.995,-0.59,+8571.67,258571.67
2026-02-13T16:10:22.548000+00:00,2841,24848.75,-0.9940809011459351,BUY,0.001,-0.994,+0.57,+8572.24,258572.24
2026-02-13T16:12:22.191092+00:00,2842,24813.0,-0.9932053685188293,BUY,0.001,-0.993,+0.63,+8572.87,258572.87
2026-02-13T16:14:58.553012+00:00,2843,24840.5,-0.992271363735199,BUY,0.001,-0.992,-0.51,+8572.35,258572.35
2026-02-13T16:17:48.369001+00:00,2844,24866.25,-0.9889991283416748,BUY,0.003,-0.989,-1.69,+8570.67,258570.67
2026-02-13T16:19:20.366000+00:00,2845,24829.25,-0.9880565404891968,BUY,0.001,-0.988,+0.70,+8571.37,258571.37
2026-02-13T16:20:47.444000+00:00,2846,24794.25,-0.9838789701461792,BUY,0.004,-0.984,+2.92,+8574.29,258574.29
2026-02-13T16:23:57.066000+00:00,2847,24762.75,-0.9470492601394653,BUY,0.037,-0.947,+23.20,+8597.49,258597.49
2026-02-13T16:26:00.248000+00:00,2848,24802.75,-0.9389234781265259,BUY,0.008,-0.939,-6.50,+8590.99,258590.99
2026-02-13T16:27:27.970001+00:00,2849,24830.5,-0.8463302850723267,BUY,0.093,-0.846,-51.39,+8539.60,258539.60
2026-02-13T16:28:45.946000+00:00,2850,24860.5,-0.8296451568603516,BUY,0.017,-0.830,-10.01,+8529.59,258529.59
2026-02-13T16:31:23.218000+00:00,2851,24822.5,-0.6986265778541565,BUY,0.131,-0.699,+99.57,+8629.17,258629.17
2026-02-13T16:31:58.030000+00:00,2852,24850.75,-0.6555898189544678,BUY,0.043,-0.656,-24.32,+8604.85,258604.85
2026-02-13T16:37:52.866000+00:00,2853,24837.25,-0.7416085600852966,SELL,0.086,-0.742,+0.00,+8604.85,258604.85
2026-02-13T16:39:01.971000+00:00,2854,24873.75,-0.8640746474266052,SELL,0.122,-0.864,+0.00,+8604.85,258604.85
2026-02-13T16:45:06.095000+00:00,2855,24894.75,-0.8785057663917542,SELL,0.014,-0.879,+0.00,+8604.85,258604.85
2026-02-13T16:50:10.176009+00:00,2856,24870.75,-0.9042288661003113,SELL,0.026,-0.904,+0.00,+8604.85,258604.85
2026-02-13T16:55:06.269000+00:00,2857,24906.75,-0.9522433280944824,SELL,0.048,-0.952,+0.00,+8604.85,258604.85
2026-02-13T16:59:17.365031+00:00,2858,24894.5,-0.9387041330337524,BUY,0.014,-0.939,+3.32,+8608.17,258608.17
2026-02-13T17:04:02.122001+00:00,2859,24923.5,-0.9510385394096375,SELL,0.012,-0.951,+0.00,+8608.17,258608.17
2026-02-13T17:14:23.847005+00:00,2860,24947.0,-0.9560787081718445,SELL,0.005,-0.956,+0.00,+8608.17,258608.17
2026-02-13T17:18:06.479003+00:00,2861,24919.75,-0.9533184766769409,BUY,0.003,-0.953,+1.50,+8609.67,258609.67
2026-02-13T17:21:19.094000+00:00,2862,24947.5,-0.9551331400871277,SELL,0.002,-0.955,+0.00,+8609.67,258609.67
2026-02-13T17:31:49.852000+00:00,2863,24980.5,-0.9561033844947815,SELL,0.001,-0.956,+0.00,+8609.67,258609.67
2026-02-13T17:48:06.867012+00:00,2864,24953.5,-0.9327781200408936,BUY,0.023,-0.933,+12.60,+8622.27,258622.27
2026-02-13T17:55:27.979007+00:00,2865,24942.5,-0.9379764795303345,SELL,0.005,-0.938,+0.00,+8622.27,258622.27
2026-02-13T18:02:56.512000+00:00,2866,24919.5,-0.9454332590103149,SELL,0.007,-0.945,+0.00,+8622.27,258622.27
2026-02-13T18:10:06.252000+00:00,2867,24941.0,-0.9570763111114502,SELL,0.012,-0.957,+0.00,+8622.27,258622.27
2026-02-13T18:22:45.555000+00:00,2868,24971.0,-0.961319625377655,SELL,0.004,-0.961,+0.00,+8622.27,258622.27
2026-02-13T18:26:11.978000+00:00,2869,24951.5,-0.9650006890296936,SELL,0.004,-0.965,+0.00,+8622.27,258622.27
2026-02-13T18:29:28.151012+00:00,2870,24984.75,-0.9689409732818604,SELL,0.004,-0.969,+0.00,+8622.27,258622.27
2026-02-13T18:29:39.404007+00:00,2871,24949.75,-0.9711418151855469,SELL,0.002,-0.971,+0.00,+8622.27,258622.27
2026-02-13T18:34:12.792000+00:00,2872,24980.0,-0.9789693355560303,SELL,0.008,-0.979,+0.00,+8622.27,258622.27
2026-02-13T18:41:59.806000+00:00,2873,24955.5,-0.9793348908424377,SELL,0.000,-0.979,+0.00,+8622.27,258622.27
2026-02-13T18:48:19.957000+00:00,2874,24980.0,-0.9801315665245056,SELL,0.001,-0.980,+0.00,+8622.27,258622.27
2026-02-13T18:51:28.369000+00:00,2875,24943.5,-0.9783784747123718,BUY,0.002,-0.978,+1.28,+8623.55,258623.55
2026-02-13T19:10:07.038000+00:00,2876,24961.0,-0.9795227646827698,SELL,0.001,-0.980,+0.00,+8623.55,258623.55
2026-02-13T19:27:25.004000+00:00,2877,24928.5,-0.9798974394798279,SELL,0.000,-0.980,+0.00,+8623.55,258623.55
2026-02-13T19:39:31.607000+00:00,2878,24909.25,-0.9742273092269897,BUY,0.006,-0.974,+2.18,+8625.73,258625.73
2026-02-13T19:41:49.868000+00:00,2879,24891.0,-0.9753170013427734,SELL,0.001,-0.975,+0.00,+8625.73,258625.73
2026-02-13T19:45:48.222064+00:00,2880,24928.25,-0.9795694351196289,SELL,0.004,-0.980,+0.00,+8625.73,258625.73
2026-02-13T19:52:02.365000+00:00,2881,24895.0,-0.9822981953620911,SELL,0.003,-0.982,+0.00,+8625.73,258625.73
2026-02-13T19:58:35.113000+00:00,2882,24870.0,-0.9825307726860046,SELL,0.000,-0.983,+0.00,+8625.73,258625.73
2026-02-13T20:07:12.458000+00:00,2883,24888.75,-0.986375093460083,SELL,0.004,-0.986,+0.00,+8625.73,258625.73
2026-02-13T20:13:02.651000+00:00,2884,24850.5,-0.986243724822998,BUY,0.000,-0.986,+0.10,+8625.83,258625.83
2026-02-13T20:18:22.815000+00:00,2885,24815.0,-0.9868869185447693,SELL,0.001,-0.987,+0.00,+8625.83,258625.83
2026-02-13T20:24:58.076001+00:00,2886,24813.0,-0.9897224307060242,SELL,0.003,-0.990,+0.00,+8625.83,258625.83
2026-02-13T20:27:21.267000+00:00,2887,24780.75,-0.9898251891136169,SELL,0.000,-0.990,+0.00,+8625.83,258625.83
2026-02-13T20:34:02.591000+00:00,2888,24746.25,-0.9909027814865112,SELL,0.001,-0.991,+0.00,+8625.83,258625.83
2026-02-13T20:40:19.230014+00:00,2889,24771.75,-0.9914932250976562,SELL,0.001,-0.991,+0.00,+8625.83,258625.83
2026-02-13T20:48:11.429009+00:00,2890,24774.25,-0.9918687343597412,SELL,0.000,-0.992,+0.00,+8625.83,258625.83
2026-02-13T20:51:14.119001+00:00,2891,24757.0,-0.9934870600700378,SELL,0.002,-0.993,+0.00,+8625.83,258625.83
2026-02-13T20:54:27.615032+00:00,2892,24791.25,-0.9932843446731567,BUY,0.000,-0.993,-0.14,+8625.69,258625.69
2026-02-13T20:59:57.312002+00:00,2893,24811.25,-0.9923555850982666,BUY,0.001,-0.992,-0.37,+8625.32,258625.32
2026-02-13T21:04:44.728000+00:00,2894,24788.0,-0.9909851551055908,BUY,0.001,-0.991,+0.64,+8625.96,258625.96
2026-02-15T23:00:03.700000+00:00,2895,24811.25,-0.9920660257339478,SELL,0.001,-0.992,+0.00,+8625.96,258625.96
2026-02-15T23:02:00.858007+00:00,2896,24794.75,-0.9906652569770813,BUY,0.001,-0.991,+0.46,+8626.42,258626.42
2026-02-15T23:04:43.937002+00:00,2897,24766.0,-0.9883891344070435,BUY,0.002,-0.988,+1.31,+8627.73,258627.73
2026-02-15T23:14:13.918005+00:00,2898,24794.5,-0.9858596920967102,BUY,0.003,-0.986,-1.44,+8626.29,258626.29
2026-02-15T23:30:51.460000+00:00,2899,24830.5,-0.9845629930496216,BUY,0.001,-0.985,-0.93,+8625.35,258625.35
2026-02-15T23:59:58.890001+00:00,2900,24833.25,-0.980059802532196,BUY,0.005,-0.980,-0.25,+8625.11,258625.11
2026-02-16T01:49:20.119002+00:00,2901,24850.5,-0.9735890030860901,BUY,0.006,-0.974,-2.23,+8622.87,258622.87
2026-02-16T02:51:11.751001+00:00,2902,24832.5,-0.9493619203567505,BUY,0.024,-0.949,+8.72,+8631.59,258631.59
2026-02-16T05:43:58.056001+00:00,2903,24800.0,-0.934179961681366,BUY,0.015,-0.934,+9.87,+8641.46,258641.46
2026-02-16T07:00:50.503001+00:00,2904,24833.75,-0.9396824836730957,SELL,0.006,-0.940,+0.00,+8641.46,258641.46
2026-02-16T07:36:36.350000+00:00,2905,24873.0,-0.9579004049301147,SELL,0.018,-0.958,+0.00,+8641.46,258641.46
2026-02-16T08:09:19.265003+00:00,2906,24881.0,-0.9364776015281677,BUY,0.021,-0.936,-3.43,+8638.03,258638.03
2026-02-16T08:35:47.940000+00:00,2907,24857.5,-0.9417986273765564,SELL,0.005,-0.942,+0.00,+8638.03,258638.03
2026-02-16T08:46:02.951000+00:00,2908,24892.75,-0.9500514268875122,SELL,0.008,-0.950,+0.00,+8638.03,258638.03
2026-02-16T09:27:49.125001+00:00,2909,24920.75,-0.9489466547966003,BUY,0.001,-0.949,-0.62,+8637.42,258637.42
2026-02-16T10:13:13.571000+00:00,2910,24882.0,-0.9198708534240723,BUY,0.029,-0.920,+22.53,+8659.95,258659.95
2026-02-16T11:09:15.992002+00:00,2911,24859.75,-0.9003243446350098,BUY,0.020,-0.900,+8.70,+8668.65,258668.65
2026-02-16T14:00:05.593001+00:00,2912,24840.25,-0.8630125522613525,BUY,0.037,-0.863,+14.55,+8683.20,258683.20
2026-02-16T14:11:03.711000+00:00,2913,24803.75,-0.7642885446548462,BUY,0.099,-0.764,+72.07,+8755.27,258755.27
2026-02-16T14:17:50.363004+00:00,2914,24768.0,-0.6798636317253113,BUY,0.084,-0.680,+60.36,+8815.63,258815.63
2026-02-16T14:30:35.261002+00:00,2915,24751.5,-0.5564942359924316,BUY,0.123,-0.556,+40.71,+8856.34,258856.34
2026-02-16T14:36:51.333002+00:00,2916,24736.5,-0.15469257533550262,BUY,0.402,-0.155,+120.54,+8976.88,258976.88
2026-02-16T14:43:01.019002+00:00,2917,24715.25,0.09518908709287643,BUY,0.250,0.095,+65.74,+9042.63,259042.63
2026-02-16T14:50:04.962001+00:00,2918,24732.75,0.01969100721180439,SELL,0.075,0.020,+26.42,+9069.05,259069.05
2026-02-16T14:55:48.260001+00:00,2919,24771.0,-0.01194475032389164,SELL,0.032,-0.012,+15.06,+9084.12,259084.12
2026-02-16T15:14:35.168000+00:00,2920,24757.25,-0.04810887947678566,SELL,0.036,-0.048,+0.00,+9084.12,259084.12
2026-02-16T15:21:28.814000+00:00,2921,24732.0,-0.057168468832969666,SELL,0.009,-0.057,+0.00,+9084.12,259084.12
2026-02-16T15:32:03.083000+00:00,2922,24698.5,-0.12671999633312225,SELL,0.070,-0.127,+0.00,+9084.12,259084.12
2026-02-16T15:50:07.050002+00:00,2923,24718.5,-0.42635273933410645,SELL,0.300,-0.426,+0.00,+9084.12,259084.12
2026-02-16T15:57:53.041000+00:00,2924,24691.5,-0.48770472407341003,SELL,0.061,-0.488,+0.00,+9084.12,259084.12
2026-02-16T16:07:51.821001+00:00,2925,24723.75,-0.5620421171188354,SELL,0.074,-0.562,+0.00,+9084.12,259084.12
2026-02-16T16:18:28.727002+00:00,2926,24713.5,-0.6286931037902832,SELL,0.067,-0.629,+0.00,+9084.12,259084.12
2026-02-16T16:30:15.727041+00:00,2927,24737.0,-0.6624579429626465,SELL,0.034,-0.662,+0.00,+9084.12,259084.12
2026-02-16T16:36:15.009000+00:00,2928,24701.75,-0.6520525813102722,BUY,0.010,-0.652,+7.34,+9091.45,259091.45
2026-02-16T16:46:44.907000+00:00,2929,24710.75,-0.5721158981323242,BUY,0.080,-0.572,-14.39,+9077.06,259077.06
2026-02-16T17:30:01.265000+00:00,2930,24748.0,-0.6046725511550903,SELL,0.033,-0.605,+0.00,+9077.06,259077.06
2026-02-16T23:11:58.839000+00:00,2931,24774.75,-0.6531206369400024,SELL,0.048,-0.653,+0.00,+9077.06,259077.06
2026-02-16T23:35:23.196003+00:00,2932,24808.0,-0.6838613152503967,SELL,0.031,-0.684,+0.00,+9077.06,259077.06
2026-02-16T23:51:38.308078+00:00,2933,24842.25,-0.5885642170906067,BUY,0.095,-0.589,-65.28,+9011.79,259011.79
2026-02-17T00:06:00.460000+00:00,2934,24802.5,-0.3248828053474426,BUY,0.264,-0.325,+209.63,+9221.41,259221.41
2026-02-17T00:15:49.165000+00:00,2935,24824.25,-0.14630632102489471,BUY,0.179,-0.146,-77.68,+9143.73,259143.73
2026-02-17T00:43:14.564000+00:00,2936,24794.75,-0.10025599598884583,BUY,0.046,-0.100,+27.17,+9170.90,259170.90
2026-02-17T01:07:03.446000+00:00,2937,24814.5,-0.10503227263689041,SELL,0.005,-0.105,+0.00,+9170.90,259170.90
2026-02-17T01:28:02.220000+00:00,2938,24784.25,-0.049012441188097,BUY,0.056,-0.049,+33.89,+9204.79,259204.79
2026-02-17T01:49:38.399047+00:00,2939,24757.0,0.01783057488501072,BUY,0.067,0.018,+26.71,+9231.50,259231.50
2026-02-17T01:52:44.674011+00:00,2940,24722.5,0.23236052691936493,BUY,0.215,0.232,+0.00,+9231.50,259231.50
2026-02-17T01:53:54.562067+00:00,2941,24682.5,0.6783180236816406,BUY,0.446,0.678,+0.00,+9231.50,259231.50
2026-02-17T01:56:30.130004+00:00,2942,24655.0,0.7953565716743469,BUY,0.117,0.795,+0.00,+9231.50,259231.50
2026-02-17T02:03:01.975002+00:00,2943,24640.25,0.8477535843849182,BUY,0.052,0.848,+0.00,+9231.50,259231.50
2026-02-17T02:10:02.966000+00:00,2944,24657.5,0.889103353023529,BUY,0.041,0.889,+0.00,+9231.50,259231.50
2026-02-17T03:02:12.791000+00:00,2945,24646.0,0.9375017285346985,BUY,0.048,0.938,+0.00,+9231.50,259231.50
2026-02-17T03:05:53.383000+00:00,2946,24607.0,0.965302586555481,BUY,0.028,0.965,+0.00,+9231.50,259231.50
2026-02-17T03:12:33.408022+00:00,2947,24596.0,0.9849619269371033,BUY,0.020,0.985,+0.00,+9231.50,259231.50
2026-02-17T03:21:23.541000+00:00,2948,24635.0,0.9751992225646973,SELL,0.010,0.975,+7.61,+9239.12,259239.12
2026-02-17T03:32:08.635001+00:00,2949,24602.25,0.9870390892028809,BUY,0.012,0.987,+0.00,+9239.12,259239.12
2026-02-17T03:41:04.476070+00:00,2950,24575.25,0.9910614490509033,BUY,0.004,0.991,+0.00,+9239.12,259239.12
2026-02-17T04:00:13.587000+00:00,2951,24613.5,0.9913322925567627,BUY,0.000,0.991,+0.00,+9239.12,259239.12
2026-02-17T05:17:32.914000+00:00,2952,24590.0,0.9899544715881348,SELL,0.001,0.990,-0.65,+9238.47,259238.47
2026-02-17T05:35:11.299004+00:00,2953,24564.25,0.9887073636054993,SELL,0.001,0.989,-0.64,+9237.83,259237.83
2026-02-17T05:41:45.178000+00:00,2954,24598.25,0.981372594833374,SELL,0.007,0.981,+4.99,+9242.82,259242.82
2026-02-17T06:09:10.146003+00:00,2955,24615.0,0.982456386089325,BUY,0.001,0.982,+0.00,+9242.82,259242.82
2026-02-17T07:08:45.051004+00:00,2956,24601.0,0.9759422540664673,SELL,0.007,0.976,-1.82,+9240.99,259240.99
2026-02-17T07:39:02.889000+00:00,2957,24624.0,0.968877375125885,SELL,0.007,0.969,+3.25,+9244.24,259244.24
2026-02-17T07:55:03.724015+00:00,2958,24662.0,0.8893374800682068,SELL,0.080,0.889,+60.45,+9304.69,259304.69
2026-02-17T08:01:04.084002+00:00,2959,24691.5,0.8666502237319946,SELL,0.023,0.867,+13.39,+9318.08,259318.08
2026-02-17T08:16:51.616000+00:00,2960,24686.75,0.6750519275665283,SELL,0.192,0.675,-18.20,+9299.88,259299.88
2026-02-17T08:34:51.495005+00:00,2961,24663.25,0.6972888112068176,BUY,0.022,0.697,+0.00,+9299.88,259299.88
2026-02-17T08:53:21.117002+00:00,2962,24631.25,0.8436302542686462,BUY,0.146,0.844,+0.00,+9299.88,259299.88
2026-02-17T09:00:48.750004+00:00,2963,24663.75,0.7974626421928406,SELL,0.046,0.797,+30.01,+9329.89,259329.89
2026-02-17T09:11:57.890004+00:00,2964,24640.0,0.9113873243331909,BUY,0.114,0.911,+0.00,+9329.89,259329.89
2026-02-17T09:31:39.543000+00:00,2965,24676.75,0.9303100109100342,BUY,0.019,0.930,+0.00,+9329.89,259329.89
2026-02-17T10:15:50.714002+00:00,2966,24657.5,0.8009767532348633,SELL,0.129,0.801,-49.79,+9280.09,259280.09
2026-02-17T10:39:35.178000+00:00,2967,24628.75,0.7361372709274292,SELL,0.065,0.736,-37.28,+9242.81,259242.81
2026-02-17T10:52:09.407000+00:00,2968,24592.0,0.8776653409004211,BUY,0.142,0.878,+0.00,+9242.81,259242.81
2026-02-17T11:20:16.232003+00:00,2969,24583.0,0.83641117811203,SELL,0.041,0.836,-7.43,+9235.38,259235.38
2026-02-17T11:28:12.332009+00:00,2970,24612.25,0.8132738471031189,SELL,0.023,0.813,+13.54,+9248.92,259248.92
2026-02-17T12:07:31.555000+00:00,2971,24640.5,0.18203823268413544,SELL,0.631,0.182,+356.65,+9605.57,259605.57
2026-02-17T12:24:24.083000+00:00,2972,24626.75,-0.2790435552597046,SELL,0.461,-0.279,-50.06,+9555.51,259555.51
2026-02-17T12:32:08.639000+00:00,2973,24602.0,-0.6406446099281311,SELL,0.362,-0.641,+0.00,+9555.51,259555.51
2026-02-17T12:48:58.736000+00:00,2974,24580.0,-0.810394287109375,SELL,0.170,-0.810,+0.00,+9555.51,259555.51
2026-02-17T13:05:01.159005+00:00,2975,24564.75,-0.8422578573226929,SELL,0.032,-0.842,+0.00,+9555.51,259555.51
2026-02-17T13:12:02.033000+00:00,2976,24527.0,-0.8705430626869202,SELL,0.028,-0.871,+0.00,+9555.51,259555.51
2026-02-17T13:15:05.553000+00:00,2977,24558.0,-0.8747041821479797,SELL,0.004,-0.875,+0.00,+9555.51,259555.51
2026-02-17T13:21:13.031008+00:00,2978,24575.0,-0.8607912063598633,BUY,0.014,-0.861,-4.73,+9550.78,259550.78
2026-02-17T13:23:06.687000+00:00,2979,24610.75,-0.8531911373138428,BUY,0.008,-0.853,-5.43,+9545.34,259545.34
2026-02-17T13:33:01.973001+00:00,2980,24582.5,-0.8203340172767639,BUY,0.033,-0.820,+18.56,+9563.91,259563.91
2026-02-17T13:50:38.040004+00:00,2981,24617.0,-0.850085437297821,SELL,0.030,-0.850,+0.00,+9563.91,259563.91
2026-02-17T13:51:06.991002+00:00,2982,24646.75,-0.8892207145690918,SELL,0.039,-0.889,+0.00,+9563.91,259563.91
2026-02-17T13:51:45.784001+00:00,2983,24684.0,-0.9103573560714722,SELL,0.021,-0.910,+0.00,+9563.91,259563.91
2026-02-17T13:53:55.544000+00:00,2984,24665.25,-0.9530537724494934,SELL,0.043,-0.953,+0.00,+9563.91,259563.91
2026-02-17T13:56:06.478001+00:00,2985,24635.75,-0.9560719728469849,SELL,0.003,-0.956,+0.00,+9563.91,259563.91
2026-02-17T14:04:28.791001+00:00,2986,24651.0,-0.9641401767730713,SELL,0.008,-0.964,+0.00,+9563.91,259563.91
2026-02-17T14:30:00.785000+00:00,2987,24673.0,-0.9707048535346985,SELL,0.007,-0.971,+0.00,+9563.91,259563.91
2026-02-17T14:30:13.673000+00:00,2988,24638.75,-0.9697669148445129,BUY,0.001,-0.970,+0.64,+9564.55,259564.55
2026-02-17T14:30:22.265001+00:00,2989,24667.0,-0.9726906418800354,SELL,0.003,-0.973,+0.00,+9564.55,259564.55
2026-02-17T14:30:48.862002+00:00,2990,24629.0,-0.9719380736351013,BUY,0.001,-0.972,+0.57,+9565.12,259565.12
2026-02-17T14:31:21.657000+00:00,2991,24645.75,-0.9753293991088867,SELL,0.003,-0.975,+0.00,+9565.12,259565.12
2026-02-17T14:31:44.474001+00:00,2992,24684.5,-0.9770218729972839,SELL,0.002,-0.977,+0.00,+9565.12,259565.12
2026-02-17T14:32:32.491003+00:00,2993,24673.5,-0.9720835089683533,BUY,0.005,-0.972,+1.09,+9566.21,259566.21
2026-02-17T14:33:05.298000+00:00,2994,24693.5,-0.9703091382980347,BUY,0.002,-0.970,-0.71,+9565.50,259565.50
2026-02-17T14:34:15.257000+00:00,2995,24717.75,-0.9627214074134827,BUY,0.008,-0.963,-3.68,+9561.82,259561.82
2026-02-17T14:34:45.315000+00:00,2996,24745.5,-0.9521926641464233,BUY,0.011,-0.952,-5.84,+9555.98,259555.98
2026-02-17T14:35:28.035001+00:00,2997,24782.75,-0.9354092478752136,BUY,0.017,-0.935,-12.50,+9543.47,259543.47
2026-02-17T14:36:23.419001+00:00,2998,24795.0,-0.9201821088790894,BUY,0.015,-0.920,-3.73,+9539.74,259539.74
2026-02-17T14:39:41.130000+00:00,2999,24812.5,-0.9147225618362427,BUY,0.005,-0.915,-1.91,+9537.83,259537.83
2026-02-17T14:40:47.935000+00:00,3000,24775.75,-0.9350839257240295,SELL,0.020,-0.935,+0.00,+9537.83,259537.83
2026-02-17T14:41:55.432013+00:00,3001,24770.0,-0.9143134951591492,BUY,0.021,-0.914,+2.39,+9540.22,259540.22
2026-02-17T14:42:41.578001+00:00,3002,24755.5,-0.8805413246154785,BUY,0.034,-0.881,+9.79,+9550.01,259550.01
2026-02-17T14:43:48.347000+00:00,3003,24726.75,-0.8019106984138489,BUY,0.079,-0.802,+45.21,+9595.23,259595.23
2026-02-17T14:44:37.122000+00:00,3004,24689.5,-0.7382355332374573,BUY,0.064,-0.738,+47.44,+9642.66,259642.66
2026-02-17T14:45:11.434049+00:00,3005,24664.75,-0.7055277228355408,BUY,0.033,-0.706,+16.19,+9658.85,259658.85
2026-02-17T14:46:38.466000+00:00,3006,24701.25,-0.7268539667129517,SELL,0.021,-0.727,+0.00,+9658.85,259658.85
2026-02-17T14:46:55.871000+00:00,3007,24671.5,-0.6951157450675964,BUY,0.032,-0.695,+18.88,+9677.74,259677.74
2026-02-17T14:47:22.147081+00:00,3008,24642.75,0.019402658566832542,BUY,0.715,0.019,+399.69,+10077.43,260077.43
2026-02-17T14:48:38.412000+00:00,3009,24661.0,0.4399006962776184,BUY,0.420,0.440,+0.00,+10077.43,260077.43
2026-02-17T14:49:11.868001+00:00,3010,24626.25,0.7569872140884399,BUY,0.317,0.757,+0.00,+10077.43,260077.43
2026-02-17T14:50:00.355000+00:00,3011,24664.0,0.9500875473022461,BUY,0.193,0.950,+0.00,+10077.43,260077.43
2026-02-17T14:50:25.034004+00:00,3012,24637.25,0.9802214503288269,BUY,0.030,0.980,+0.00,+10077.43,260077.43
2026-02-17T14:50:31.013001+00:00,3013,24601.0,0.9893203973770142,BUY,0.009,0.989,+0.00,+10077.43,260077.43
2026-02-17T14:51:22.657000+00:00,3014,24564.0,0.9821940660476685,SELL,0.007,0.982,-5.27,+10072.16,260072.16
2026-02-17T14:53:20.794012+00:00,3015,24554.0,0.9878813028335571,BUY,0.006,0.988,+0.00,+10072.16,260072.16
2026-02-17T14:55:04.874014+00:00,3016,24519.75,0.9891971349716187,BUY,0.001,0.989,+0.00,+10072.16,260072.16
2026-02-17T14:56:39.052102+00:00,3017,24493.25,0.9878751635551453,SELL,0.001,0.988,-0.70,+10071.46,260071.46
2026-02-17T14:57:06.778005+00:00,3018,24533.25,0.9854600429534912,SELL,0.002,0.985,+1.93,+10073.39,260073.39
2026-02-17T14:58:11.563000+00:00,3019,24508.5,0.9813637733459473,SELL,0.004,0.981,-2.03,+10071.36,260071.36
2026-02-17T14:59:35.970043+00:00,3020,24475.25,0.9681006073951721,SELL,0.013,0.968,-8.82,+10062.54,260062.54
2026-02-17T15:00:30.485002+00:00,3021,24502.25,0.9247334599494934,SELL,0.043,0.925,+23.42,+10085.96,260085.96
2026-02-17T15:01:54.244006+00:00,3022,24527.5,0.9039667844772339,SELL,0.021,0.904,+10.49,+10096.44,260096.44
2026-02-17T15:02:56.498000+00:00,3023,24504.0,0.879499077796936,SELL,0.024,0.879,-11.50,+10084.95,260084.95
2026-02-17T15:03:50.375001+00:00,3024,24543.0,0.887278139591217,BUY,0.008,0.887,+0.00,+10084.95,260084.95
2026-02-17T15:06:23.848005+00:00,3025,24531.5,0.8890159726142883,BUY,0.002,0.889,+0.00,+10084.95,260084.95
2026-02-17T15:11:11.011003+00:00,3026,24505.25,0.9153463840484619,BUY,0.026,0.915,+0.00,+10084.95,260084.95
2026-02-17T15:12:26.674001+00:00,3027,24516.0,0.912796676158905,SELL,0.003,0.913,+0.55,+10085.49,260085.49
2026-02-17T15:13:47.904000+00:00,3028,24489.5,0.9296083450317383,BUY,0.017,0.930,+0.00,+10085.49,260085.49
2026-02-17T15:16:04.920000+00:00,3029,24528.0,0.8995501399040222,SELL,0.030,0.900,+23.14,+10108.64,260108.64
2026-02-17T15:17:31.934002+00:00,3030,24568.0,0.8170303702354431,SELL,0.083,0.817,+66.02,+10174.65,260174.65
2026-02-17T15:18:31.446005+00:00,3031,24600.0,0.47525930404663086,SELL,0.342,0.475,+218.73,+10393.39,260393.39
2026-02-17T15:19:05.201000+00:00,3032,24629.75,-0.03384425491094589,SELL,0.509,-0.034,+282.78,+10676.17,260676.17
2026-02-17T15:20:59.770000+00:00,3033,24601.0,-0.3168749511241913,SELL,0.283,-0.317,+0.00,+10676.17,260676.17
2026-02-17T15:22:01.200000+00:00,3034,24570.75,-0.4603126049041748,SELL,0.143,-0.460,+0.00,+10676.17,260676.17
2026-02-17T15:22:46.355000+00:00,3035,24557.5,-0.4808717668056488,SELL,0.021,-0.481,+0.00,+10676.17,260676.17
2026-02-17T15:25:37.469025+00:00,3036,24527.5,-0.45999279618263245,BUY,0.021,-0.460,+12.53,+10688.69,260688.69
2026-02-17T15:27:16.310003+00:00,3037,24549.75,-0.4047222137451172,BUY,0.055,-0.405,-24.60,+10664.10,260664.10
2026-02-17T15:29:06.035000+00:00,3038,24517.0,-0.30234643816947937,BUY,0.102,-0.302,+67.06,+10731.15,260731.15
2026-02-17T15:30:46.866000+00:00,3039,24502.5,-0.24064606428146362,BUY,0.062,-0.241,+17.89,+10749.05,260749.05
2026-02-17T15:33:24.374003+00:00,3040,24471.25,-0.16925932466983795,BUY,0.071,-0.169,+44.62,+10793.66,260793.66
2026-02-17T15:35:12.504003+00:00,3041,24489.25,-0.20277459919452667,SELL,0.034,-0.203,+0.00,+10793.66,260793.66
2026-02-17T15:38:06.522001+00:00,3042,24468.25,-0.20368558168411255,SELL,0.001,-0.204,+0.00,+10793.66,260793.66
2026-02-17T15:40:27.222000+00:00,3043,24495.25,-0.32140249013900757,SELL,0.118,-0.321,+0.00,+10793.66,260793.66
2026-02-17T15:41:35.830000+00:00,3044,24465.0,-0.39911580085754395,SELL,0.078,-0.399,+0.00,+10793.66,260793.66
2026-02-17T15:43:24.044051+00:00,3045,24497.25,-0.6042449474334717,SELL,0.205,-0.604,+0.00,+10793.66,260793.66
2026-02-17T15:45:02.870033+00:00,3046,24521.25,-0.6675087213516235,SELL,0.063,-0.668,+0.00,+10793.66,260793.66
2026-02-17T15:47:12.838000+00:00,3047,24543.75,-0.8152034878730774,SELL,0.148,-0.815,+0.00,+10793.66,260793.66
2026-02-17T15:48:02.885000+00:00,3048,24583.75,-0.8852983117103577,SELL,0.070,-0.885,+0.00,+10793.66,260793.66
2026-02-17T15:50:07.490000+00:00,3049,24547.0,-0.9071299433708191,SELL,0.022,-0.907,+0.00,+10793.66,260793.66
2026-02-17T15:51:46.024000+00:00,3050,24578.75,-0.9496366381645203,SELL,0.043,-0.950,+0.00,+10793.66,260793.66
2026-02-17T15:52:48.139000+00:00,3051,24559.75,-0.9578967690467834,SELL,0.008,-0.958,+0.00,+10793.66,260793.66
2026-02-17T15:55:49.298003+00:00,3052,24598.25,-0.9666229486465454,SELL,0.009,-0.967,+0.00,+10793.66,260793.66
2026-02-17T15:56:29.765000+00:00,3053,24563.75,-0.966064453125,BUY,0.001,-0.966,+0.39,+10794.05,260794.05
2026-02-17T15:58:53.500000+00:00,3054,24595.25,-0.9764684438705444,SELL,0.010,-0.976,+0.00,+10794.05,260794.05
2026-02-17T16:01:33.372000+00:00,3055,24622.5,-0.9799945950508118,SELL,0.004,-0.980,+0.00,+10794.05,260794.05
2026-02-17T16:02:02.079000+00:00,3056,24660.0,-0.9870641231536865,SELL,0.007,-0.987,+0.00,+10794.05,260794.05
2026-02-17T16:05:51.665000+00:00,3057,24679.75,-0.9919275641441345,SELL,0.005,-0.992,+0.00,+10794.05,260794.05
2026-02-17T16:08:45.924049+00:00,3058,24718.0,-0.9935157895088196,SELL,0.002,-0.994,+0.00,+10794.05,260794.05
2026-02-17T16:11:26.487000+00:00,3059,24746.25,-0.9933821558952332,BUY,0.000,-0.993,-0.08,+10793.97,260793.97
2026-02-17T16:13:47.677000+00:00,3060,24785.0,-0.9922493100166321,BUY,0.001,-0.992,-0.88,+10793.10,260793.10
2026-02-17T16:17:10.749000+00:00,3061,24746.75,-0.992165744304657,BUY,0.000,-0.992,+0.06,+10793.16,260793.16
2026-02-17T16:19:12.276000+00:00,3062,24786.25,-0.9937384724617004,SELL,0.002,-0.994,+0.00,+10793.16,260793.16
2026-02-17T16:27:50.037000+00:00,3063,24756.75,-0.9938643574714661,SELL,0.000,-0.994,+0.00,+10793.16,260793.16
2026-02-17T16:29:47.789003+00:00,3064,24725.25,-0.9925224184989929,BUY,0.001,-0.993,+0.85,+10794.01,260794.01
2026-02-17T16:34:46.711030+00:00,3065,24733.25,-0.9925270080566406,SELL,0.000,-0.993,+0.00,+10794.01,260794.01
2026-02-17T16:36:18.882027+00:00,3066,24756.25,-0.9927597045898438,SELL,0.000,-0.993,+0.00,+10794.01,260794.01
2026-02-17T16:40:27.838000+00:00,3067,24740.0,-0.9909736514091492,BUY,0.002,-0.991,+0.58,+10794.59,260794.59
2026-02-17T16:45:49.326001+00:00,3068,24732.0,-0.9899784326553345,BUY,0.001,-0.990,+0.16,+10794.75,260794.75
2026-02-17T16:54:58.171001+00:00,3069,24761.75,-0.9898508787155151,BUY,0.000,-0.990,-0.08,+10794.67,260794.67
2026-02-17T16:57:24.868001+00:00,3070,24748.0,-0.9884569644927979,BUY,0.001,-0.988,+0.38,+10795.05,260795.05
2026-02-17T17:00:40.640005+00:00,3071,24734.75,-0.9835932850837708,BUY,0.005,-0.984,+1.29,+10796.34,260796.34
2026-02-17T17:07:35.131000+00:00,3072,24754.25,-0.9808850288391113,BUY,0.003,-0.981,-1.06,+10795.29,260795.29
2026-02-17T17:10:45.866000+00:00,3073,24723.0,-0.973112940788269,BUY,0.008,-0.973,+4.86,+10800.14,260800.14
2026-02-17T17:22:38.143006+00:00,3074,24684.0,-0.9540227055549622,BUY,0.019,-0.954,+14.89,+10815.03,260815.03
2026-02-17T17:25:07.441000+00:00,3075,24708.5,-0.9267843961715698,BUY,0.027,-0.927,-13.35,+10801.69,260801.69
2026-02-17T17:29:17.706000+00:00,3076,24736.75,-0.9048892259597778,BUY,0.022,-0.905,-12.37,+10789.32,260789.32
2026-02-17T17:32:08.806003+00:00,3077,24719.25,-0.89454585313797,BUY,0.010,-0.895,+3.62,+10792.94,260792.94
2026-02-17T17:35:27.677000+00:00,3078,24726.75,-0.8846942186355591,BUY,0.010,-0.885,-1.48,+10791.46,260791.46
2026-02-17T17:40:39.736000+00:00,3079,24698.25,-0.8937318325042725,SELL,0.009,-0.894,+0.00,+10791.46,260791.46
2026-02-17T17:43:17.176008+00:00,3080,24662.75,-0.4623667895793915,BUY,0.431,-0.462,+306.27,+11097.73,261097.73
2026-02-17T17:45:01.974000+00:00,3081,24640.5,0.7438006401062012,BUY,1.206,0.744,+205.75,+11303.48,261303.48
2026-02-17T17:48:28.671000+00:00,3082,24667.0,0.9873063564300537,BUY,0.244,0.987,+0.00,+11303.48,261303.48
2026-02-17T17:52:04.548000+00:00,3083,24645.25,0.9976984262466431,BUY,0.010,0.998,+0.00,+11303.48,261303.48
2026-02-17T17:53:12.526000+00:00,3084,24614.5,0.9996662735939026,BUY,0.002,1.000,+0.00,+11303.48,261303.48
2026-02-17T17:57:39.719006+00:00,3085,24648.75,0.9998582601547241,BUY,0.000,1.000,+0.00,+11303.48,261303.48
2026-02-17T17:59:19.760001+00:00,3086,24687.25,0.9999147057533264,BUY,0.000,1.000,+0.00,+11303.48,261303.48
2026-02-17T18:03:08.186000+00:00,3087,24666.0,0.9999427199363708,BUY,0.000,1.000,+0.00,+11303.48,261303.48
2026-02-17T18:05:52.943000+00:00,3088,24662.0,0.9999515414237976,BUY,0.000,1.000,+0.00,+11303.48,261303.48
2026-02-17T18:13:48.095001+00:00,3089,24689.25,0.9999591708183289,BUY,0.000,1.000,+0.00,+11303.48,261303.48
2026-02-17T18:17:16.279001+00:00,3090,24656.75,0.9999699592590332,BUY,0.000,1.000,+0.00,+11303.48,261303.48
2026-02-17T18:20:35.933000+00:00,3091,24692.0,0.9999765753746033,BUY,0.000,1.000,+0.00,+11303.48,261303.48
2026-02-17T18:22:03.010003+00:00,3092,24727.5,0.9999827146530151,BUY,0.000,1.000,+0.00,+11303.48,261303.48
2026-02-17T18:22:38.531024+00:00,3093,24762.25,0.9999476075172424,SELL,0.000,1.000,+0.02,+11303.51,261303.51
2026-02-17T18:29:17.449009+00:00,3095,24775.5,0.9999296069145203,SELL,0.000,1.000,+0.00,+11303.51,261303.51
2026-02-17T18:33:52.020000+00:00,3096,24790.5,0.9999263882637024,SELL,0.000,1.000,+0.00,+11303.51,261303.51
2026-02-17T18:37:09.885001+00:00,3097,24803.0,0.9998989105224609,SELL,0.000,1.000,+0.01,+11303.52,261303.52
2026-02-17T18:40:13.036001+00:00,3098,24830.5,0.9998633861541748,SELL,0.000,1.000,+0.02,+11303.54,261303.54
2026-02-17T18:48:53.475000+00:00,3099,24814.75,0.9997671246528625,SELL,0.000,1.000,-0.03,+11303.51,261303.51
2026-02-17T18:54:39.613003+00:00,3100,24852.75,0.9993451237678528,SELL,0.000,0.999,+0.32,+11303.83,261303.83
2026-02-17T18:59:36.662000+00:00,3101,24834.75,0.9984030723571777,SELL,0.001,0.998,-0.34,+11303.49,261303.49
2026-02-17T19:24:16.394000+00:00,3102,24866.5,0.9929580092430115,SELL,0.005,0.993,+3.46,+11306.95,261306.95
2026-02-17T19:34:59.557001+00:00,3103,24868.75,0.9684857130050659,SELL,0.024,0.968,+1.10,+11308.05,261308.05
2026-02-17T19:50:23.422002+00:00,3104,24849.75,0.6765380501747131,SELL,0.292,0.677,-110.94,+11197.11,261197.11
2026-02-17T19:58:32.334025+00:00,3105,24817.75,0.5155147910118103,SELL,0.161,0.516,-103.05,+11094.05,261094.05
2026-02-17T20:11:39.637000+00:00,3106,24801.75,0.46017226576805115,SELL,0.055,0.460,-17.71,+11076.34,261076.34
2026-02-17T20:22:43.594019+00:00,3107,24778.25,0.34519144892692566,SELL,0.115,0.345,-54.04,+11022.30,261022.30
2026-02-17T20:31:45.685000+00:00,3108,24752.5,0.376424103975296,BUY,0.031,0.376,+0.00,+11022.30,261022.30
2026-02-17T20:42:38.794027+00:00,3109,24775.75,0.3214460015296936,SELL,0.055,0.321,+25.56,+11047.87,261047.87
2026-02-17T20:50:56.784000+00:00,3110,24755.75,0.39468300342559814,BUY,0.073,0.395,+0.00,+11047.87,261047.87
2026-02-17T20:59:58.063008+00:00,3111,24779.5,0.06720386445522308,SELL,0.327,0.067,+155.55,+11203.42,261203.42
2026-02-17T21:15:55.790010+00:00,3112,24806.0,0.09907113015651703,BUY,0.032,0.099,+0.00,+11203.42,261203.42
2026-02-17T21:31:37.033003+00:00,3113,24778.5,0.18944589793682098,BUY,0.090,0.189,+0.00,+11203.42,261203.42
2026-02-17T23:02:53.479002+00:00,3114,24743.0,0.30643734335899353,BUY,0.117,0.306,+0.00,+11203.42,261203.42
2026-02-17T23:12:01.249000+00:00,3115,24728.25,0.6143233180046082,BUY,0.308,0.614,+0.00,+11203.42,261203.42
2026-02-17T23:33:11.526005+00:00,3116,24721.75,0.943052351474762,BUY,0.329,0.943,+0.00,+11203.42,261203.42
2026-02-18T00:11:12.274001+00:00,3117,24740.75,0.9785728454589844,BUY,0.036,0.979,+0.00,+11203.42,261203.42
2026-02-18T00:25:31.093000+00:00,3118,24713.25,0.9960189461708069,BUY,0.017,0.996,+0.00,+11203.42,261203.42
2026-02-18T00:35:38.379002+00:00,3119,24751.25,0.9955903887748718,SELL,0.000,0.996,+0.33,+11203.75,261203.75
2026-02-18T01:05:28.340001+00:00,3120,24712.75,0.9941335320472717,SELL,0.001,0.994,-1.12,+11202.62,261202.62
2026-02-18T02:00:19.580000+00:00,3121,24749.5,0.9910699725151062,SELL,0.003,0.991,+2.25,+11204.88,261204.88
2026-02-18T03:48:22.038003+00:00,3122,24776.0,0.9857751131057739,SELL,0.005,0.986,+2.81,+11207.68,261207.68
2026-02-18T04:09:04.201000+00:00,3123,24813.0,0.9822694659233093,SELL,0.004,0.982,+2.59,+11210.28,261210.28
2026-02-18T04:42:46.598001+00:00,3124,24836.75,0.966369092464447,SELL,0.016,0.966,+7.55,+11217.83,261217.83
2026-02-18T07:11:52.781000+00:00,3125,24807.0,0.9649276733398438,SELL,0.001,0.965,-0.86,+11216.97,261216.97
2026-02-18T07:48:01.967000+00:00,3126,24842.0,0.9637908339500427,SELL,0.001,0.964,+0.80,+11217.77,261217.77
2026-02-18T08:04:17.423002+00:00,3127,24866.0,0.9707819223403931,BUY,0.007,0.971,+0.00,+11217.77,261217.77
2026-02-18T08:16:44.533000+00:00,3128,24895.0,0.9665895104408264,SELL,0.004,0.967,+2.43,+11220.20,261220.20
2026-02-18T09:13:38.503001+00:00,3129,24926.0,0.9605534076690674,SELL,0.006,0.961,+3.74,+11223.94,261223.94
2026-02-18T11:10:41.877001+00:00,3130,24901.5,0.9486509561538696,SELL,0.012,0.949,-5.83,+11218.11,261218.11
2026-02-18T12:02:31.203000+00:00,3131,24930.0,0.9267992377281189,SELL,0.022,0.927,+12.46,+11230.56,261230.56
2026-02-18T12:14:57.074007+00:00,3132,24959.75,0.8300328254699707,SELL,0.097,0.830,+57.58,+11288.14,261288.14
2026-02-18T12:25:46.434007+00:00,3133,24922.5,0.8281469345092773,SELL,0.002,0.828,-1.40,+11286.73,261286.73
2026-02-18T12:31:09.478000+00:00,3134,24882.5,0.5878915190696716,SELL,0.240,0.588,-192.20,+11094.53,261094.53
2026-02-18T12:34:48.937000+00:00,3135,24844.5,0.578081488609314,SELL,0.010,0.578,-7.46,+11087.07,261087.07
2026-02-18T12:41:08.953001+00:00,3136,24884.0,0.45141276717185974,SELL,0.127,0.451,+100.07,+11187.14,261187.14
2026-02-18T13:30:01.183000+00:00,3137,24906.0,0.20266571640968323,SELL,0.249,0.203,+109.45,+11296.59,261296.59
2026-02-18T13:34:30.467007+00:00,3138,24881.75,0.006734582129865885,SELL,0.196,0.007,-95.03,+11201.57,261201.57
2026-02-18T13:42:04.002000+00:00,3139,24855.0,-0.03652925044298172,SELL,0.043,-0.037,-3.60,+11197.96,261197.96
2026-02-18T14:01:34.193002+00:00,3140,24816.25,-0.04856662079691887,SELL,0.012,-0.049,+0.00,+11197.96,261197.96
2026-02-18T14:30:00.030000+00:00,3141,24808.25,-0.008697290904819965,BUY,0.040,-0.009,+6.38,+11204.34,261204.34
2026-02-18T14:30:17.265000+00:00,3142,24783.5,-0.001999535830691457,BUY,0.007,-0.002,+3.32,+11207.66,261207.66
2026-02-18T14:31:09.264003+00:00,3143,24792.0,-0.027943508699536324,SELL,0.026,-0.028,+0.00,+11207.66,261207.66
2026-02-18T14:31:40.156001+00:00,3144,24817.25,-0.03025558404624462,SELL,0.002,-0.030,+0.00,+11207.66,261207.66
2026-02-18T14:32:01.411000+00:00,3145,24785.5,-0.02100137621164322,BUY,0.009,-0.021,+5.88,+11213.53,261213.53
2026-02-18T14:33:06.042000+00:00,3146,24805.75,-0.06530798971652985,SELL,0.044,-0.065,+0.00,+11213.53,261213.53
2026-02-18T14:33:40.335004+00:00,3147,24815.75,-0.11394499242305756,SELL,0.049,-0.114,+0.00,+11213.53,261213.53
2026-02-18T14:34:07.015000+00:00,3148,24793.75,-0.1667640060186386,SELL,0.053,-0.167,+0.00,+11213.53,261213.53
2026-02-18T14:34:55.388002+00:00,3149,24770.5,-0.2318190485239029,SELL,0.065,-0.232,+0.00,+11213.53,261213.53
2026-02-18T14:35:38.531000+00:00,3150,24795.75,-0.37391939759254456,SELL,0.142,-0.374,+0.00,+11213.53,261213.53
2026-02-18T14:36:54.682000+00:00,3151,24766.0,-0.3483017683029175,BUY,0.026,-0.348,+15.24,+11228.78,261228.78
2026-02-18T14:38:38.950000+00:00,3152,24796.5,-0.31185322999954224,BUY,0.036,-0.312,-22.23,+11206.54,261206.54
2026-02-18T14:38:52.658014+00:00,3153,24832.0,-0.47089746594429016,SELL,0.159,-0.471,+0.00,+11206.54,261206.54
2026-02-18T14:39:25.678001+00:00,3154,24798.0,-0.5675564408302307,SELL,0.097,-0.568,+0.00,+11206.54,261206.54
2026-02-18T14:40:27.251001+00:00,3155,24814.0,-0.7105057835578918,SELL,0.143,-0.711,+0.00,+11206.54,261206.54
2026-02-18T14:41:26.782000+00:00,3156,24835.5,-0.8244189620018005,SELL,0.114,-0.824,+0.00,+11206.54,261206.54
2026-02-18T14:41:46.717000+00:00,3157,24805.0,-0.866404116153717,SELL,0.042,-0.866,+0.00,+11206.54,261206.54
2026-02-18T14:42:31.519000+00:00,3158,24840.0,-0.9052152037620544,SELL,0.039,-0.905,+0.00,+11206.54,261206.54
2026-02-18T14:43:25.867008+00:00,3159,24856.25,-0.9351401925086975,SELL,0.030,-0.935,+0.00,+11206.54,261206.54
2026-02-18T14:45:14.755000+00:00,3160,24828.75,-0.9482773542404175,SELL,0.013,-0.948,+0.00,+11206.54,261206.54
2026-02-18T14:45:46.527000+00:00,3161,24863.0,-0.9573405981063843,SELL,0.009,-0.957,+0.00,+11206.54,261206.54
2026-02-18T14:47:21.046011+00:00,3162,24839.75,-0.9654414653778076,SELL,0.008,-0.965,+0.00,+11206.54,261206.54
2026-02-18T14:48:23.431001+00:00,3163,24821.25,-0.9682177305221558,SELL,0.003,-0.968,+0.00,+11206.54,261206.54
2026-02-18T14:52:08.666002+00:00,3164,24832.0,-0.9727692008018494,SELL,0.005,-0.973,+0.00,+11206.54,261206.54
2026-02-18T14:54:14.090007+00:00,3165,24863.75,-0.9814010858535767,SELL,0.009,-0.981,+0.00,+11206.54,261206.54
2026-02-18T14:55:45.505005+00:00,3166,24900.0,-0.9842017889022827,SELL,0.003,-0.984,+0.00,+11206.54,261206.54
2026-02-18T14:58:06.418000+00:00,3167,24937.5,-0.9827246069908142,BUY,0.001,-0.983,-1.11,+11205.43,261205.43
2026-02-18T15:02:11.085000+00:00,3168,24972.5,-0.9812380075454712,BUY,0.001,-0.981,-1.04,+11204.39,261204.39
2026-02-18T15:04:27.128000+00:00,3169,25006.5,-0.9810336232185364,BUY,0.000,-0.981,-0.14,+11204.25,261204.25
2026-02-18T15:06:11.059113+00:00,3170,25045.25,-0.9811332821846008,SELL,0.000,-0.981,+0.00,+11204.25,261204.25
2026-02-18T15:09:14.300000+00:00,3171,25009.5,-0.9786772131919861,BUY,0.002,-0.979,+1.76,+11206.01,261206.01
2026-02-18T15:13:10.654048+00:00,3172,25037.0,-0.9801973104476929,SELL,0.002,-0.980,+0.00,+11206.01,261206.01
2026-02-18T15:16:25.571011+00:00,3173,25068.25,-0.9792618155479431,BUY,0.001,-0.979,-0.58,+11205.43,261205.43
2026-02-18T15:19:34.142057+00:00,3174,25034.0,-0.9729602932929993,BUY,0.006,-0.973,+4.32,+11209.74,261209.74
2026-02-18T15:31:22.908001+00:00,3175,25030.5,-0.9696119427680969,BUY,0.003,-0.970,+0.23,+11209.98,261209.98
2026-02-18T15:40:29.039000+00:00,3176,25061.5,-0.9608436226844788,BUY,0.009,-0.961,-5.44,+11204.54,261204.54
2026-02-18T15:55:17.992030+00:00,3177,25089.0,-0.9526442289352417,BUY,0.008,-0.953,-4.51,+11200.03,261200.03
2026-02-18T16:31:27.843127+00:00,3178,25117.25,-0.9506714344024658,BUY,0.002,-0.951,-1.11,+11198.92,261198.92
2026-02-18T16:53:01.878004+00:00,3179,25077.25,-0.9385441541671753,BUY,0.012,-0.939,+9.70,+11208.62,261208.62
2026-02-18T17:05:00.459025+00:00,3180,25097.5,-0.9324755072593689,BUY,0.006,-0.932,-2.46,+11206.16,261206.16
2026-02-18T17:12:34.338000+00:00,3181,25088.25,-0.9311441779136658,BUY,0.001,-0.931,+0.25,+11206.41,261206.41
2026-02-18T17:19:37.019001+00:00,3182,25113.25,-0.9533826112747192,SELL,0.022,-0.953,+0.00,+11206.41,261206.41
2026-02-18T17:42:07.733001+00:00,3183,25074.25,-0.9387365579605103,BUY,0.015,-0.939,+11.42,+11217.83,261217.83
2026-02-18T17:53:58.949001+00:00,3184,25109.75,-0.9449437856674194,SELL,0.006,-0.945,+0.00,+11217.83,261217.83
2026-02-18T18:11:41.374000+00:00,3185,25087.25,-0.923236072063446,BUY,0.022,-0.923,+9.77,+11227.60,261227.60
2026-02-18T18:27:16.372000+00:00,3186,25052.75,-0.9401388764381409,SELL,0.017,-0.940,+0.00,+11227.60,261227.60
2026-02-18T18:42:10.782029+00:00,3187,25036.75,-0.9370784163475037,BUY,0.003,-0.937,+0.98,+11228.58,261228.58
2026-02-18T18:52:01.837004+00:00,3188,25008.5,-0.9414516687393188,SELL,0.004,-0.941,+0.00,+11228.58,261228.58
2026-02-18T18:54:18.435000+00:00,3189,25022.0,-0.9431813955307007,SELL,0.002,-0.943,+0.00,+11228.58,261228.58
2026-02-18T19:18:01.069000+00:00,3190,24996.75,-0.9457387924194336,SELL,0.003,-0.946,+0.00,+11228.58,261228.58
2026-02-18T19:30:19.234000+00:00,3191,24983.0,-0.9437873363494873,BUY,0.002,-0.944,+0.54,+11229.11,261229.11
2026-02-18T19:36:17.115037+00:00,3192,24943.25,-0.9594313502311707,SELL,0.016,-0.959,+0.00,+11229.11,261229.11
2026-02-18T19:52:52.258005+00:00,3193,24911.5,-0.9522607326507568,BUY,0.007,-0.952,+4.55,+11233.67,261233.67
2026-02-18T19:57:25.694000+00:00,3194,24875.0,-0.9443570375442505,BUY,0.008,-0.944,+5.77,+11239.44,261239.44
2026-02-18T20:00:33.904023+00:00,3195,24902.0,-0.9347394108772278,BUY,0.010,-0.935,-5.19,+11234.24,261234.24
2026-02-18T20:10:01.176000+00:00,3196,24880.75,-0.9261041879653931,BUY,0.009,-0.926,+3.67,+11237.91,261237.91
2026-02-18T20:30:41.256000+00:00,3197,24896.0,-0.9359513521194458,SELL,0.010,-0.936,+0.00,+11237.91,261237.91
2026-02-18T20:39:33.389000+00:00,3198,24932.0,-0.9295770525932312,BUY,0.006,-0.930,-4.59,+11233.32,261233.32
2026-02-18T20:46:47.022000+00:00,3199,24963.0,-0.9284688234329224,BUY,0.001,-0.928,-0.69,+11232.64,261232.64
2026-02-18T20:54:43.918007+00:00,3200,24998.0,-0.9268553256988525,BUY,0.002,-0.927,-1.13,+11231.51,261231.51
2026-02-18T20:59:39.193002+00:00,3201,24958.0,-0.912511944770813,BUY,0.014,-0.913,+11.47,+11242.98,261242.98
2026-02-18T21:54:43.683001+00:00,3202,24927.0,-0.7900109887123108,BUY,0.123,-0.790,+75.95,+11318.93,261318.93
2026-02-18T23:03:25.004000+00:00,3203,24966.75,-0.3900688886642456,BUY,0.400,-0.390,-317.95,+11000.98,261000.98
2026-02-19T00:03:36.983001+00:00,3204,24955.0,0.46998926997184753,BUY,0.860,0.470,+91.67,+11092.65,261092.65
2026-02-19T00:23:52.476000+00:00,3205,24931.0,0.7871778607368469,BUY,0.317,0.787,+0.00,+11092.65,261092.65
2026-02-19T01:01:01.960002+00:00,3206,24956.75,0.9639453887939453,BUY,0.177,0.964,+0.00,+11092.65,261092.65
2026-02-19T01:38:02.045002+00:00,3207,24954.5,0.9924834370613098,BUY,0.029,0.992,+0.00,+11092.65,261092.65
2026-02-19T02:00:06.885001+00:00,3208,24977.75,0.9962262511253357,BUY,0.004,0.996,+0.00,+11092.65,261092.65
2026-02-19T03:26:31.091000+00:00,3209,24993.5,0.9958434700965881,SELL,0.000,0.996,+0.12,+11092.77,261092.77
2026-02-19T04:50:45.660000+00:00,3210,24959.5,0.9988078474998474,BUY,0.003,0.999,+0.00,+11092.77,261092.77
2026-02-19T05:30:57.728000+00:00,3211,24980.75,0.9995893836021423,BUY,0.001,1.000,+0.00,+11092.77,261092.77
2026-02-19T06:59:19.080001+00:00,3212,25018.0,0.9998378753662109,BUY,0.000,1.000,+0.00,+11092.77,261092.77
2026-02-19T08:20:12.637007+00:00,3213,25048.0,0.9996541142463684,SELL,0.000,1.000,+0.11,+11092.88,261092.88
2026-02-19T08:41:14.761000+00:00,3214,25013.5,0.9999021291732788,BUY,0.000,1.000,+0.00,+11092.88,261092.88
2026-02-19T08:51:17.971000+00:00,3215,24977.0,0.9999275803565979,BUY,0.000,1.000,+0.00,+11092.88,261092.88
2026-02-19T09:27:02.153000+00:00,3216,24937.5,0.9999379515647888,BUY,0.000,1.000,+0.00,+11092.88,261092.88
2026-02-19T09:36:46.284000+00:00,3217,24908.5,0.9999581575393677,BUY,0.000,1.000,+0.00,+11092.88,261092.88
2026-02-19T09:46:29.112000+00:00,3218,24878.0,0.9999659061431885,BUY,0.000,1.000,+0.00,+11092.88,261092.88
2026-02-19T09:54:34.463000+00:00,3219,24890.5,0.9999796748161316,BUY,0.000,1.000,+0.00,+11092.88,261092.88
2026-02-19T10:03:15.160000+00:00,3220,24862.25,0.9999810457229614,BUY,0.000,1.000,+0.00,+11092.88,261092.88
2026-02-19T10:12:00.491000+00:00,3221,24846.5,0.9999855756759644,BUY,0.000,1.000,+0.00,+11092.88,261092.88
2026-02-19T10:44:36.200000+00:00,3223,24865.0,0.9999877214431763,BUY,0.000,1.000,+0.00,+11092.88,261092.88
2026-02-19T11:10:58.148000+00:00,3224,24876.5,0.9999854564666748,SELL,0.000,1.000,+0.00,+11092.88,261092.88
2026-02-19T11:51:49.237000+00:00,3225,24845.75,0.999980092048645,SELL,0.000,1.000,-0.00,+11092.87,261092.87
2026-02-19T12:01:23.056003+00:00,3226,24841.0,0.9999551773071289,SELL,0.000,1.000,-0.00,+11092.87,261092.87
2026-02-19T12:05:40.431003+00:00,3227,24855.0,0.9998502731323242,SELL,0.000,1.000,+0.03,+11092.90,261092.90
2026-02-19T12:25:40.166005+00:00,3228,24886.75,0.9996904730796814,SELL,0.000,1.000,+0.10,+11093.00,261093.00
2026-02-19T13:04:20.666001+00:00,3229,24857.0,0.9993783235549927,SELL,0.000,0.999,-0.19,+11092.82,261092.82
2026-02-19T13:24:13.665000+00:00,3230,24822.25,0.9981743097305298,SELL,0.001,0.998,-0.84,+11091.98,261091.98
2026-02-19T13:30:31.930009+00:00,3231,24808.0,0.985206663608551,SELL,0.013,0.985,-3.70,+11088.28,261088.28
2026-02-19T13:34:22.398001+00:00,3232,24838.0,0.6867740750312805,SELL,0.298,0.687,+179.06,+11267.34,261267.34
2026-02-19T13:37:01.790000+00:00,3233,24876.25,-0.06680586189031601,SELL,0.754,-0.067,+525.38,+11792.73,261792.73
2026-02-19T13:45:25.480000+00:00,3234,24840.5,-0.8276934027671814,SELL,0.761,-0.828,+0.00,+11792.73,261792.73
2026-02-19T13:53:44.913000+00:00,3235,24876.0,-0.9425778985023499,SELL,0.115,-0.943,+0.00,+11792.73,261792.73
2026-02-19T14:04:11.677000+00:00,3236,24840.5,-0.9557368755340576,SELL,0.013,-0.956,+0.00,+11792.73,261792.73
2026-02-19T14:19:46.325002+00:00,3237,24868.0,-0.9653924107551575,SELL,0.010,-0.965,+0.00,+11792.73,261792.73
2026-02-19T14:27:40.016006+00:00,3238,24834.0,-0.9689956903457642,SELL,0.004,-0.969,+0.00,+11792.73,261792.73
2026-02-19T14:30:31.086001+00:00,3239,24854.0,-0.9763371348381042,SELL,0.007,-0.976,+0.00,+11792.73,261792.73
2026-02-19T14:31:05.892001+00:00,3240,24879.25,-0.980861246585846,SELL,0.005,-0.981,+0.00,+11792.73,261792.73
2026-02-19T14:31:32.948000+00:00,3241,24843.25,-0.9820280075073242,SELL,0.001,-0.982,+0.00,+11792.73,261792.73
2026-02-19T14:32:12.860014+00:00,3242,24874.75,-0.9842546582221985,SELL,0.002,-0.984,+0.00,+11792.73,261792.73
2026-02-19T14:33:02.071002+00:00,3243,24836.25,-0.9835503101348877,BUY,0.001,-0.984,+0.54,+11793.27,261793.27
2026-02-19T14:35:00.160003+00:00,3244,24826.25,-0.9801135659217834,BUY,0.003,-0.980,+0.69,+11793.96,261793.96
2026-02-19T14:35:44.229003+00:00,3245,24798.0,-0.9770669341087341,BUY,0.003,-0.977,+1.72,+11795.68,261795.68
2026-02-19T14:36:12.512062+00:00,3246,24770.25,-0.9728230237960815,BUY,0.004,-0.973,+2.36,+11798.03,261798.03
2026-02-19T14:36:51.430001+00:00,3247,24803.0,-0.9687241911888123,BUY,0.004,-0.969,-2.68,+11795.35,261795.35
2026-02-19T14:39:06.745000+00:00,3248,24825.75,-0.9678649306297302,BUY,0.001,-0.968,-0.39,+11794.96,261794.96
2026-02-19T14:40:03.276000+00:00,3249,24796.5,-0.9611209034919739,BUY,0.007,-0.961,+3.95,+11798.90,261798.90
2026-02-19T14:42:02.365001+00:00,3250,24774.25,-0.9632746577262878,SELL,0.002,-0.963,+0.00,+11798.90,261798.90
2026-02-19T14:42:49.938010+00:00,3251,24813.75,-0.9686484336853027,SELL,0.005,-0.969,+0.00,+11798.90,261798.90
2026-02-19T14:44:10.519017+00:00,3252,24840.5,-0.9742026925086975,SELL,0.006,-0.974,+0.00,+11798.90,261798.90
2026-02-19T14:45:23.068000+00:00,3253,24817.5,-0.9835578799247742,SELL,0.009,-0.984,+0.00,+11798.90,261798.90
2026-02-19T14:45:58.525007+00:00,3254,24777.5,-0.9773284792900085,BUY,0.006,-0.977,+4.98,+11803.89,261803.89
2026-02-19T14:46:52.795000+00:00,3255,24817.0,-0.977113664150238,BUY,0.000,-0.977,-0.17,+11803.72,261803.72
2026-02-19T14:48:49.783000+00:00,3256,24834.25,-0.9751492738723755,BUY,0.002,-0.975,-0.68,+11803.04,261803.04
2026-02-19T14:50:31.526000+00:00,3257,24851.75,-0.969718337059021,BUY,0.005,-0.970,-1.90,+11801.14,261801.14
2026-02-19T14:52:31.120004+00:00,3258,24869.5,-0.9588054418563843,BUY,0.011,-0.959,-3.87,+11797.26,261797.26
2026-02-19T14:55:46.887099+00:00,3259,24896.25,-0.9460768103599548,BUY,0.013,-0.946,-6.81,+11790.45,261790.45
2026-02-19T14:59:19.178005+00:00,3260,24880.0,-0.9461494088172913,SELL,0.000,-0.946,+0.00,+11790.45,261790.45
2026-02-19T15:01:25.186004+00:00,3261,24888.25,-0.9583052396774292,SELL,0.012,-0.958,+0.00,+11790.45,261790.45
2026-02-19T15:03:27.714001+00:00,3262,24925.0,-0.9694204330444336,SELL,0.011,-0.969,+0.00,+11790.45,261790.45
2026-02-19T15:04:44.393000+00:00,3263,24916.5,-0.9725176095962524,SELL,0.003,-0.973,+0.00,+11790.45,261790.45
2026-02-19T15:06:57.440001+00:00,3264,24891.25,-0.9686833024024963,BUY,0.004,-0.969,+1.94,+11792.39,261792.39
2026-02-19T15:12:38.049000+00:00,3265,24880.0,-0.9667975306510925,BUY,0.002,-0.967,+0.42,+11792.81,261792.81
2026-02-19T15:15:47.272000+00:00,3266,24902.75,-0.9647443890571594,BUY,0.002,-0.965,-0.93,+11791.88,261791.88
2026-02-19T15:18:08.748000+00:00,3267,24890.5,-0.9628588557243347,BUY,0.002,-0.963,+0.46,+11792.34,261792.34
2026-02-19T15:21:54.064004+00:00,3268,24878.75,-0.9648464918136597,SELL,0.002,-0.965,+0.00,+11792.34,261792.34
2026-02-19T15:23:03.365000+00:00,3269,24897.25,-0.9690486192703247,SELL,0.004,-0.969,+0.00,+11792.34,261792.34
2026-02-19T15:24:49.558006+00:00,3270,24921.25,-0.9709338545799255,SELL,0.002,-0.971,+0.00,+11792.34,261792.34
2026-02-19T15:26:34.074000+00:00,3271,24881.5,-0.9660179018974304,BUY,0.005,-0.966,+3.91,+11796.25,261796.25
2026-02-19T15:30:00.310009+00:00,3272,24853.75,-0.9525958299636841,BUY,0.013,-0.953,+7.45,+11803.70,261803.70
2026-02-19T15:31:05.518003+00:00,3273,24889.0,-0.944943368434906,BUY,0.008,-0.945,-5.39,+11798.30,261798.30
2026-02-19T15:32:51.427035+00:00,3274,24926.25,-0.9465811252593994,SELL,0.002,-0.947,+0.00,+11798.30,261798.30
2026-02-19T15:49:30.422017+00:00,3275,24904.5,-0.9500043988227844,SELL,0.003,-0.950,+0.00,+11798.30,261798.30
2026-02-19T15:50:55.152002+00:00,3276,24880.75,-0.9466673135757446,BUY,0.003,-0.947,+1.59,+11799.89,261799.89
2026-02-19T15:56:04.857000+00:00,3277,24902.5,-0.9547062516212463,SELL,0.008,-0.955,+0.00,+11799.89,261799.89
2026-02-19T16:03:30.836000+00:00,3278,24893.5,-0.9506908059120178,BUY,0.004,-0.951,+0.72,+11800.61,261800.61
2026-02-19T16:07:15.673000+00:00,3279,24859.0,-0.9398514628410339,BUY,0.011,-0.940,+7.48,+11808.09,261808.09
2026-02-19T16:09:13.265000+00:00,3280,24892.5,-0.9166705012321472,BUY,0.023,-0.917,-15.53,+11792.56,261792.56
2026-02-19T16:13:26.998000+00:00,3281,24913.0,-0.874310314655304,BUY,0.042,-0.874,-17.37,+11775.19,261775.19
2026-02-19T16:16:21.044000+00:00,3282,24935.75,-0.8123049736022949,BUY,0.062,-0.812,-28.21,+11746.98,261746.98
2026-02-19T16:26:29.725000+00:00,3283,24919.5,-0.7434835433959961,BUY,0.069,-0.743,+22.37,+11769.35,261769.35
2026-02-19T16:28:20.408000+00:00,3284,24891.75,-0.7090715169906616,BUY,0.034,-0.709,+19.10,+11788.45,261788.45
2026-02-19T16:32:30.324003+00:00,3285,24912.5,-0.6362349390983582,BUY,0.073,-0.636,-30.23,+11758.22,261758.22
2026-02-19T16:36:06.292000+00:00,3286,24881.0,-0.508760929107666,BUY,0.127,-0.509,+80.31,+11838.53,261838.53
2026-02-19T16:44:53.332000+00:00,3287,24861.5,-0.45969894528388977,BUY,0.049,-0.460,+19.13,+11857.66,261857.66
2026-02-19T16:49:17.351007+00:00,3288,24824.25,-0.4010983109474182,BUY,0.059,-0.401,+43.66,+11901.32,261901.32
2026-02-19T16:53:46.347000+00:00,3289,24841.25,-0.3980482518672943,BUY,0.003,-0.398,-1.04,+11900.28,261900.28
2026-02-19T17:01:33.156007+00:00,3290,24833.0,-0.44254186749458313,SELL,0.044,-0.443,+0.00,+11900.28,261900.28
2026-02-19T17:08:13.337000+00:00,3291,24850.0,-0.3776388466358185,BUY,0.065,-0.378,-22.07,+11878.21,261878.21
2026-02-19T17:17:19.605000+00:00,3292,24863.25,-0.35296085476875305,BUY,0.025,-0.353,-6.54,+11871.67,261871.67
2026-02-19T17:24:14.903001+00:00,3293,24900.75,-0.37705832719802856,SELL,0.024,-0.377,+0.00,+11871.67,261871.67
2026-02-19T17:27:22.088000+00:00,3294,24864.75,-0.5027933716773987,SELL,0.126,-0.503,+0.00,+11871.67,261871.67
2026-02-19T17:45:22.140029+00:00,3295,24831.0,-0.4403785169124603,BUY,0.062,-0.440,+42.13,+11913.80,261913.80
2026-02-19T17:48:36.742017+00:00,3296,24795.5,-0.21752488613128662,BUY,0.223,-0.218,+158.23,+12072.03,262072.03
2026-02-19T17:51:17.660054+00:00,3297,24822.5,-0.02606632001698017,BUY,0.191,-0.026,-103.39,+11968.64,261968.64
2026-02-19T17:52:49.850002+00:00,3298,24783.75,0.07987849414348602,BUY,0.106,0.080,+20.20,+11988.84,261988.84
2026-02-19T17:58:30.941062+00:00,3299,24769.75,0.1839311420917511,BUY,0.104,0.184,+0.00,+11988.84,261988.84
2026-02-19T18:07:53.154009+00:00,3300,24804.75,0.18399129807949066,BUY,0.000,0.184,+0.00,+11988.84,261988.84
2026-02-19T18:14:20.689000+00:00,3301,24830.25,-0.0706317275762558,SELL,0.255,-0.071,+93.84,+12082.68,262082.68
2026-02-19T18:17:03.066012+00:00,3302,24799.25,-0.03571895509958267,BUY,0.035,-0.036,+21.65,+12104.33,262104.33
2026-02-19T18:20:10.967000+00:00,3303,24764.5,0.2635057270526886,BUY,0.299,0.264,+24.82,+12129.15,262129.15
2026-02-19T18:25:15.146033+00:00,3304,24789.0,0.2773122191429138,BUY,0.014,0.277,+0.00,+12129.15,262129.15
2026-02-19T18:46:19.794000+00:00,3305,24805.5,-0.604248583316803,SELL,0.882,-0.604,+91.51,+12220.66,262220.66
2026-02-19T18:59:09.265011+00:00,3306,24839.25,-0.7127641439437866,SELL,0.109,-0.713,+0.00,+12220.66,262220.66
2026-02-19T19:29:30.374000+00:00,3307,24809.25,-0.6779640913009644,BUY,0.035,-0.678,+20.88,+12241.54,262241.54
2026-02-19T19:38:29.055000+00:00,3308,24785.25,-0.6026247143745422,BUY,0.075,-0.603,+36.16,+12277.71,262277.71
2026-02-19T19:55:58.947004+00:00,3309,24791.5,-0.7402810454368591,SELL,0.138,-0.740,+0.00,+12277.71,262277.71
2026-02-19T20:03:34.286000+00:00,3310,24814.25,-0.8170268535614014,SELL,0.077,-0.817,+0.00,+12277.71,262277.71
2026-02-19T20:16:20.326002+00:00,3311,24780.5,-0.7499960660934448,BUY,0.067,-0.750,+45.25,+12322.95,262322.95
2026-02-19T20:46:16.353000+00:00,3312,24817.5,-0.8110409379005432,SELL,0.061,-0.811,+0.00,+12322.95,262322.95
2026-02-19T20:59:00.612000+00:00,3313,24856.0,-0.8681305646896362,SELL,0.057,-0.868,+0.00,+12322.95,262322.95
2026-02-19T21:44:41.398000+00:00,3314,24831.5,-0.8592941164970398,BUY,0.009,-0.859,+4.33,+12327.28,262327.28
2026-02-19T23:27:03.559000+00:00,3315,24866.0,-0.8167151212692261,BUY,0.043,-0.817,-29.38,+12297.90,262297.90
2026-02-20T00:30:38.934000+00:00,3316,24897.75,-0.8108908534049988,BUY,0.006,-0.811,-3.70,+12294.20,262294.20
2026-02-20T01:13:32.362006+00:00,3317,24929.25,-0.778732180595398,BUY,0.032,-0.779,-20.26,+12273.94,262273.94
2026-02-20T01:45:12.634004+00:00,3318,24896.0,-0.7512091994285583,BUY,0.028,-0.751,+18.30,+12292.25,262292.25
2026-02-20T02:04:55.819001+00:00,3319,24932.0,-0.7205190658569336,BUY,0.031,-0.721,-22.10,+12270.15,262270.15
2026-02-20T02:13:48.738000+00:00,3320,24894.0,-0.7023950815200806,BUY,0.018,-0.702,+13.77,+12283.92,262283.92
2026-02-20T05:21:03.063000+00:00,3321,24918.0,-0.6773228645324707,BUY,0.025,-0.677,-12.03,+12271.89,262271.89
2026-02-20T06:14:55.809013+00:00,3322,24953.25,-0.697189211845398,SELL,0.020,-0.697,+0.00,+12271.89,262271.89
2026-02-20T07:53:42.275000+00:00,3323,24916.0,-0.5537425875663757,BUY,0.143,-0.554,+106.87,+12378.76,262378.76
2026-02-20T08:51:24.808000+00:00,3324,24937.25,-0.5235067009925842,BUY,0.030,-0.524,-12.85,+12365.91,262365.91
2026-02-20T09:17:15.975000+00:00,3325,24972.5,-0.5380963683128357,SELL,0.015,-0.538,+0.00,+12365.91,262365.91
2026-02-20T09:48:09.973000+00:00,3326,24944.75,-0.40274521708488464,BUY,0.135,-0.403,+75.12,+12441.03,262441.03
2026-02-20T10:57:24.750000+00:00,3327,24907.25,-0.295794814825058,BUY,0.107,-0.296,+80.21,+12521.24,262521.24
2026-02-20T11:02:39.092004+00:00,3328,24871.5,-0.3324928879737854,SELL,0.037,-0.332,+0.00,+12521.24,262521.24
2026-02-20T11:16:51.373000+00:00,3329,24880.75,-0.3107249438762665,BUY,0.022,-0.311,-4.03,+12517.21,262517.21
2026-02-20T11:48:46.162000+00:00,3330,24848.0,-0.32395854592323303,SELL,0.013,-0.324,+0.00,+12517.21,262517.21
2026-02-20T12:02:01.538000+00:00,3331,24810.0,-0.3539586067199707,SELL,0.030,-0.354,+0.00,+12517.21,262517.21
2026-02-20T12:15:11.084001+00:00,3332,24845.0,-0.3354364335536957,BUY,0.019,-0.335,-12.97,+12504.25,262504.25
2026-02-20T12:20:09.077000+00:00,3333,24809.5,0.044995151460170746,BUY,0.380,0.045,+238.16,+12742.41,262742.41
2026-02-20T12:59:58.366004+00:00,3334,24831.0,0.8259122371673584,BUY,0.781,0.826,+0.00,+12742.41,262742.41
2026-02-20T13:29:04.821000+00:00,3335,24856.0,0.956281304359436,BUY,0.130,0.956,+0.00,+12742.41,262742.41
2026-02-20T13:30:16.912015+00:00,3336,24824.0,0.9836637377738953,BUY,0.027,0.984,+0.00,+12742.41,262742.41
2026-02-20T13:31:39.709000+00:00,3337,24797.75,0.9913715124130249,BUY,0.008,0.991,+0.00,+12742.41,262742.41
2026-02-20T13:33:09.162010+00:00,3338,24759.0,0.9954909086227417,BUY,0.004,0.995,+0.00,+12742.41,262742.41
2026-02-20T13:40:17.749001+00:00,3339,24754.5,0.9948975443840027,SELL,0.001,0.995,-0.05,+12742.35,262742.35
2026-02-20T13:59:18.885002+00:00,3340,24762.5,0.9941819310188293,SELL,0.001,0.994,+0.11,+12742.47,262742.47
2026-02-20T14:12:03.726000+00:00,3341,24744.0,0.9948941469192505,BUY,0.001,0.995,+0.00,+12742.47,262742.47
2026-02-20T14:15:57.495016+00:00,3342,24712.5,0.9937518239021301,SELL,0.001,0.994,-0.72,+12741.75,262741.75
2026-02-20T14:30:13.280015+00:00,3343,24694.5,0.994594395160675,BUY,0.001,0.995,+0.00,+12741.75,262741.75
2026-02-20T14:30:33.240000+00:00,3344,24718.5,0.9947912693023682,BUY,0.000,0.995,+0.00,+12741.75,262741.75
2026-02-20T14:31:47.912030+00:00,3345,24753.0,0.9940068125724792,SELL,0.001,0.994,+0.54,+12742.29,262742.29
2026-02-20T14:32:12.411001+00:00,3346,24777.0,0.9938690662384033,SELL,0.000,0.994,+0.07,+12742.36,262742.36
2026-02-20T14:33:22.117040+00:00,3347,24804.75,0.9938067197799683,SELL,0.000,0.994,+0.03,+12742.39,262742.39
2026-02-20T14:35:19.509000+00:00,3348,24832.75,0.9914136528968811,SELL,0.002,0.991,+1.34,+12743.73,262743.73
2026-02-20T14:36:27.824003+00:00,3349,24863.5,0.9922083616256714,BUY,0.001,0.992,+0.00,+12743.73,262743.73
2026-02-20T14:37:26.276018+00:00,3350,24891.0,0.9914870262145996,SELL,0.001,0.991,+0.40,+12744.13,262744.13
2026-02-20T14:38:10.414014+00:00,3351,24852.5,0.9947010278701782,BUY,0.003,0.995,+0.00,+12744.13,262744.13
2026-02-20T14:39:17.169026+00:00,3352,24838.75,0.9940332770347595,SELL,0.001,0.994,-0.18,+12743.94,262743.94
2026-02-20T14:40:13.705066+00:00,3353,24864.0,0.9946041703224182,BUY,0.001,0.995,+0.00,+12743.94,262743.94
2026-02-20T14:42:09.106004+00:00,3354,24899.0,0.9887865781784058,SELL,0.006,0.989,+4.07,+12748.02,262748.02
2026-02-20T14:42:46.329000+00:00,3355,24939.0,0.9772616028785706,SELL,0.012,0.977,+9.22,+12757.24,262757.24
2026-02-20T14:43:46.464004+00:00,3356,24908.5,0.9794846773147583,BUY,0.002,0.979,+0.00,+12757.24,262757.24
2026-02-20T14:46:05.091057+00:00,3357,24945.25,0.9369133710861206,SELL,0.043,0.937,+31.29,+12788.53,262788.53
2026-02-20T14:47:47.792001+00:00,3358,24917.5,0.7388919591903687,SELL,0.198,0.739,-109.90,+12678.62,262678.62
2026-02-20T14:50:06.606007+00:00,3359,24883.75,0.277228981256485,SELL,0.462,0.277,-311.62,+12367.00,262367.00
2026-02-20T14:51:21.102007+00:00,3360,24854.75,-0.04288235679268837,SELL,0.320,-0.043,-160.79,+12206.21,262206.21
2026-02-20T14:53:19.811000+00:00,3361,24892.0,-0.42849001288414,SELL,0.386,-0.428,+0.00,+12206.21,262206.21
2026-02-20T14:57:29.745000+00:00,3362,24854.25,-0.46099182963371277,SELL,0.033,-0.461,+0.00,+12206.21,262206.21
2026-02-20T14:59:29.793031+00:00,3363,24894.0,-0.6040068864822388,SELL,0.143,-0.604,+0.00,+12206.21,262206.21
2026-02-20T14:59:54.418113+00:00,3364,24866.5,-0.7023176550865173,SELL,0.098,-0.702,+0.00,+12206.21,262206.21
2026-02-20T14:59:57.436000+00:00,3365,24895.25,-0.7944717407226562,SELL,0.092,-0.794,+0.00,+12206.21,262206.21
2026-02-20T15:00:21.306000+00:00,3366,24913.0,-0.7728853821754456,BUY,0.022,-0.773,-7.66,+12198.55,262198.55
2026-02-20T15:01:10.976254+00:00,3367,24941.75,-0.8305284380912781,SELL,0.058,-0.831,+0.00,+12198.55,262198.55
2026-02-20T15:01:11.369003+00:00,3368,24975.0,-0.7967831492424011,BUY,0.034,-0.797,-22.44,+12176.11,262176.11
2026-02-20T15:01:13.299000+00:00,3369,25002.25,-0.7433963418006897,BUY,0.053,-0.743,-29.10,+12147.01,262147.01
2026-02-20T15:01:15.313000+00:00,3370,25041.25,-0.6552219986915588,BUY,0.088,-0.655,-68.78,+12078.23,262078.23
2026-02-20T15:01:24.137000+00:00,3371,25045.75,-0.5845021605491638,BUY,0.071,-0.585,-6.36,+12071.87,262071.87
2026-02-20T15:01:42.597008+00:00,3372,25048.5,-0.5624381303787231,BUY,0.022,-0.562,-1.21,+12070.66,262070.66
2026-02-20T15:02:04.222000+00:00,3373,25082.75,-0.6204324960708618,SELL,0.058,-0.620,+0.00,+12070.66,262070.66
2026-02-20T15:02:18.129001+00:00,3374,25043.0,-0.3520919680595398,BUY,0.268,-0.352,+213.33,+12283.99,262283.99
2026-02-20T15:02:32.888000+00:00,3375,25018.25,-0.13290011882781982,BUY,0.219,-0.133,+108.50,+12392.49,262392.49
2026-02-20T15:02:51.777000+00:00,3376,24992.75,-0.15859372913837433,SELL,0.026,-0.159,+0.00,+12392.49,262392.49
2026-02-20T15:03:38.306000+00:00,3377,24968.0,-0.1531015932559967,BUY,0.005,-0.153,+2.72,+12395.20,262395.20
2026-02-20T15:04:10.714030+00:00,3378,24985.75,-0.06649888306856155,BUY,0.087,-0.066,-30.74,+12364.46,262364.46
2026-02-20T15:04:43.855000+00:00,3379,24965.75,0.21626214683055878,BUY,0.283,0.216,+26.60,+12391.06,262391.06
2026-02-20T15:05:11.921002+00:00,3380,24938.0,0.5771274566650391,BUY,0.361,0.577,+0.00,+12391.06,262391.06
2026-02-20T15:05:20.746000+00:00,3381,24905.75,0.7391717433929443,BUY,0.162,0.739,+0.00,+12391.06,262391.06
2026-02-20T15:05:41.984002+00:00,3382,24921.0,0.9367077350616455,BUY,0.198,0.937,+0.00,+12391.06,262391.06
2026-02-20T15:06:12.450000+00:00,3383,24927.5,0.9844549298286438,BUY,0.048,0.984,+0.00,+12391.06,262391.06
2026-02-20T15:06:52.225001+00:00,3384,24892.5,0.9944075345993042,BUY,0.010,0.994,+0.00,+12391.06,262391.06
2026-02-20T15:07:23.929003+00:00,3385,24898.5,0.9974312782287598,BUY,0.003,0.997,+0.00,+12391.06,262391.06
2026-02-20T15:08:12.814000+00:00,3386,24929.5,0.9984795451164246,BUY,0.001,0.998,+0.00,+12391.06,262391.06
2026-02-20T15:08:41.776002+00:00,3387,24950.0,0.9987198710441589,BUY,0.000,0.999,+0.00,+12391.06,262391.06
2026-02-20T15:09:32.183000+00:00,3388,24942.5,0.9988583922386169,BUY,0.000,0.999,+0.00,+12391.06,262391.06
2026-02-20T15:10:00.004000+00:00,3389,24982.0,0.9986757636070251,SELL,0.000,0.999,+0.14,+12391.20,262391.20
2026-02-20T15:10:24.061000+00:00,3390,25012.25,0.9982749819755554,SELL,0.000,0.998,+0.24,+12391.45,262391.45
2026-02-20T15:11:54.013001+00:00,3391,24987.0,0.9975199699401855,SELL,0.001,0.998,-0.38,+12391.07,262391.07
2026-02-20T15:13:28.236003+00:00,3392,24957.0,0.997005820274353,SELL,0.001,0.997,-0.31,+12390.76,262390.76
2026-02-20T15:15:02.192000+00:00,3393,24923.0,0.9956541061401367,SELL,0.001,0.996,-0.92,+12389.84,262389.84
2026-02-20T15:16:05.363001+00:00,3394,24904.5,0.9953700304031372,SELL,0.000,0.995,-0.11,+12389.73,262389.73
2026-02-20T15:16:50.533000+00:00,3395,24864.75,0.9944080710411072,SELL,0.001,0.994,-0.76,+12388.97,262388.97
2026-02-20T15:17:17.071000+00:00,3396,24901.25,0.9921923279762268,SELL,0.002,0.992,+1.62,+12390.59,262390.59
2026-02-20T15:17:43.779000+00:00,3397,24939.25,0.9878809452056885,SELL,0.004,0.988,+3.28,+12393.86,262393.86
2026-02-20T15:18:54.030000+00:00,3398,24976.25,0.9808120131492615,SELL,0.007,0.981,+5.23,+12399.09,262399.09
2026-02-20T15:19:32.449000+00:00,3399,24959.5,0.9558843374252319,SELL,0.025,0.956,-8.35,+12390.74,262390.74
2026-02-20T15:21:31.702007+00:00,3400,24996.75,0.887201726436615,SELL,0.069,0.887,+51.17,+12441.91,262441.91
2026-02-20T15:22:49.831007+00:00,3401,25028.5,0.5153550505638123,SELL,0.372,0.515,+236.12,+12678.03,262678.03
2026-02-20T15:24:53.597000+00:00,3402,24992.5,0.05757066607475281,SELL,0.458,0.058,-329.60,+12348.43,262348.43
2026-02-20T15:26:34.443002+00:00,3403,25020.0,-0.167011097073555,SELL,0.225,-0.167,+31.66,+12380.09,262380.09
2026-02-20T15:27:45.810001+00:00,3404,24997.75,-0.15461264550685883,BUY,0.012,-0.155,+5.52,+12385.61,262385.61
2026-02-20T15:28:33.403006+00:00,3405,24973.75,-0.14211679995059967,BUY,0.012,-0.142,+6.00,+12391.61,262391.61
2026-02-20T15:30:50.786002+00:00,3406,24953.0,-0.12594275176525116,BUY,0.016,-0.126,+6.71,+12398.32,262398.32
2026-02-20T15:31:49.476014+00:00,3407,24989.75,-0.21545402705669403,SELL,0.090,-0.215,+0.00,+12398.32,262398.32
2026-02-20T15:32:14.660000+00:00,3408,24956.0,-0.18880891799926758,BUY,0.027,-0.189,+17.99,+12416.31,262416.31
2026-02-20T15:33:26.031000+00:00,3409,24925.5,-0.20021770894527435,SELL,0.011,-0.200,+0.00,+12416.31,262416.31
2026-02-20T15:34:39.677000+00:00,3410,24948.0,-0.21357609331607819,SELL,0.013,-0.214,+0.00,+12416.31,262416.31
2026-02-20T15:36:34.124008+00:00,3411,24963.75,-0.36242228746414185,SELL,0.149,-0.362,+0.00,+12416.31,262416.31
2026-02-20T15:39:05.269000+00:00,3412,24999.75,-0.46978044509887695,SELL,0.107,-0.470,+0.00,+12416.31,262416.31
2026-02-20T15:40:39.756000+00:00,3413,24976.0,-0.4561568796634674,BUY,0.014,-0.456,+6.47,+12422.78,262422.78
2026-02-20T15:41:22.718000+00:00,3414,24992.0,-0.49994105100631714,SELL,0.044,-0.500,+0.00,+12422.78,262422.78
2026-02-20T15:43:31.001000+00:00,3415,25028.5,-0.6664581298828125,SELL,0.167,-0.666,+0.00,+12422.78,262422.78
2026-02-20T15:44:57.631070+00:00,3416,25062.5,-0.826521098613739,SELL,0.160,-0.827,+0.00,+12422.78,262422.78
2026-02-20T15:46:26.354002+00:00,3417,25031.5,-0.8083478212356567,BUY,0.018,-0.808,+11.27,+12434.04,262434.04
2026-02-20T15:47:14.859000+00:00,3418,25066.0,-0.8396032452583313,SELL,0.031,-0.840,+0.00,+12434.04,262434.04
2026-02-20T15:48:57.659104+00:00,3419,25085.75,-0.8522468209266663,SELL,0.013,-0.852,+0.00,+12434.04,262434.04
2026-02-20T15:50:48.221007+00:00,3420,25057.75,-0.843015193939209,BUY,0.009,-0.843,+5.17,+12439.21,262439.21
2026-02-20T15:52:09.423000+00:00,3421,25095.5,-0.8631259799003601,SELL,0.020,-0.863,+0.00,+12439.21,262439.21
2026-02-20T16:02:04.023019+00:00,3422,25131.0,-0.8845940232276917,SELL,0.021,-0.885,+0.00,+12439.21,262439.21
2026-02-20T16:05:56.633000+00:00,3423,25099.5,-0.8812921643257141,BUY,0.003,-0.881,+2.08,+12441.29,262441.29
2026-02-20T16:14:25.179002+00:00,3424,25085.0,-0.8835151195526123,SELL,0.002,-0.884,+0.00,+12441.29,262441.29
2026-02-20T16:15:55.953015+00:00,3425,25046.75,-0.9010079503059387,SELL,0.017,-0.901,+0.00,+12441.29,262441.29
2026-02-20T16:20:21.408000+00:00,3426,25017.25,-0.8885312676429749,BUY,0.012,-0.889,+7.36,+12448.66,262448.66
2026-02-20T16:25:06.984002+00:00,3427,24993.5,-0.8166822791099548,BUY,0.072,-0.817,+34.13,+12482.78,262482.78
2026-02-20T16:29:47.624001+00:00,3428,24978.0,-0.7601118683815002,BUY,0.057,-0.760,+17.54,+12500.32,262500.32
2026-02-20T16:32:20.366045+00:00,3429,25007.25,-0.7195550203323364,BUY,0.041,-0.720,-23.73,+12476.59,262476.59
2026-02-20T16:33:20.477000+00:00,3430,25043.5,-0.6336250305175781,BUY,0.086,-0.634,-62.30,+12414.30,262414.30
2026-02-20T16:38:19.952001+00:00,3431,25054.25,-0.5115119218826294,BUY,0.122,-0.512,-26.25,+12388.04,262388.04
2026-02-20T16:42:44.819000+00:00,3432,25089.0,-0.496662437915802,BUY,0.015,-0.497,-10.32,+12377.72,262377.72
2026-02-20T16:48:00.692000+00:00,3433,25121.0,-0.4121319055557251,BUY,0.085,-0.412,-54.10,+12323.62,262323.62
2026-02-20T16:59:54.207001+00:00,3434,25090.5,-0.4280552268028259,SELL,0.016,-0.428,+0.00,+12323.62,262323.62
2026-02-20T17:04:00.998001+00:00,3435,25069.25,-0.39637431502342224,BUY,0.032,-0.396,+13.46,+12337.09,262337.09
2026-02-20T17:09:22.100002+00:00,3436,25040.0,-0.3065115809440613,BUY,0.090,-0.307,+52.57,+12389.66,262389.66
2026-02-20T17:11:03.019000+00:00,3437,25003.75,-0.20572319626808167,BUY,0.101,-0.206,+73.07,+12462.73,262462.73
2026-02-20T17:14:51.202000+00:00,3438,24981.0,-0.184719979763031,BUY,0.021,-0.185,+9.56,+12472.28,262472.28
2026-02-20T17:15:41.116000+00:00,3439,24948.5,-0.3020317852497101,SELL,0.117,-0.302,+0.00,+12472.28,262472.28
2026-02-20T17:19:13.453006+00:00,3440,24925.5,-0.21723969280719757,BUY,0.085,-0.217,+39.00,+12511.29,262511.29
2026-02-20T17:22:01.469000+00:00,3441,24900.75,-0.08674192428588867,BUY,0.130,-0.087,+64.60,+12575.88,262575.88
2026-02-20T17:24:57.347007+00:00,3442,24884.25,0.6175487637519836,BUY,0.704,0.618,+28.62,+12604.51,262604.51
2026-02-20T17:27:20.874036+00:00,3443,24919.25,0.892781138420105,BUY,0.275,0.893,+0.00,+12604.51,262604.51
2026-02-20T17:30:05.826001+00:00,3444,24934.5,0.9801573753356934,BUY,0.087,0.980,+0.00,+12604.51,262604.51
2026-02-20T17:33:42.033000+00:00,3445,24964.5,0.991446316242218,BUY,0.011,0.991,+0.00,+12604.51,262604.51
2026-02-20T17:36:11.438003+00:00,3446,24932.75,0.9971358180046082,BUY,0.006,0.997,+0.00,+12604.51,262604.51
2026-02-20T17:37:46.994162+00:00,3447,24952.0,0.998660683631897,BUY,0.002,0.999,+0.00,+12604.51,262604.51
2026-02-20T17:40:13.552000+00:00,3448,24968.0,0.9992683529853821,BUY,0.001,0.999,+0.00,+12604.51,262604.51
2026-02-20T17:43:18.589007+00:00,3449,24931.0,0.9996684193611145,BUY,0.000,1.000,+0.00,+12604.51,262604.51
2026-02-20T17:45:11.041001+00:00,3450,24969.75,0.9997875690460205,BUY,0.000,1.000,+0.00,+12604.51,262604.51
2026-02-20T17:47:44.845029+00:00,3451,24962.0,0.9998796582221985,BUY,0.000,1.000,+0.00,+12604.51,262604.51
2026-02-20T17:48:59.474000+00:00,3452,24981.25,0.9998541474342346,SELL,0.000,1.000,+0.01,+12604.52,262604.52
2026-02-20T17:51:44.466000+00:00,3453,25012.25,0.9998396039009094,SELL,0.000,1.000,+0.01,+12604.53,262604.53
2026-02-20T17:55:08.777001+00:00,3454,25000.5,0.9998005032539368,SELL,0.000,1.000,-0.01,+12604.52,262604.52
2026-02-20T17:55:09.404004+00:00,3455,24966.75,0.9998782277107239,BUY,0.000,1.000,+0.00,+12604.52,262604.52
2026-02-20T17:59:14.960000+00:00,3457,25041.5,0.9998579025268555,SELL,0.000,1.000,+0.03,+12604.55,262604.55
2026-02-20T18:03:43.088074+00:00,3458,25005.5,0.9997804164886475,SELL,0.000,1.000,-0.06,+12604.49,262604.49
2026-02-20T18:07:24.267058+00:00,3459,25040.25,0.9996241331100464,SELL,0.000,1.000,+0.11,+12604.60,262604.60
2026-02-20T18:11:23.861000+00:00,3460,25002.75,0.9995889067649841,SELL,0.000,1.000,-0.03,+12604.58,262604.58
2026-02-20T18:15:28.477000+00:00,3461,24975.75,0.9992850422859192,SELL,0.000,0.999,-0.16,+12604.41,262604.41
2026-02-20T18:20:43.035000+00:00,3462,24955.0,0.9992285370826721,SELL,0.000,0.999,-0.02,+12604.39,262604.39
2026-02-20T18:23:02.617000+00:00,3463,24984.0,0.9986111521720886,SELL,0.001,0.999,+0.36,+12604.75,262604.75
2026-02-20T18:23:55.741035+00:00,3464,24958.25,0.9960435032844543,SELL,0.003,0.996,-1.32,+12603.42,262603.42
2026-02-20T18:24:30.926000+00:00,3465,24970.0,0.9917687773704529,SELL,0.004,0.992,+1.00,+12604.43,262604.43
2026-02-20T18:27:34.692008+00:00,3466,24948.5,0.9786025881767273,SELL,0.013,0.979,-5.66,+12598.77,262598.77
2026-02-20T18:29:07.950001+00:00,3467,24984.25,0.8563428521156311,SELL,0.122,0.856,+87.42,+12686.18,262686.18
2026-02-20T18:30:06.737002+00:00,3468,24947.0,0.5735263228416443,SELL,0.283,0.574,-210.70,+12475.48,262475.48
2026-02-20T18:30:24.367000+00:00,3469,24968.0,-0.382122665643692,SELL,0.956,-0.382,+240.88,+12716.37,262716.37
2026-02-20T18:31:40.270000+00:00,3470,25000.0,-0.7766650319099426,SELL,0.395,-0.777,+0.00,+12716.37,262716.37
2026-02-20T18:33:25.894006+00:00,3471,25038.5,-0.8867740631103516,SELL,0.110,-0.887,+0.00,+12716.37,262716.37
2026-02-20T18:34:48.629002+00:00,3472,25026.25,-0.9070961475372314,SELL,0.020,-0.907,+0.00,+12716.37,262716.37
2026-02-20T18:35:17.074000+00:00,3473,24998.0,-0.9265475869178772,SELL,0.019,-0.927,+0.00,+12716.37,262716.37
2026-02-20T18:35:42.727006+00:00,3474,24972.0,-0.9326626658439636,SELL,0.006,-0.933,+0.00,+12716.37,262716.37
2026-02-20T18:36:13.314000+00:00,3475,25006.0,-0.950184166431427,SELL,0.018,-0.950,+0.00,+12716.37,262716.37
2026-02-20T18:36:45.592000+00:00,3476,25030.75,-0.9667972922325134,SELL,0.017,-0.967,+0.00,+12716.37,262716.37
2026-02-20T18:39:48.311033+00:00,3477,25016.0,-0.9740720391273499,SELL,0.007,-0.974,+0.00,+12716.37,262716.37
2026-02-20T18:40:38.648002+00:00,3478,25048.0,-0.9803483486175537,SELL,0.006,-0.980,+0.00,+12716.37,262716.37
2026-02-20T18:43:22.615045+00:00,3479,25036.25,-0.9843800067901611,SELL,0.004,-0.984,+0.00,+12716.37,262716.37
2026-02-20T18:44:40.461000+00:00,3480,25072.0,-0.9885531663894653,SELL,0.004,-0.989,+0.00,+12716.37,262716.37
2026-02-20T18:45:56.100000+00:00,3481,25109.0,-0.9913421869277954,SELL,0.003,-0.991,+0.00,+12716.37,262716.37
2026-02-20T18:50:01.250000+00:00,3482,25082.0,-0.9930926561355591,SELL,0.002,-0.993,+0.00,+12716.37,262716.37
2026-02-20T18:50:13.095000+00:00,3483,25052.25,-0.9937840104103088,SELL,0.001,-0.994,+0.00,+12716.37,262716.37
2026-02-20T18:52:06.742005+00:00,3484,25087.5,-0.9954962134361267,SELL,0.002,-0.995,+0.00,+12716.37,262716.37
2026-02-20T19:03:46.639000+00:00,3485,25118.0,-0.99640291929245,SELL,0.001,-0.996,+0.00,+12716.37,262716.37
2026-02-20T19:06:16.877001+00:00,3486,25078.5,-0.9951460361480713,BUY,0.001,-0.995,+0.99,+12717.36,262717.36
2026-02-20T19:16:15.672000+00:00,3487,25053.25,-0.9949190616607666,BUY,0.000,-0.995,+0.11,+12717.47,262717.47
2026-02-20T19:28:06.521003+00:00,3488,25045.5,-0.9947498440742493,BUY,0.000,-0.995,+0.03,+12717.50,262717.50
2026-02-20T19:32:45.138000+00:00,3489,25077.5,-0.9933574199676514,BUY,0.001,-0.993,-0.89,+12716.61,262716.61
2026-02-20T19:43:52.334000+00:00,3490,25037.5,-0.9929684996604919,BUY,0.000,-0.993,+0.31,+12716.92,262716.92
2026-02-20T19:59:31.507000+00:00,3491,25023.75,-0.9880738258361816,BUY,0.005,-0.988,+1.35,+12718.26,262718.26
2026-02-20T20:05:32.930000+00:00,3492,25056.0,-0.9859597682952881,BUY,0.002,-0.986,-1.36,+12716.90,262716.90
2026-02-20T20:21:23.181001+00:00,3493,25037.0,-0.9815581440925598,BUY,0.004,-0.982,+1.67,+12718.57,262718.57
2026-02-20T20:41:33.372000+00:00,3494,25054.25,-0.9793727993965149,BUY,0.002,-0.979,-0.75,+12717.82,262717.82
2026-02-20T20:59:57.716000+00:00,3495,25075.0,-0.9761387705802917,BUY,0.003,-0.976,-1.34,+12716.48,262716.48
2026-02-22T23:00:00+00:00,3496,25035.0,-0.9703017473220825,BUY,0.006,-0.970,+4.67,+12721.15,262721.15
2026-02-22T23:00:46.978002+00:00,3497,25057.0,-0.9536440968513489,BUY,0.017,-0.954,-7.33,+12713.82,262713.82
2026-02-22T23:20:57.456000+00:00,3498,25019.5,-0.9325780868530273,BUY,0.021,-0.933,+15.80,+12729.62,262729.62
2026-02-22T23:25:14.316000+00:00,3499,24994.5,-0.9052675366401672,BUY,0.027,-0.905,+13.66,+12743.27,262743.27
2026-02-22T23:27:26.417000+00:00,3500,24969.75,-0.8741486072540283,BUY,0.031,-0.874,+15.40,+12758.68,262758.68
2026-02-22T23:41:38.103004+00:00,3501,24950.0,-0.8502634167671204,BUY,0.024,-0.850,+9.43,+12768.11,262768.11
2026-02-22T23:49:53.185063+00:00,3502,24976.5,-0.8414615392684937,BUY,0.009,-0.841,-4.66,+12763.45,262763.45
2026-02-23T00:04:22.984001+00:00,3503,24943.0,-0.8077859878540039,BUY,0.034,-0.808,+22.56,+12786.01,262786.01
2026-02-23T00:20:48.529000+00:00,3504,24910.25,-0.7885984778404236,BUY,0.019,-0.789,+12.57,+12798.58,262798.58
2026-02-23T00:39:36.926038+00:00,3505,24878.75,-0.7346674799919128,BUY,0.054,-0.735,+33.98,+12832.55,262832.55
2026-02-23T00:57:33.078000+00:00,3506,24862.0,-0.5590529441833496,BUY,0.176,-0.559,+58.83,+12891.38,262891.38
2026-02-23T01:21:54.704000+00:00,3507,24879.25,-0.11621108651161194,BUY,0.443,-0.116,-152.78,+12738.60,262738.60
2026-02-23T01:33:55.045000+00:00,3508,24842.25,0.32426244020462036,BUY,0.440,0.324,+86.00,+12824.60,262824.60
2026-02-23T01:54:38.682000+00:00,3509,24841.75,0.6244710087776184,BUY,0.300,0.624,+0.00,+12824.60,262824.60
2026-02-23T02:11:34.136000+00:00,3510,24821.5,0.7606690526008606,BUY,0.136,0.761,+0.00,+12824.60,262824.60
2026-02-23T03:01:50.452035+00:00,3511,24848.0,0.7042104601860046,SELL,0.056,0.704,+29.92,+12854.52,262854.52
2026-02-23T03:24:55.966002+00:00,3512,24823.5,0.46782636642456055,SELL,0.236,0.468,-115.83,+12738.69,262738.69
2026-02-23T04:41:56.540000+00:00,3513,24813.0,0.45285674929618835,SELL,0.015,0.453,-3.14,+12735.55,262735.55
2026-02-23T06:11:31.577005+00:00,3514,24847.25,0.4166344106197357,SELL,0.036,0.417,+24.81,+12760.36,262760.36
2026-02-23T07:01:53.565000+00:00,3515,24881.0,0.22818291187286377,SELL,0.188,0.228,+127.20,+12887.57,262887.57
2026-02-23T08:48:41.320001+00:00,3516,24917.5,-0.06738094985485077,SELL,0.296,-0.067,+166.57,+13054.14,263054.14
2026-02-23T09:03:46.695000+00:00,3517,24955.5,-0.24252846837043762,SELL,0.175,-0.243,+0.00,+13054.14,263054.14
2026-02-23T09:11:00.442100+00:00,3518,24994.0,-0.5126423835754395,SELL,0.270,-0.513,+0.00,+13054.14,263054.14
2026-02-23T10:26:13.091000+00:00,3519,24964.0,-0.6136047840118408,SELL,0.101,-0.614,+0.00,+13054.14,263054.14
2026-02-23T10:41:11.608000+00:00,3520,24985.0,-0.7426307797431946,SELL,0.129,-0.743,+0.00,+13054.14,263054.14
2026-02-23T11:41:01.110000+00:00,3521,24947.0,-0.7295911312103271,BUY,0.013,-0.730,+9.91,+13064.05,263064.05
2026-02-23T11:55:28.119001+00:00,3522,24914.25,-0.2693691849708557,BUY,0.460,-0.269,+301.45,+13365.50,263365.50
2026-02-23T12:19:24.732002+00:00,3523,24903.5,0.4077209532260895,BUY,0.677,0.408,+57.91,+13423.41,263423.41
2026-02-23T12:44:58.566007+00:00,3524,24923.75,0.6275049448013306,BUY,0.220,0.628,+0.00,+13423.41,263423.41
2026-02-23T13:09:12.850002+00:00,3525,24927.25,0.7864139080047607,BUY,0.159,0.786,+0.00,+13423.41,263423.41
2026-02-23T13:44:56.755000+00:00,3526,24950.0,0.7745733857154846,SELL,0.012,0.775,+5.39,+13428.80,263428.80
2026-02-23T14:26:15.626000+00:00,3527,24966.5,0.8351159691810608,BUY,0.061,0.835,+0.00,+13428.80,263428.80
2026-02-23T14:30:06.775001+00:00,3528,24996.0,0.599346935749054,SELL,0.236,0.599,+139.10,+13567.90,263567.90
2026-02-23T14:30:32.524000+00:00,3529,25029.25,0.3106275200843811,SELL,0.289,0.311,+192.00,+13759.90,263759.90
2026-02-23T14:31:06.483000+00:00,3530,24996.5,0.3575740158557892,BUY,0.047,0.358,+0.00,+13759.90,263759.90
2026-02-23T14:31:54.179004+00:00,3531,24971.25,0.5372431874275208,BUY,0.180,0.537,+0.00,+13759.90,263759.90
2026-02-23T14:32:22.534000+00:00,3532,25010.5,0.6282117366790771,BUY,0.091,0.628,+0.00,+13759.90,263759.90
2026-02-23T14:33:52.084000+00:00,3533,25000.0,0.7143476605415344,BUY,0.086,0.714,+0.00,+13759.90,263759.90
2026-02-23T14:35:15.631000+00:00,3534,24993.5,0.6410641074180603,SELL,0.073,0.641,-9.53,+13750.37,263750.37
2026-02-23T14:36:14.193001+00:00,3535,24973.5,0.5288559198379517,SELL,0.112,0.529,-44.88,+13705.49,263705.49
2026-02-23T14:37:54.119000+00:00,3536,25005.0,-0.24373088777065277,SELL,0.773,-0.244,+333.18,+14038.67,264038.67
2026-02-23T14:39:30.254000+00:00,3537,24990.0,-0.6893534660339355,SELL,0.446,-0.689,+0.00,+14038.67,264038.67
2026-02-23T14:40:33.910007+00:00,3538,24962.25,-0.8214113712310791,SELL,0.132,-0.821,+0.00,+14038.67,264038.67
2026-02-23T14:41:00.728000+00:00,3539,24924.75,-0.6583032011985779,BUY,0.163,-0.658,+122.33,+14161.00,264161.00
2026-02-23T14:42:02.448000+00:00,3540,24899.75,-0.32215091586112976,BUY,0.336,-0.322,+168.08,+14329.08,264329.08
2026-02-23T14:45:00.531001+00:00,3541,24876.25,-0.0251577477902174,BUY,0.297,-0.025,+139.59,+14468.66,264468.66
2026-02-23T14:46:45.441005+00:00,3542,24897.75,0.12245083600282669,BUY,0.148,0.122,-10.82,+14457.85,264457.85
2026-02-23T14:50:25.530006+00:00,3543,24923.75,-0.03690958023071289,SELL,0.159,-0.037,+63.67,+14521.52,264521.52
2026-02-23T14:50:57.414002+00:00,3544,24950.75,-0.17372910678386688,SELL,0.137,-0.174,+0.00,+14521.52,264521.52
2026-02-23T14:52:31.208000+00:00,3545,24925.0,0.4271615743637085,BUY,0.601,0.427,+89.47,+14610.99,264610.99
2026-02-23T14:55:27.386010+00:00,3546,24905.0,-0.41274604201316833,SELL,0.840,-0.413,-170.86,+14440.13,264440.13
2026-02-23T14:57:13.752000+00:00,3547,24942.0,-0.8702034950256348,SELL,0.457,-0.870,+0.00,+14440.13,264440.13
2026-02-23T14:58:43.062000+00:00,3548,24903.75,-0.9211360216140747,SELL,0.051,-0.921,+0.00,+14440.13,264440.13
2026-02-23T15:01:12.659001+00:00,3549,24930.75,-0.9417016506195068,SELL,0.021,-0.942,+0.00,+14440.13,264440.13
2026-02-23T15:03:00.642001+00:00,3550,24912.25,-0.9574423432350159,SELL,0.016,-0.957,+0.00,+14440.13,264440.13
2026-02-23T15:04:12.018260+00:00,3551,24896.25,-0.9676005244255066,SELL,0.010,-0.968,+0.00,+14440.13,264440.13
2026-02-23T15:04:24.052003+00:00,3552,24868.0,-0.9656189680099487,BUY,0.002,-0.966,+1.12,+14441.25,264441.25
2026-02-23T15:06:47.457000+00:00,3553,24886.75,-0.972443699836731,SELL,0.007,-0.972,+0.00,+14441.25,264441.25
2026-02-23T15:09:20.609000+00:00,3554,24852.25,-0.9692316055297852,BUY,0.003,-0.969,+2.22,+14443.46,264443.46
2026-02-23T15:10:14.380040+00:00,3555,24880.5,-0.9741983413696289,SELL,0.005,-0.974,+0.00,+14443.46,264443.46
2026-02-23T15:13:49.350002+00:00,3556,24861.75,-0.968277096748352,BUY,0.006,-0.968,+2.22,+14445.68,264445.68
2026-02-23T15:18:57.527001+00:00,3557,24897.5,-0.9698737859725952,SELL,0.002,-0.970,+0.00,+14445.68,264445.68
2026-02-23T15:21:10.555013+00:00,3558,24919.75,-0.963493287563324,BUY,0.006,-0.963,-2.84,+14442.84,264442.84
2026-02-23T15:23:09.744000+00:00,3559,24890.0,-0.9569311738014221,BUY,0.007,-0.957,+3.90,+14446.75,264446.75
2026-02-23T15:27:41.052038+00:00,3560,24876.25,-0.9621673822402954,SELL,0.005,-0.962,+0.00,+14446.75,264446.75
2026-02-23T15:33:16.930011+00:00,3561,24894.25,-0.9714459180831909,SELL,0.009,-0.971,+0.00,+14446.75,264446.75
2026-02-23T15:34:33.496000+00:00,3562,24860.5,-0.9698547720909119,BUY,0.002,-0.970,+1.07,+14447.82,264447.82
2026-02-23T15:37:50.999000+00:00,3563,24871.25,-0.9722503423690796,SELL,0.002,-0.972,+0.00,+14447.82,264447.82
2026-02-23T15:42:04.167041+00:00,3564,24832.5,-0.9688804745674133,BUY,0.003,-0.969,+2.61,+14450.43,264450.43
2026-02-23T15:52:11.928000+00:00,3565,24812.0,-0.9696066975593567,SELL,0.001,-0.970,+0.00,+14450.43,264450.43
2026-02-23T15:52:46.940000+00:00,3566,24772.75,-0.967599093914032,BUY,0.002,-0.968,+1.58,+14452.01,264452.01
2026-02-23T15:57:09.094000+00:00,3567,24759.25,-0.9627196192741394,BUY,0.005,-0.963,+1.32,+14453.33,264453.33
2026-02-23T16:01:41.360000+00:00,3568,24732.75,-0.9563711881637573,BUY,0.006,-0.956,+3.36,+14456.69,264456.69
2026-02-23T16:04:16.871000+00:00,3569,24703.5,-0.950498104095459,BUY,0.006,-0.950,+3.44,+14460.13,264460.13
2026-02-23T16:09:16.310000+00:00,3570,24672.0,-0.9441167712211609,BUY,0.006,-0.944,+4.02,+14464.15,264464.15
2026-02-23T16:18:06.344000+00:00,3571,24708.0,-0.9465680718421936,SELL,0.002,-0.947,+0.00,+14464.15,264464.15
2026-02-23T16:25:14.307000+00:00,3572,24744.5,-0.9558218121528625,SELL,0.009,-0.956,+0.00,+14464.15,264464.15
2026-02-23T16:28:41.535000+00:00,3573,24772.5,-0.9507909417152405,BUY,0.005,-0.951,-2.82,+14461.33,264461.33
2026-02-23T16:36:16.288075+00:00,3574,24749.25,-0.939966082572937,BUY,0.011,-0.940,+5.03,+14466.36,264466.36
2026-02-23T16:48:21.951000+00:00,3575,24742.0,-0.9511081576347351,SELL,0.011,-0.951,+0.00,+14466.36,264466.36
2026-02-23T16:58:55.241000+00:00,3576,24729.25,-0.9385596513748169,BUY,0.013,-0.939,+3.20,+14469.56,264469.56
2026-02-23T17:34:42.571023+00:00,3577,24723.75,-0.9364654421806335,BUY,0.002,-0.936,+0.23,+14469.79,264469.79
2026-02-23T17:37:37.173024+00:00,3578,24684.75,-0.9353570342063904,BUY,0.001,-0.935,+0.86,+14470.66,264470.66
2026-02-23T17:42:55.881006+00:00,3579,24717.5,-0.9393858313560486,SELL,0.004,-0.939,+0.00,+14470.66,264470.66
2026-02-23T17:53:17.252000+00:00,3580,24733.75,-0.9510980248451233,SELL,0.012,-0.951,+0.00,+14470.66,264470.66
2026-02-23T18:07:04.063000+00:00,3581,24772.0,-0.9601151943206787,SELL,0.009,-0.960,+0.00,+14470.66,264470.66
2026-02-23T18:22:15.649000+00:00,3582,24801.0,-0.971657931804657,SELL,0.012,-0.972,+0.00,+14470.66,264470.66
2026-02-23T18:44:33.823008+00:00,3583,24780.25,-0.9719291925430298,SELL,0.000,-0.972,+0.00,+14470.66,264470.66
2026-02-23T18:54:15.581078+00:00,3584,24761.75,-0.975463330745697,SELL,0.004,-0.975,+0.00,+14470.66,264470.66
2026-02-23T18:58:37.207000+00:00,3585,24725.25,-0.9674566388130188,BUY,0.008,-0.967,+5.84,+14476.50,264476.50
2026-02-23T19:29:42.469015+00:00,3586,24715.0,-0.972141683101654,SELL,0.005,-0.972,+0.00,+14476.50,264476.50
2026-02-23T19:43:09.314030+00:00,3587,24690.25,-0.9654790759086609,BUY,0.007,-0.965,+3.30,+14479.80,264479.80
2026-02-23T20:30:09.072000+00:00,3588,24718.75,-0.9744016528129578,SELL,0.009,-0.974,+0.00,+14479.80,264479.80
2026-02-23T20:42:52.222001+00:00,3589,24711.5,-0.9758058190345764,SELL,0.001,-0.976,+0.00,+14479.80,264479.80
2026-02-23T20:50:00.085000+00:00,3590,24751.0,-0.9701137542724609,BUY,0.006,-0.970,-4.50,+14475.31,264475.31
2026-02-23T20:54:10.008016+00:00,3591,24720.0,-0.9516302347183228,BUY,0.018,-0.952,+11.46,+14486.77,264486.77
2026-02-23T20:58:25.314001+00:00,3592,24750.75,-0.9579124450683594,SELL,0.006,-0.958,+0.00,+14486.77,264486.77
2026-02-23T20:59:56.226005+00:00,3593,24771.25,-0.9553781747817993,BUY,0.003,-0.955,-1.04,+14485.73,264485.73
2026-02-23T23:00:12.701000+00:00,3594,24798.75,-0.9661928415298462,SELL,0.011,-0.966,+0.00,+14485.73,264485.73
2026-02-23T23:06:06.338001+00:00,3595,24807.0,-0.9599936604499817,BUY,0.006,-0.960,-1.02,+14484.70,264484.70
2026-02-23T23:31:57.140038+00:00,3596,24824.25,-0.9597544074058533,BUY,0.000,-0.960,-0.08,+14484.62,264484.62
2026-02-23T23:59:35.249022+00:00,3597,24786.75,-0.9487335085868835,BUY,0.011,-0.949,+8.27,+14492.89,264492.89
2026-02-24T00:26:50.361036+00:00,3598,24778.5,-0.9484802484512329,BUY,0.000,-0.948,+0.04,+14492.93,264492.93
2026-02-24T00:49:09.860003+00:00,3599,24813.5,-0.9583097100257874,SELL,0.010,-0.958,+0.00,+14492.93,264492.93
2026-02-24T01:42:54.243000+00:00,3600,24835.0,-0.9728886485099792,SELL,0.015,-0.973,+0.00,+14492.93,264492.93
2026-02-24T02:21:14.468061+00:00,3601,24852.25,-0.9773361682891846,SELL,0.004,-0.977,+0.00,+14492.93,264492.93
2026-02-24T05:05:57.974000+00:00,3602,24887.75,-0.9700150489807129,BUY,0.007,-0.970,-5.20,+14487.73,264487.73
2026-02-24T05:34:48.330000+00:00,3603,24848.25,-0.9631514549255371,BUY,0.007,-0.963,+5.42,+14493.15,264493.15
2026-02-24T07:30:38.815000+00:00,3604,24863.0,-0.9681283831596375,SELL,0.005,-0.968,+0.00,+14493.15,264493.15
2026-02-24T08:00:04.052001+00:00,3605,24828.0,-0.9705049991607666,SELL,0.002,-0.971,+0.00,+14493.15,264493.15
2026-02-24T08:09:28.539000+00:00,3606,24790.5,-0.9610379338264465,BUY,0.009,-0.961,+7.10,+14500.25,264500.25
2026-02-24T08:23:56.287000+00:00,3607,24813.5,-0.949191153049469,BUY,0.012,-0.949,-5.45,+14494.80,264494.80
2026-02-24T08:35:58.729000+00:00,3608,24781.25,-0.9501810669898987,SELL,0.001,-0.950,+0.00,+14494.80,264494.80
2026-02-24T09:00:35.715000+00:00,3609,24801.0,-0.9414534568786621,BUY,0.009,-0.941,-3.45,+14491.36,264491.36
2026-02-24T09:14:42.716000+00:00,3610,24829.25,-0.9105955958366394,BUY,0.031,-0.911,-17.43,+14473.92,264473.92
2026-02-24T09:35:09.974000+00:00,3611,24803.0,-0.888150155544281,BUY,0.022,-0.888,+11.78,+14485.70,264485.70
2026-02-24T09:48:11.038001+00:00,3612,24834.25,-0.8641360402107239,BUY,0.024,-0.864,-15.01,+14470.70,264470.70
2026-02-24T11:14:41.329000+00:00,3613,24825.5,-0.8197184801101685,BUY,0.044,-0.820,+7.77,+14478.47,264478.47
2026-02-24T12:00:20.550000+00:00,3614,24849.0,-0.7944199442863464,BUY,0.025,-0.794,-11.89,+14466.58,264466.58
2026-02-24T12:05:28.529001+00:00,3615,24882.0,-0.7469732165336609,BUY,0.047,-0.747,-31.31,+14435.26,264435.26
2026-02-24T12:11:08.654000+00:00,3616,24862.25,-0.6270463466644287,BUY,0.120,-0.627,+47.37,+14482.64,264482.64
2026-02-24T12:21:34.933000+00:00,3617,24844.0,-0.6257738471031189,BUY,0.001,-0.626,+0.46,+14483.10,264483.10
2026-02-24T12:40:06.538000+00:00,3618,24813.75,-0.5103636980056763,BUY,0.115,-0.510,+69.82,+14552.92,264552.92
2026-02-24T13:01:41.727007+00:00,3619,24835.25,-0.524028480052948,SELL,0.014,-0.524,+0.00,+14552.92,264552.92
2026-02-24T13:30:01.954001+00:00,3620,24859.25,-0.4783979654312134,BUY,0.046,-0.478,-21.90,+14531.02,264531.02
2026-02-24T13:48:08.642002+00:00,3621,24878.25,-0.5077168345451355,SELL,0.029,-0.508,+0.00,+14531.02,264531.02
2026-02-24T14:13:36.323000+00:00,3622,24851.75,-0.44952043890953064,BUY,0.058,-0.450,+30.84,+14561.86,264561.86
2026-02-24T14:28:16.535001+00:00,3623,24814.5,-0.5017926096916199,SELL,0.052,-0.502,+0.00,+14561.86,264561.86
2026-02-24T14:31:28.594000+00:00,3624,24786.0,-0.5121927261352539,SELL,0.010,-0.512,+0.00,+14561.86,264561.86
2026-02-24T14:33:10.651000+00:00,3625,24750.0,-0.605864942073822,SELL,0.094,-0.606,+0.00,+14561.86,264561.86
2026-02-24T14:34:00.849003+00:00,3626,24716.75,-0.5694369077682495,BUY,0.036,-0.569,+24.22,+14586.09,264586.09
2026-02-24T14:36:22.567059+00:00,3627,24707.0,-0.7384889721870422,SELL,0.169,-0.738,+0.00,+14586.09,264586.09
2026-02-24T14:38:03.497000+00:00,3628,24734.5,-0.7770316004753113,SELL,0.039,-0.777,+0.00,+14586.09,264586.09
2026-02-24T14:38:26.019000+00:00,3629,24774.0,-0.8054235577583313,SELL,0.028,-0.805,+0.00,+14586.09,264586.09
2026-02-24T14:38:55.118005+00:00,3630,24803.75,-0.7667806148529053,BUY,0.039,-0.767,-22.99,+14563.10,264563.10
2026-02-24T14:40:18.477010+00:00,3631,24833.25,-0.8082614541053772,SELL,0.041,-0.808,+0.00,+14563.10,264563.10
2026-02-24T14:41:05.534001+00:00,3632,24855.75,-0.8466145992279053,SELL,0.038,-0.847,+0.00,+14563.10,264563.10
2026-02-24T14:44:21.322000+00:00,3633,24884.5,-0.8654168844223022,SELL,0.019,-0.865,+0.00,+14563.10,264563.10
2026-02-24T14:45:10.337000+00:00,3634,24920.75,-0.8582021594047546,BUY,0.007,-0.858,-5.23,+14557.87,264557.87
2026-02-24T14:48:01.216002+00:00,3635,24944.75,-0.8754221796989441,SELL,0.017,-0.875,+0.00,+14557.87,264557.87
2026-02-24T14:50:13.637000+00:00,3636,24924.25,-0.8941274285316467,SELL,0.019,-0.894,+0.00,+14557.87,264557.87
2026-02-24T14:55:16.073004+00:00,3637,24900.0,-0.9118711352348328,SELL,0.018,-0.912,+0.00,+14557.87,264557.87
2026-02-24T14:56:23.165000+00:00,3638,24861.75,-0.9275256991386414,SELL,0.016,-0.928,+0.00,+14557.87,264557.87
2026-02-24T15:00:10.997000+00:00,3639,24859.75,-0.9525191783905029,SELL,0.025,-0.953,+0.00,+14557.87,264557.87
2026-02-24T15:00:40.459003+00:00,3640,24828.25,-0.938782274723053,BUY,0.014,-0.939,+8.65,+14566.52,264566.52
2026-02-24T15:02:54.185002+00:00,3641,24859.5,-0.9258977174758911,BUY,0.013,-0.926,-8.05,+14558.47,264558.47
2026-02-24T15:04:40.249017+00:00,3642,24837.75,-0.9031949639320374,BUY,0.023,-0.903,+9.88,+14568.34,264568.34
2026-02-24T15:06:14.673000+00:00,3643,24876.75,-0.8636153340339661,BUY,0.040,-0.864,-30.87,+14537.47,264537.47
2026-02-24T15:07:47.380000+00:00,3644,24856.5,-0.8203953504562378,BUY,0.043,-0.820,+17.50,+14554.97,264554.97
2026-02-24T15:08:55.293000+00:00,3645,24878.5,-0.7812830805778503,BUY,0.039,-0.781,-17.21,+14537.77,264537.77
2026-02-24T15:10:04.849000+00:00,3646,24908.5,-0.7690681219100952,BUY,0.012,-0.769,-7.33,+14530.44,264530.44
2026-02-24T15:13:24.813000+00:00,3647,24883.75,-0.7442036271095276,BUY,0.025,-0.744,+12.31,+14542.74,264542.74
2026-02-24T15:19:40.682000+00:00,3648,24893.25,-0.7108206748962402,BUY,0.033,-0.711,-6.34,+14536.40,264536.40
2026-02-24T15:21:11.690000+00:00,3649,24928.0,-0.5631726980209351,BUY,0.148,-0.563,-102.62,+14433.79,264433.79
2026-02-24T15:25:35.213000+00:00,3650,24954.75,-0.2516019940376282,BUY,0.312,-0.252,-166.69,+14267.10,264267.10
2026-02-24T15:27:06.900000+00:00,3651,24983.5,0.1839262843132019,BUY,0.436,0.184,-144.67,+14122.42,264122.42
2026-02-24T15:30:12.031000+00:00,3652,25017.0,0.409096896648407,BUY,0.225,0.409,+0.00,+14122.42,264122.42
2026-02-24T15:43:51.779021+00:00,3653,25026.75,0.6968469023704529,BUY,0.288,0.697,+0.00,+14122.42,264122.42
2026-02-24T15:51:43.126001+00:00,3654,24991.0,0.680962324142456,SELL,0.016,0.681,-11.36,+14111.07,264111.07
2026-02-24T16:02:06.690012+00:00,3655,25007.5,0.5583751797676086,SELL,0.123,0.558,+40.45,+14151.52,264151.52
2026-02-24T16:13:13.324000+00:00,3656,25040.5,0.07142091542482376,SELL,0.487,0.071,+321.39,+14472.91,264472.91
2026-02-24T16:20:19.262000+00:00,3657,25007.25,0.05671265721321106,SELL,0.015,0.057,-9.78,+14463.13,264463.13
2026-02-24T16:31:04.160001+00:00,3658,24982.75,0.6321051120758057,BUY,0.575,0.632,+0.00,+14463.13,264463.13
2026-02-24T16:47:36.740014+00:00,3659,25009.25,0.8630492091178894,BUY,0.231,0.863,+0.00,+14463.13,264463.13
2026-02-24T16:58:41.318002+00:00,3660,25039.25,0.8980796933174133,BUY,0.035,0.898,+0.00,+14463.13,264463.13
2026-02-24T17:10:33.202013+00:00,3661,25061.25,0.9384352564811707,BUY,0.040,0.938,+0.00,+14463.13,264463.13
2026-02-24T17:45:11.345006+00:00,3662,25036.25,0.9867746233940125,BUY,0.048,0.987,+0.00,+14463.13,264463.13
2026-02-24T18:02:52.164002+00:00,3663,25072.0,0.9957855343818665,BUY,0.009,0.996,+0.00,+14463.13,264463.13
2026-02-24T18:14:41.891002+00:00,3664,25038.75,0.9988150000572205,BUY,0.003,0.999,+0.00,+14463.13,264463.13
2026-02-24T19:11:23.520003+00:00,3665,25011.0,0.9992901086807251,BUY,0.000,0.999,+0.00,+14463.13,264463.13
2026-02-24T19:42:19.534002+00:00,3666,25028.5,0.9997352957725525,BUY,0.000,1.000,+0.00,+14463.13,264463.13
2026-02-24T19:52:35.090421+00:00,3667,25053.5,0.9995002150535583,SELL,0.000,1.000,+0.12,+14463.25,264463.25
2026-02-24T19:54:25.170000+00:00,3668,25020.25,0.9993630647659302,SELL,0.000,0.999,-0.09,+14463.16,264463.16
2026-02-24T20:45:42.601000+00:00,3669,25035.0,0.9992595911026001,SELL,0.000,0.999,+0.03,+14463.19,264463.19
2026-02-24T20:55:06.031000+00:00,3670,25032.0,0.9981915950775146,SELL,0.001,0.998,-0.06,+14463.12,264463.12
2026-02-24T23:03:32.240003+00:00,3671,25002.5,0.9968639612197876,SELL,0.001,0.997,-0.78,+14462.34,264462.34
2026-02-24T23:34:45.444017+00:00,3672,25032.0,0.9798591732978821,SELL,0.017,0.980,+10.03,+14472.37,264472.37
2026-02-25T00:44:28.705000+00:00,3673,25058.75,0.9802407622337341,BUY,0.000,0.980,+0.00,+14472.37,264472.37
2026-02-25T01:02:39.893025+00:00,3674,25087.5,0.9730506539344788,SELL,0.007,0.973,+4.13,+14476.51,264476.51
2026-02-25T01:18:19.958000+00:00,3675,25108.0,0.9735570549964905,BUY,0.001,0.974,+0.00,+14476.51,264476.51
2026-02-25T01:47:58.586002+00:00,3676,25111.5,0.9737279415130615,BUY,0.000,0.974,+0.00,+14476.51,264476.51
2026-02-25T03:16:06.321002+00:00,3677,25074.5,0.9742761850357056,BUY,0.001,0.974,+0.00,+14476.51,264476.51
2026-02-25T03:33:53.907001+00:00,3678,25036.5,0.9441112279891968,SELL,0.030,0.944,-22.93,+14453.58,264453.58
2026-02-25T03:34:01.936051+00:00,3679,25000.0,0.9737665057182312,BUY,0.030,0.974,+0.00,+14453.58,264453.58
2026-02-25T03:34:14.710001+00:00,3680,25034.0,0.9479576945304871,SELL,0.026,0.948,+17.55,+14471.13,264471.13
2026-02-25T03:51:21.997001+00:00,3681,25073.25,0.9411856532096863,SELL,0.007,0.941,+5.32,+14476.45,264476.45
2026-02-25T04:12:16.026006+00:00,3682,25041.25,0.9370735287666321,SELL,0.004,0.937,-2.63,+14473.82,264473.82
2026-02-25T07:33:55.561000+00:00,3683,25027.25,0.8386449813842773,SELL,0.098,0.839,-27.56,+14446.26,264446.26
2026-02-25T08:02:04.468000+00:00,3684,25057.75,0.6257433295249939,SELL,0.213,0.626,+129.87,+14576.13,264576.13
2026-02-25T08:26:31.917000+00:00,3685,25088.75,0.48029792308807373,SELL,0.145,0.480,+90.18,+14666.30,264666.30
2026-02-25T11:32:27.998030+00:00,3686,25095.25,0.1700132042169571,SELL,0.310,0.170,+40.34,+14706.64,264706.64
2026-02-25T12:02:30.257000+00:00,3687,25130.75,-0.3164082467556,SELL,0.486,-0.316,+120.71,+14827.35,264827.35
2026-02-25T12:21:30.088000+00:00,3688,25145.0,-0.5078021883964539,SELL,0.191,-0.508,+0.00,+14827.35,264827.35
2026-02-25T13:56:26.496000+00:00,3689,25163.0,-0.6909410357475281,SELL,0.183,-0.691,+0.00,+14827.35,264827.35
2026-02-25T14:19:05.628006+00:00,3690,25137.5,-0.8247634768486023,SELL,0.134,-0.825,+0.00,+14827.35,264827.35
2026-02-25T14:30:02.169002+00:00,3691,25169.75,-0.914955735206604,SELL,0.090,-0.915,+0.00,+14827.35,264827.35
2026-02-25T14:30:45.931001+00:00,3692,25209.0,-0.9510497450828552,SELL,0.036,-0.951,+0.00,+14827.35,264827.35
2026-02-25T14:34:02.710000+00:00,3693,25243.25,-0.9728282690048218,SELL,0.022,-0.973,+0.00,+14827.35,264827.35
2026-02-25T14:40:44.259034+00:00,3694,25257.25,-0.9834604859352112,SELL,0.011,-0.983,+0.00,+14827.35,264827.35
2026-02-25T14:45:04.256021+00:00,3695,25285.0,-0.9891675710678101,SELL,0.006,-0.989,+0.00,+14827.35,264827.35
2026-02-25T14:47:13.537000+00:00,3696,25318.5,-0.9906532764434814,SELL,0.001,-0.991,+0.00,+14827.35,264827.35
2026-02-25T14:51:25.275000+00:00,3697,25344.0,-0.9922899007797241,SELL,0.002,-0.992,+0.00,+14827.35,264827.35
2026-02-25T14:57:17.748033+00:00,3698,25308.5,-0.9939227104187012,SELL,0.002,-0.994,+0.00,+14827.35,264827.35
2026-02-25T14:58:16.151042+00:00,3699,25343.0,-0.9951097965240479,SELL,0.001,-0.995,+0.00,+14827.35,264827.35
2026-02-25T15:06:59.198000+00:00,3700,25321.75,-0.9955933094024658,SELL,0.000,-0.996,+0.00,+14827.35,264827.35
2026-02-25T15:16:14.040000+00:00,3701,25292.25,-0.9960672855377197,SELL,0.000,-0.996,+0.00,+14827.35,264827.35
2026-02-25T15:27:24.824000+00:00,3702,25322.75,-0.9956417083740234,BUY,0.000,-0.996,-0.26,+14827.09,264827.09
2026-02-25T15:34:36.629000+00:00,3703,25301.5,-0.995085597038269,BUY,0.001,-0.995,+0.24,+14827.32,264827.32
2026-02-25T15:55:23.056000+00:00,3704,25275.75,-0.995685338973999,SELL,0.001,-0.996,+0.00,+14827.32,264827.32
2026-02-25T16:00:43.934033+00:00,3705,25304.5,-0.9969395399093628,SELL,0.001,-0.997,+0.00,+14827.32,264827.32
2026-02-25T16:41:20.165016+00:00,3706,25322.75,-0.9974784851074219,SELL,0.001,-0.997,+0.00,+14827.32,264827.32
2026-02-25T17:54:35.360000+00:00,3707,25350.5,-0.9978094100952148,SELL,0.000,-0.998,+0.00,+14827.32,264827.32
2026-02-25T19:18:33.415000+00:00,3708,25374.25,-0.9982197284698486,SELL,0.000,-0.998,+0.00,+14827.32,264827.32
2026-02-25T20:50:02.009041+00:00,3709,25392.0,-0.9988305568695068,SELL,0.001,-0.999,+0.00,+14827.32,264827.32
2026-02-25T21:26:32.394068+00:00,3710,25410.0,-0.9992097616195679,SELL,0.000,-0.999,+0.00,+14827.32,264827.32
2026-02-25T21:31:17.006022+00:00,3711,25426.75,-0.99909907579422,BUY,0.000,-0.999,-0.04,+14827.29,264827.29
2026-02-25T21:31:22.050005+00:00,3712,25466.75,-0.9990946650505066,BUY,0.000,-0.999,-0.00,+14827.28,264827.28
2026-02-25T21:31:25.701000+00:00,3713,25443.5,-0.9988312721252441,BUY,0.000,-0.999,+0.12,+14827.41,264827.41
2026-02-25T21:31:26.190006+00:00,3714,25403.5,-0.9980538487434387,BUY,0.001,-0.998,+0.62,+14828.03,264828.03
2026-02-25T21:31:31.211000+00:00,3715,25423.25,-0.9969638586044312,BUY,0.001,-0.997,-0.43,+14827.60,264827.60
2026-02-25T21:31:34.472002+00:00,3716,25452.0,-0.9967241287231445,BUY,0.000,-0.997,-0.14,+14827.46,264827.46
2026-02-25T21:31:43.320000+00:00,3717,25413.5,-0.9958603978157043,BUY,0.001,-0.996,+0.67,+14828.13,264828.13
2026-02-25T21:31:48.234000+00:00,3718,25440.0,-0.995964765548706,SELL,0.000,-0.996,+0.00,+14828.13,264828.13
2026-02-25T21:32:36.518001+00:00,3719,25417.0,-0.9954125881195068,BUY,0.001,-0.995,+0.25,+14828.38,264828.38
2026-02-25T21:33:51.007000+00:00,3720,25453.25,-0.9964069128036499,SELL,0.001,-0.996,+0.00,+14828.38,264828.38
2026-02-25T21:35:16.814003+00:00,3721,25481.5,-0.9959211349487305,BUY,0.000,-0.996,-0.27,+14828.10,264828.10
2026-02-25T21:36:34.833003+00:00,3722,25454.75,-0.9948877096176147,BUY,0.001,-0.995,+0.55,+14828.66,264828.66
2026-02-25T21:45:24.566000+00:00,3723,25447.0,-0.9937543869018555,BUY,0.001,-0.994,+0.18,+14828.83,264828.83
2026-02-25T23:00:00+00:00,3724,25407.0,-0.9928576350212097,BUY,0.001,-0.993,+0.72,+14829.55,264829.55
2026-02-25T23:04:03.635009+00:00,3725,25378.25,-0.9904270172119141,BUY,0.002,-0.990,+1.40,+14830.95,264830.95
2026-02-25T23:09:00.961000+00:00,3726,25405.75,-0.9891072511672974,BUY,0.001,-0.989,-0.73,+14830.22,264830.22
2026-02-25T23:21:38.446000+00:00,3727,25368.25,-0.9871544241905212,BUY,0.002,-0.987,+1.46,+14831.69,264831.69
2026-02-25T23:34:41.926001+00:00,3728,25347.5,-0.986821711063385,BUY,0.000,-0.987,+0.14,+14831.83,264831.83
2026-02-25T23:40:20.608000+00:00,3729,25315.0,-0.9821970462799072,BUY,0.005,-0.982,+3.01,+14834.83,264834.83
2026-02-25T23:42:04.809002+00:00,3730,25281.5,-0.9822579026222229,SELL,0.000,-0.982,+0.00,+14834.83,264834.83
2026-02-25T23:45:48.168000+00:00,3731,25314.75,-0.9819477796554565,BUY,0.000,-0.982,-0.21,+14834.62,264834.62
2026-02-26T01:09:49.827004+00:00,3732,25301.5,-0.9776504039764404,BUY,0.004,-0.978,+1.14,+14835.76,264835.76
2026-02-26T01:29:59.392003+00:00,3733,25274.75,-0.9686411619186401,BUY,0.009,-0.969,+4.82,+14840.58,264840.58
2026-02-26T01:40:10.589002+00:00,3734,25304.75,-0.9640001654624939,BUY,0.005,-0.964,-2.78,+14837.80,264837.80
2026-02-26T05:08:51.733004+00:00,3735,25283.5,-0.9582316279411316,BUY,0.006,-0.958,+2.45,+14840.25,264840.25
2026-02-26T06:08:37.321000+00:00,3736,25323.5,-0.9650172591209412,SELL,0.007,-0.965,+0.00,+14840.25,264840.25
2026-02-26T07:43:10.518003+00:00,3737,25356.75,-0.9681942462921143,SELL,0.003,-0.968,+0.00,+14840.25,264840.25
2026-02-26T08:21:16.197002+00:00,3738,25384.0,-0.971863329410553,SELL,0.004,-0.972,+0.00,+14840.25,264840.25
2026-02-26T08:34:06.971001+00:00,3739,25352.0,-0.970775306224823,BUY,0.001,-0.971,+0.70,+14840.95,264840.95
2026-02-26T09:31:09.581000+00:00,3740,25383.5,-0.9682866930961609,BUY,0.002,-0.968,-1.57,+14839.38,264839.38
2026-02-26T10:30:36.642005+00:00,3741,25361.5,-0.9615360498428345,BUY,0.007,-0.962,+2.97,+14842.35,264842.35
2026-02-26T12:29:18.838000+00:00,3742,25385.25,-0.9569385647773743,BUY,0.005,-0.957,-2.18,+14840.17,264840.17
2026-02-26T13:33:37.417001+00:00,3743,25401.25,-0.9578366875648499,SELL,0.001,-0.958,+0.00,+14840.17,264840.17
2026-02-26T14:09:38.593000+00:00,3744,25375.25,-0.9648516774177551,SELL,0.007,-0.965,+0.00,+14840.17,264840.17
2026-02-26T14:28:00.028043+00:00,3745,25344.75,-0.960586428642273,BUY,0.004,-0.961,+2.60,+14842.77,264842.77
2026-02-26T14:30:32.362000+00:00,3746,25317.75,-0.9444122910499573,BUY,0.016,-0.944,+8.73,+14851.50,264851.50
2026-02-26T14:31:29.551002+00:00,3747,25320.0,-0.9318075180053711,BUY,0.013,-0.932,-0.57,+14850.93,264850.93
2026-02-26T14:32:34.076000+00:00,3748,25296.0,-0.8732532262802124,BUY,0.059,-0.873,+28.11,+14879.04,264879.04
2026-02-26T14:34:10.059000+00:00,3749,25266.75,-0.6101630926132202,BUY,0.263,-0.610,+153.91,+15032.95,265032.95
2026-02-26T14:36:08.541062+00:00,3750,25251.0,-0.07732897996902466,BUY,0.533,-0.077,+167.84,+15200.79,265200.79
2026-02-26T14:38:03.895001+00:00,3751,25264.5,0.4287756085395813,BUY,0.506,0.429,-20.88,+15179.91,265179.91
2026-02-26T14:39:15.975002+00:00,3752,25283.25,0.6960493326187134,BUY,0.267,0.696,+0.00,+15179.91,265179.91
2026-02-26T14:40:35.064001+00:00,3753,25255.75,0.7871497273445129,BUY,0.091,0.787,+0.00,+15179.91,265179.91
2026-02-26T14:42:23.430003+00:00,3754,25284.25,0.5898706912994385,SELL,0.197,0.590,+112.45,+15292.36,265292.36
2026-02-26T14:43:01.541010+00:00,3755,25253.5,0.4296311140060425,SELL,0.160,0.430,-98.55,+15193.81,265193.81
2026-02-26T14:44:47.197000+00:00,3756,25272.0,0.5649659633636475,BUY,0.135,0.565,+0.00,+15193.81,265193.81
2026-02-26T14:45:28.783005+00:00,3757,25233.5,0.03979182988405228,SELL,0.525,0.040,-404.38,+14789.43,264789.43
2026-02-26T14:46:45.086001+00:00,3758,25255.0,-0.6132065057754517,SELL,0.653,-0.613,+17.11,+14806.54,264806.54
2026-02-26T14:48:46.656003+00:00,3759,25224.25,-0.8861401677131653,SELL,0.273,-0.886,+0.00,+14806.54,264806.54
2026-02-26T14:50:09.059012+00:00,3760,25249.25,-0.9427316784858704,SELL,0.057,-0.943,+0.00,+14806.54,264806.54
2026-02-26T14:51:08.085006+00:00,3761,25214.0,-0.9482591152191162,SELL,0.006,-0.948,+0.00,+14806.54,264806.54
2026-02-26T14:55:11.811015+00:00,3762,25228.5,-0.9610162973403931,SELL,0.013,-0.961,+0.00,+14806.54,264806.54
2026-02-26T14:57:58.553001+00:00,3763,25201.5,-0.969882607460022,SELL,0.009,-0.970,+0.00,+14806.54,264806.54
2026-02-26T15:00:48.213001+00:00,3764,25173.75,-0.9700595140457153,SELL,0.000,-0.970,+0.00,+14806.54,264806.54
2026-02-26T15:01:41.742000+00:00,3765,25144.0,-0.980301558971405,SELL,0.010,-0.980,+0.00,+14806.54,264806.54
2026-02-26T15:03:11.612002+00:00,3766,25174.25,-0.9814554452896118,SELL,0.001,-0.981,+0.00,+14806.54,264806.54
2026-02-26T15:09:24.322034+00:00,3767,25149.5,-0.9832854866981506,SELL,0.002,-0.983,+0.00,+14806.54,264806.54
2026-02-26T15:12:14.784056+00:00,3768,25134.0,-0.984597384929657,SELL,0.001,-0.985,+0.00,+14806.54,264806.54
2026-02-26T15:12:45.907006+00:00,3769,25094.0,-0.9859790205955505,SELL,0.001,-0.986,+0.00,+14806.54,264806.54
2026-02-26T15:15:01.019000+00:00,3770,25063.25,-0.9856006503105164,BUY,0.000,-0.986,+0.23,+14806.77,264806.77
2026-02-26T15:16:09.895024+00:00,3771,25024.0,-0.98675936460495,SELL,0.001,-0.987,+0.00,+14806.77,264806.77
2026-02-26T15:18:09.058008+00:00,3772,24987.0,-0.9858295917510986,BUY,0.001,-0.986,+0.69,+14807.46,264807.46
2026-02-26T15:19:52.585000+00:00,3773,24949.0,-0.983944833278656,BUY,0.002,-0.984,+1.43,+14808.89,264808.89
2026-02-26T15:20:49.928000+00:00,3774,24941.0,-0.9847134351730347,SELL,0.001,-0.985,+0.00,+14808.89,264808.89
2026-02-26T15:22:20.189000+00:00,3775,24906.0,-0.9848238229751587,SELL,0.000,-0.985,+0.00,+14808.89,264808.89
2026-02-26T15:23:49.462000+00:00,3776,24942.5,-0.9853060245513916,SELL,0.000,-0.985,+0.00,+14808.89,264808.89
2026-02-26T15:24:35.669002+00:00,3777,24912.0,-0.9838860034942627,BUY,0.001,-0.984,+0.87,+14809.76,264809.76
2026-02-26T15:26:03.165000+00:00,3778,24940.0,-0.9843006730079651,SELL,0.000,-0.984,+0.00,+14809.76,264809.76
2026-02-26T15:27:15.228000+00:00,3779,24930.25,-0.9844766855239868,SELL,0.000,-0.984,+0.00,+14809.76,264809.76
2026-02-26T15:28:32.239000+00:00,3780,24894.5,-0.9840063452720642,BUY,0.000,-0.984,+0.34,+14810.10,264810.10
2026-02-26T15:29:09.053002+00:00,3781,24925.0,-0.9835579991340637,BUY,0.000,-0.984,-0.27,+14809.82,264809.82
2026-02-26T15:30:28.535036+00:00,3782,24900.75,-0.9824179410934448,BUY,0.001,-0.982,+0.55,+14810.38,264810.38
2026-02-26T15:31:50.376000+00:00,3783,24932.75,-0.982021152973175,BUY,0.000,-0.982,-0.25,+14810.12,264810.12
2026-02-26T15:33:10.979004+00:00,3784,24894.75,-0.979613721370697,BUY,0.002,-0.980,+1.83,+14811.95,264811.95
2026-02-26T15:34:08.277000+00:00,3785,24872.75,-0.9753326177597046,BUY,0.004,-0.975,+1.88,+14813.83,264813.83
2026-02-26T15:35:32.747000+00:00,3786,24901.75,-0.9688957929611206,BUY,0.006,-0.969,-3.73,+14810.10,264810.10
2026-02-26T15:37:34.280000+00:00,3787,24928.75,-0.9700974225997925,SELL,0.001,-0.970,+0.00,+14810.10,264810.10
2026-02-26T15:38:49.401003+00:00,3788,24965.0,-0.9550303220748901,BUY,0.015,-0.955,-10.92,+14799.18,264799.18
2026-02-26T15:40:32.444000+00:00,3789,24995.0,-0.9543938040733337,BUY,0.001,-0.954,-0.38,+14798.80,264798.80
2026-02-26T15:44:44.160000+00:00,3790,24999.25,-0.9332510232925415,BUY,0.021,-0.933,-1.80,+14797.00,264797.00
2026-02-26T15:46:45.893000+00:00,3791,24985.0,-0.9350051283836365,SELL,0.002,-0.935,+0.00,+14797.00,264797.00
2026-02-26T15:48:16.668000+00:00,3792,25019.25,-0.9119077920913696,BUY,0.023,-0.912,-15.82,+14781.18,264781.18
2026-02-26T15:51:16.174000+00:00,3793,24986.25,-0.8916121125221252,BUY,0.020,-0.892,+13.40,+14794.57,264794.57
2026-02-26T15:52:17.668002+00:00,3794,25024.25,-0.9042383432388306,SELL,0.013,-0.904,+0.00,+14794.57,264794.57
2026-02-26T15:56:08.718000+00:00,3795,24986.75,-0.883623480796814,BUY,0.021,-0.884,+15.46,+14810.03,264810.03
2026-02-26T15:58:06.525000+00:00,3796,25020.5,-0.8414320349693298,BUY,0.042,-0.841,-28.48,+14781.55,264781.55
2026-02-26T16:03:10.510009+00:00,3797,25025.5,-0.8256385326385498,BUY,0.016,-0.826,-1.58,+14779.97,264779.97
2026-02-26T16:05:19.041013+00:00,3798,25041.0,-0.7721353769302368,BUY,0.054,-0.772,-16.59,+14763.39,264763.39
2026-02-26T16:06:31.279000+00:00,3799,25001.0,-0.7213223576545715,BUY,0.051,-0.721,+40.65,+14804.04,264804.04
2026-02-26T16:12:04.245000+00:00,3800,25037.25,-0.7701050043106079,SELL,0.049,-0.770,+0.00,+14804.04,264804.04
2026-02-26T16:16:07.611000+00:00,3801,25064.0,-0.8434551358222961,SELL,0.073,-0.843,+0.00,+14804.04,264804.04
2026-02-26T16:20:27.464007+00:00,3802,25029.5,-0.8703206181526184,SELL,0.027,-0.870,+0.00,+14804.04,264804.04
2026-02-26T16:25:55.724002+00:00,3803,25067.75,-0.8743323683738708,SELL,0.004,-0.874,+0.00,+14804.04,264804.04
2026-02-26T16:36:25.813001+00:00,3804,25045.5,-0.8747929334640503,SELL,0.000,-0.875,+0.00,+14804.04,264804.04
2026-02-26T16:38:04.564000+00:00,3805,25008.5,-0.8729631900787354,BUY,0.002,-0.873,+1.35,+14805.39,264805.39
2026-02-26T16:45:12.838000+00:00,3806,24996.25,-0.8541814684867859,BUY,0.019,-0.854,+4.60,+14809.99,264809.99
2026-02-26T16:48:55.734000+00:00,3807,25015.0,-0.8673381805419922,SELL,0.013,-0.867,+0.00,+14809.99,264809.99
2026-02-26T16:53:32.479000+00:00,3808,24989.25,-0.844804048538208,BUY,0.023,-0.845,+11.61,+14821.60,264821.60
2026-02-26T16:58:08.425000+00:00,3809,24954.75,-0.7722284197807312,BUY,0.073,-0.772,+50.08,+14871.68,264871.68
2026-02-26T17:04:43.939002+00:00,3810,24994.25,-0.7874354124069214,SELL,0.015,-0.787,+0.00,+14871.68,264871.68
2026-02-26T17:14:49.376000+00:00,3811,24969.0,-0.6902656555175781,BUY,0.097,-0.690,+49.07,+14920.75,264920.75
2026-02-26T17:32:45.596000+00:00,3812,24993.0,-0.7514247894287109,SELL,0.061,-0.751,+0.00,+14920.75,264920.75
2026-02-26T17:36:17.127000+00:00,3813,24968.0,-0.5438742637634277,BUY,0.208,-0.544,+103.78,+15024.52,265024.52
2026-02-26T17:49:15.128035+00:00,3814,24928.0,-0.583957314491272,SELL,0.040,-0.584,+0.00,+15024.52,265024.52
2026-02-26T17:53:18.599001+00:00,3815,24952.0,-0.49574553966522217,BUY,0.088,-0.496,-42.34,+14982.18,264982.18
2026-02-26T18:03:25.407005+00:00,3816,24913.5,-0.6455066204071045,SELL,0.150,-0.646,+0.00,+14982.18,264982.18
2026-02-26T18:19:51.171001+00:00,3817,24928.75,-0.6383731961250305,BUY,0.007,-0.638,-2.18,+14980.01,264980.01
2026-02-26T18:33:45.114029+00:00,3818,24947.0,-0.5794020295143127,BUY,0.059,-0.579,-21.52,+14958.48,264958.48
2026-02-26T18:36:28.253000+00:00,3819,24981.5,-0.725071907043457,SELL,0.146,-0.725,+0.00,+14958.48,264958.48
2026-02-26T18:45:21.401003+00:00,3820,25019.5,-0.7846129536628723,SELL,0.060,-0.785,+0.00,+14958.48,264958.48
2026-02-26T18:48:49.738000+00:00,3821,24990.75,-0.7671306729316711,BUY,0.017,-0.767,+10.05,+14968.53,264968.53
2026-02-26T19:03:14.921002+00:00,3822,25017.25,-0.7184404134750366,BUY,0.049,-0.718,-25.81,+14942.73,264942.73
2026-02-26T19:09:49.271000+00:00,3823,25056.75,-0.7417736649513245,SELL,0.023,-0.742,+0.00,+14942.73,264942.73
2026-02-26T19:28:36.801013+00:00,3824,25046.25,-0.6531126499176025,BUY,0.089,-0.653,+18.62,+14961.35,264961.35
2026-02-26T19:46:55.906000+00:00,3825,25079.5,-0.7656183242797852,SELL,0.113,-0.766,+0.00,+14961.35,264961.35
2026-02-26T20:00:08.809000+00:00,3826,25059.0,-0.611287534236908,BUY,0.154,-0.611,+63.28,+15024.62,265024.62
2026-02-26T20:06:36.207070+00:00,3827,25093.75,-0.6109519004821777,BUY,0.000,-0.611,-0.23,+15024.39,265024.39
2026-02-26T20:09:40.521009+00:00,3828,25054.75,-0.18170388042926788,BUY,0.429,-0.182,+334.81,+15359.20,265359.20
2026-02-26T20:34:38.769000+00:00,3829,25064.0,0.07699315249919891,BUY,0.259,0.077,-33.62,+15325.59,265325.59
2026-02-26T20:59:32.015000+00:00,3830,25080.25,0.6031851172447205,BUY,0.526,0.603,+0.00,+15325.59,265325.59
2026-02-26T21:36:18.114000+00:00,3831,25050.0,0.8006631731987,BUY,0.197,0.801,+0.00,+15325.59,265325.59
2026-02-26T23:00:00.024005+00:00,3832,25018.0,0.8074674010276794,BUY,0.007,0.807,+0.00,+15325.59,265325.59
2026-02-26T23:03:36.810005+00:00,3833,24990.0,0.8482168912887573,BUY,0.041,0.848,+0.00,+15325.59,265325.59
2026-02-26T23:12:01.139000+00:00,3834,24995.0,0.8669363856315613,BUY,0.019,0.867,+0.00,+15325.59,265325.59
2026-02-26T23:19:18.410027+00:00,3835,25035.0,0.8544456958770752,SELL,0.012,0.854,+9.99,+15335.58,265335.58
2026-02-26T23:36:05.906002+00:00,3836,24998.0,0.7325247526168823,SELL,0.122,0.733,-90.22,+15245.36,265245.36
2026-02-27T00:11:03.452000+00:00,3837,25015.0,0.5952983498573303,SELL,0.137,0.595,+46.66,+15292.01,265292.01
2026-02-27T00:33:40.932000+00:00,3838,24986.25,0.4076787829399109,SELL,0.188,0.408,-107.88,+15184.13,265184.13
2026-02-27T00:44:48.508000+00:00,3839,24958.25,0.2795778810977936,SELL,0.128,0.280,-71.74,+15112.40,265112.40
2026-02-27T00:52:04.347001+00:00,3840,24994.75,0.09348156303167343,SELL,0.186,0.093,+135.85,+15248.25,265248.25
2026-02-27T01:15:45.929011+00:00,3841,25015.75,0.15857455134391785,BUY,0.065,0.159,+0.00,+15248.25,265248.25
2026-02-27T01:30:57.647001+00:00,3842,24978.25,0.10026129335165024,SELL,0.058,0.100,-43.73,+15204.51,265204.51
2026-02-27T02:05:55.001001+00:00,3843,25011.0,0.020424578338861465,SELL,0.080,0.020,+52.29,+15256.81,265256.81
2026-02-27T02:57:26.008000+00:00,3844,25025.25,-0.03561064228415489,SELL,0.056,-0.036,+5.82,+15262.63,265262.63
2026-02-27T05:06:28.002000+00:00,3845,25041.75,-0.05432059243321419,SELL,0.019,-0.054,+0.00,+15262.63,265262.63
2026-02-27T06:12:54.954000+00:00,3846,25021.0,-0.046614449471235275,BUY,0.008,-0.047,+3.20,+15265.82,265265.82
2026-02-27T06:35:49.440000+00:00,3847,25031.75,-0.16331402957439423,SELL,0.117,-0.163,+0.00,+15265.82,265265.82
2026-02-27T07:21:57.488001+00:00,3848,25062.0,-0.30277273058891296,SELL,0.139,-0.303,+0.00,+15265.82,265265.82
2026-02-27T08:14:35.883000+00:00,3849,25049.75,-0.35770854353904724,SELL,0.055,-0.358,+0.00,+15265.82,265265.82
2026-02-27T09:06:47.466000+00:00,3850,25078.25,-0.5487579107284546,SELL,0.191,-0.549,+0.00,+15265.82,265265.82
2026-02-27T09:36:18.235000+00:00,3851,25058.5,-0.6190689206123352,SELL,0.070,-0.619,+0.00,+15265.82,265265.82
2026-02-27T10:01:21.938003+00:00,3852,25021.0,-0.684001088142395,SELL,0.065,-0.684,+0.00,+15265.82,265265.82
2026-02-27T10:11:58.967003+00:00,3853,24986.75,-0.7082871198654175,SELL,0.024,-0.708,+0.00,+15265.82,265265.82
2026-02-27T10:17:56.120001+00:00,3854,25006.75,-0.7872748970985413,SELL,0.079,-0.787,+0.00,+15265.82,265265.82
2026-02-27T10:33:59.313000+00:00,3855,25043.0,-0.8771599531173706,SELL,0.090,-0.877,+0.00,+15265.82,265265.82
2026-02-27T10:53:45.779000+00:00,3856,25005.0,-0.9206116795539856,SELL,0.043,-0.921,+0.00,+15265.82,265265.82
2026-02-27T11:36:30.629000+00:00,3857,24972.5,-0.9394720196723938,SELL,0.019,-0.939,+0.00,+15265.82,265265.82
2026-02-27T11:42:21.325000+00:00,3858,24933.5,-0.9504147171974182,SELL,0.011,-0.950,+0.00,+15265.82,265265.82
2026-02-27T12:12:23.920000+00:00,3859,24961.25,-0.9608597755432129,SELL,0.010,-0.961,+0.00,+15265.82,265265.82
2026-02-27T12:38:02.696002+00:00,3860,24954.0,-0.9711312651634216,SELL,0.010,-0.971,+0.00,+15265.82,265265.82
2026-02-27T12:47:30.248006+00:00,3861,24920.25,-0.9746576547622681,SELL,0.004,-0.975,+0.00,+15265.82,265265.82
2026-02-27T13:04:54.071006+00:00,3862,24938.0,-0.9761149883270264,SELL,0.001,-0.976,+0.00,+15265.82,265265.82
2026-02-27T13:18:43.385000+00:00,3863,24902.75,-0.97868412733078,SELL,0.003,-0.979,+0.00,+15265.82,265265.82
2026-02-27T13:26:44.234000+00:00,3864,24884.0,-0.9830037951469421,SELL,0.004,-0.983,+0.00,+15265.82,265265.82
2026-02-27T13:30:01.101074+00:00,3865,24852.0,-0.9804719686508179,BUY,0.003,-0.980,+1.62,+15267.44,265267.44
2026-02-27T13:30:01.607001+00:00,3866,24855.0,-0.980385422706604,BUY,0.000,-0.980,-0.01,+15267.44,265267.44
2026-02-27T13:30:01.981000+00:00,3867,24815.25,-0.9777033925056458,BUY,0.003,-0.978,+2.13,+15269.57,265269.57
2026-02-27T13:30:02.255000+00:00,3868,24855.25,-0.9783075451850891,SELL,0.001,-0.978,+0.00,+15269.57,265269.57
2026-02-27T13:30:06.660002+00:00,3869,24872.5,-0.9768638014793396,BUY,0.001,-0.977,-0.50,+15269.07,265269.07
2026-02-27T13:31:26.959000+00:00,3870,24843.25,-0.9779248237609863,SELL,0.001,-0.978,+0.00,+15269.07,265269.07
2026-02-27T13:36:38.004004+00:00,3871,24818.0,-0.9736270308494568,BUY,0.004,-0.974,+2.17,+15271.24,265271.24
2026-02-27T13:42:43.122022+00:00,3872,24794.5,-0.9778286814689636,SELL,0.004,-0.978,+0.00,+15271.24,265271.24
2026-02-27T13:44:20.770012+00:00,3873,24833.75,-0.9761596918106079,BUY,0.002,-0.976,-1.31,+15269.93,265269.93
2026-02-27T13:59:25.651000+00:00,3874,24872.25,-0.9814354181289673,SELL,0.005,-0.981,+0.00,+15269.93,265269.93
2026-02-27T14:05:35.544006+00:00,3875,24839.25,-0.9834850430488586,SELL,0.002,-0.983,+0.00,+15269.93,265269.93
2026-02-27T14:18:40.689003+00:00,3876,24820.25,-0.9857380390167236,SELL,0.002,-0.986,+0.00,+15269.93,265269.93
2026-02-27T14:28:20.165000+00:00,3877,24798.75,-0.9822178483009338,BUY,0.004,-0.982,+1.51,+15271.45,265271.45
2026-02-27T14:30:05.008001+00:00,3878,24836.0,-0.9805567860603333,BUY,0.002,-0.981,-1.24,+15270.21,265270.21
2026-02-27T14:30:36.478000+00:00,3879,24826.5,-0.9756606817245483,BUY,0.005,-0.976,+0.93,+15271.14,265271.14
2026-02-27T14:32:06.185000+00:00,3880,24845.0,-0.9769534468650818,SELL,0.001,-0.977,+0.00,+15271.14,265271.14
2026-02-27T14:32:52.569000+00:00,3881,24864.5,-0.9759760499000549,BUY,0.001,-0.976,-0.38,+15270.76,265270.76
2026-02-27T14:33:06.041000+00:00,3882,24902.75,-0.9774200916290283,SELL,0.001,-0.977,+0.00,+15270.76,265270.76
2026-02-27T14:34:21.495000+00:00,3883,24864.25,-0.9766789078712463,BUY,0.001,-0.977,+0.57,+15271.33,265271.33
2026-02-27T14:36:29.847000+00:00,3884,24852.0,-0.9779130816459656,SELL,0.001,-0.978,+0.00,+15271.33,265271.33
2026-02-27T14:37:15.261000+00:00,3885,24891.0,-0.9755164384841919,BUY,0.002,-0.976,-1.87,+15269.46,265269.46
2026-02-27T14:37:40.525003+00:00,3886,24851.5,-0.9664604663848877,BUY,0.009,-0.966,+7.15,+15276.61,265276.61
2026-02-27T14:38:23.419000+00:00,3887,24880.5,-0.9639750123023987,BUY,0.002,-0.964,-1.44,+15275.17,265275.17
2026-02-27T14:39:42.226002+00:00,3888,24899.0,-0.9724590182304382,SELL,0.008,-0.972,+0.00,+15275.17,265275.17
2026-02-27T14:40:20.361000+00:00,3889,24868.25,-0.9671198129653931,BUY,0.005,-0.967,+3.28,+15278.46,265278.46
2026-02-27T14:42:03.434000+00:00,3890,24845.0,-0.959373414516449,BUY,0.008,-0.959,+3.60,+15282.06,265282.06
2026-02-27T14:43:02.209002+00:00,3891,24814.5,-0.9536911845207214,BUY,0.006,-0.954,+3.47,+15285.53,265285.53
2026-02-27T14:44:15.927000+00:00,3892,24822.0,-0.9299467206001282,BUY,0.024,-0.930,-3.56,+15281.96,265281.96
2026-02-27T14:44:43.965002+00:00,3893,24858.5,-0.9208032488822937,BUY,0.009,-0.921,-6.67,+15275.29,265275.29
2026-02-27T14:45:03.963000+00:00,3894,24823.5,-0.8809037208557129,BUY,0.040,-0.881,+27.93,+15303.22,265303.22
2026-02-27T14:45:29.658000+00:00,3895,24856.25,-0.8793879747390747,BUY,0.002,-0.879,-0.99,+15302.23,265302.23
2026-02-27T14:46:17.879000+00:00,3896,24893.5,-0.8342875838279724,BUY,0.045,-0.834,-33.60,+15268.63,265268.63
2026-02-27T14:47:07.813000+00:00,3897,24874.0,-0.8242408633232117,BUY,0.010,-0.824,+3.92,+15272.54,265272.54
2026-02-27T14:48:05.335000+00:00,3898,24898.5,-0.7822773456573486,BUY,0.042,-0.782,-20.56,+15251.98,265251.98
2026-02-27T14:48:40.437033+00:00,3899,24916.5,-0.8622139096260071,SELL,0.080,-0.862,+0.00,+15251.98,265251.98
2026-02-27T14:50:46.138002+00:00,3900,24898.5,-0.9256242513656616,SELL,0.063,-0.926,+0.00,+15251.98,265251.98
2026-02-27T14:51:32.481000+00:00,3901,24932.25,-0.9304254651069641,SELL,0.005,-0.930,+0.00,+15251.98,265251.98
2026-02-27T14:52:22.363001+00:00,3902,24895.25,-0.9164420962333679,BUY,0.014,-0.916,+10.35,+15262.33,265262.33
2026-02-27T14:55:35.143000+00:00,3903,24866.25,-0.8899473547935486,BUY,0.026,-0.890,+15.37,+15277.70,265277.70
2026-02-27T14:57:24.368000+00:00,3904,24890.0,-0.8497343063354492,BUY,0.040,-0.850,-19.10,+15258.60,265258.60
2026-02-27T15:00:16.069000+00:00,3905,24900.25,-0.8231979608535767,BUY,0.027,-0.823,-5.44,+15253.16,265253.16
2026-02-27T15:01:01.607001+00:00,3906,24906.5,-0.7274735569953918,BUY,0.096,-0.727,-11.97,+15241.19,265241.19
2026-02-27T15:02:38.549105+00:00,3907,24941.25,-0.7484211921691895,SELL,0.021,-0.748,+0.00,+15241.19,265241.19
2026-02-27T15:03:47.219002+00:00,3908,24913.5,-0.7038256525993347,BUY,0.045,-0.704,+24.75,+15265.94,265265.94
2026-02-27T15:05:04.300002+00:00,3909,24933.25,-0.5161750912666321,BUY,0.188,-0.516,-74.12,+15191.82,265191.82
2026-02-27T15:07:54.857000+00:00,3910,24967.5,-0.2537035644054413,BUY,0.262,-0.254,-179.79,+15012.03,265012.03
2026-02-27T15:11:53.042002+00:00,3911,24992.25,-0.21864783763885498,BUY,0.035,-0.219,-17.35,+14994.67,264994.67
2026-02-27T15:14:56.379003+00:00,3912,24953.5,-0.09084460884332657,BUY,0.128,-0.091,+99.05,+15093.72,265093.72
2026-02-27T15:18:28.255000+00:00,3913,24931.0,-0.13295243680477142,SELL,0.042,-0.133,+0.00,+15093.72,265093.72
2026-02-27T15:20:24.944000+00:00,3914,24961.25,-0.014005058445036411,BUY,0.119,-0.014,-71.96,+15021.76,265021.76
2026-02-27T15:24:33.174000+00:00,3915,24984.5,0.022654259577393532,BUY,0.037,0.023,-6.51,+15015.24,265015.24
2026-02-27T15:25:33.244023+00:00,3916,24957.5,0.022905610501766205,BUY,0.000,0.023,+0.00,+15015.24,265015.24
2026-02-27T15:32:25.077001+00:00,3917,24943.5,0.01757049560546875,SELL,0.005,0.018,-1.49,+15013.75,265013.75
2026-02-27T15:33:51.897000+00:00,3918,24968.0,0.01341968309134245,SELL,0.004,0.013,+2.03,+15015.78,265015.78
2026-02-27T15:37:11.641001+00:00,3919,24987.0,0.011076243594288826,SELL,0.002,0.011,+0.89,+15016.68,265016.68
2026-02-27T15:43:24.111009+00:00,3920,24995.5,-0.04789195582270622,SELL,0.059,-0.048,+1.88,+15018.56,265018.56
2026-02-27T15:48:19.965001+00:00,3921,24977.25,-0.0029087134171277285,BUY,0.045,-0.003,+16.42,+15034.98,265034.98
2026-02-27T15:51:10.073001+00:00,3922,24958.5,0.03391363099217415,BUY,0.037,0.034,+1.09,+15036.07,265036.07
2026-02-27T15:56:20.433000+00:00,3923,24962.5,0.0005292090936563909,SELL,0.033,0.001,+2.67,+15038.74,265038.74
2026-02-27T16:01:08.620000+00:00,3924,24989.5,0.01209607720375061,BUY,0.012,0.012,+0.00,+15038.74,265038.74
2026-02-27T16:07:04.877000+00:00,3925,24981.5,-0.07142838835716248,SELL,0.084,-0.071,-1.94,+15036.80,265036.80
2026-02-27T16:09:30.901002+00:00,3926,24947.75,-0.09201528877019882,SELL,0.021,-0.092,+0.00,+15036.80,265036.80
2026-02-27T16:13:25.706001+00:00,3927,24983.25,-0.08253701776266098,BUY,0.009,-0.083,-6.73,+15030.07,265030.07
2026-02-27T16:20:15.011004+00:00,3928,24973.75,-0.025114156305789948,BUY,0.057,-0.025,+10.91,+15040.98,265040.98
2026-02-27T16:26:12.735000+00:00,3929,24994.75,0.01810571923851967,BUY,0.043,0.018,-10.55,+15030.44,265030.44
2026-02-27T16:32:10.863008+00:00,3930,25002.75,0.028755689039826393,BUY,0.011,0.029,+0.00,+15030.44,265030.44
2026-02-27T16:40:02.192010+00:00,3931,24969.75,0.012011194601655006,SELL,0.017,0.012,-11.05,+15019.38,265019.38
2026-02-27T16:45:05.753000+00:00,3932,24931.5,-0.010062365792691708,SELL,0.022,-0.010,-9.19,+15010.20,265010.20
2026-02-27T16:51:39.570000+00:00,3933,24971.5,-0.26818788051605225,SELL,0.258,-0.268,+0.00,+15010.20,265010.20
2026-02-27T16:55:20.109000+00:00,3934,25004.0,-0.25685039162635803,BUY,0.011,-0.257,-7.37,+15002.83,265002.83
2026-02-27T16:59:40.785000+00:00,3935,24965.5,-0.14727677404880524,BUY,0.110,-0.147,+84.37,+15087.20,265087.20
2026-02-27T17:02:23.635011+00:00,3936,25005.0,-0.17832989990711212,SELL,0.031,-0.178,+0.00,+15087.20,265087.20
2026-02-27T17:08:52.324046+00:00,3937,25033.25,-0.30946215987205505,SELL,0.131,-0.309,+0.00,+15087.20,265087.20
2026-02-27T17:10:58.208001+00:00,3938,24996.75,-0.2768976092338562,BUY,0.033,-0.277,+23.77,+15110.97,265110.97
2026-02-27T17:14:48.273003+00:00,3939,24958.25,-0.24773164093494415,BUY,0.029,-0.248,+22.46,+15133.43,265133.43
2026-02-27T17:22:02.139000+00:00,3940,24922.75,-0.24204769730567932,BUY,0.006,-0.242,+4.04,+15137.46,265137.46
2026-02-27T17:24:51.806001+00:00,3941,24940.5,-0.3286905288696289,SELL,0.087,-0.329,+0.00,+15137.46,265137.46
2026-02-27T17:30:21.464000+00:00,3942,24975.0,-0.6644055843353271,SELL,0.336,-0.664,+0.00,+15137.46,265137.46
2026-02-27T17:31:18.613004+00:00,3943,24944.5,-0.6590242981910706,BUY,0.005,-0.659,+3.28,+15140.75,265140.75
2026-02-27T17:32:12.616179+00:00,3944,24970.0,-0.7117431163787842,SELL,0.053,-0.712,+0.00,+15140.75,265140.75
2026-02-27T17:36:40.328006+00:00,3945,24991.25,-0.7977145910263062,SELL,0.086,-0.798,+0.00,+15140.75,265140.75
2026-02-27T17:40:27.550000+00:00,3946,24954.0,-0.8655354380607605,SELL,0.068,-0.866,+0.00,+15140.75,265140.75
2026-02-27T17:46:15.789006+00:00,3947,24920.0,-0.853206992149353,BUY,0.012,-0.853,+8.38,+15149.13,265149.13
2026-02-27T18:00:27.663000+00:00,3948,24954.0,-0.8337832689285278,BUY,0.019,-0.834,-13.21,+15135.92,265135.92
2026-02-27T18:10:19.223000+00:00,3949,24915.25,-0.8063578009605408,BUY,0.027,-0.806,+21.25,+15157.18,265157.18
2026-02-27T18:20:14.504001+00:00,3950,24893.5,-0.8241264820098877,SELL,0.018,-0.824,+0.00,+15157.18,265157.18
2026-02-27T18:29:34.588002+00:00,3951,24914.75,-0.8455809950828552,SELL,0.021,-0.846,+0.00,+15157.18,265157.18
2026-02-27T18:41:06.414000+00:00,3952,24928.0,-0.8914702534675598,SELL,0.046,-0.891,+0.00,+15157.18,265157.18
2026-02-27T18:56:12.490000+00:00,3953,24891.0,-0.9097017049789429,SELL,0.018,-0.910,+0.00,+15157.18,265157.18
2026-02-27T19:02:24.207000+00:00,3954,24926.0,-0.9280312657356262,SELL,0.018,-0.928,+0.00,+15157.18,265157.18
2026-02-27T19:06:31.556073+00:00,3955,24960.5,-0.9430489540100098,SELL,0.015,-0.943,+0.00,+15157.18,265157.18
2026-02-27T19:08:42.016030+00:00,3956,24923.0,-0.9375052452087402,BUY,0.006,-0.938,+4.16,+15161.33,265161.33
2026-02-27T19:43:12.177000+00:00,3957,24886.25,-0.9296965599060059,BUY,0.008,-0.930,+5.74,+15167.07,265167.07
2026-02-27T20:02:10.014001+00:00,3958,24913.0,-0.933186948299408,SELL,0.003,-0.933,+0.00,+15167.07,265167.07
2026-02-27T20:10:57.284105+00:00,3959,24938.0,-0.9302040338516235,BUY,0.003,-0.930,-1.49,+15165.58,265165.58
2026-02-27T20:15:02.891000+00:00,3960,24971.25,-0.9159931540489197,BUY,0.014,-0.916,-9.45,+15156.13,265156.13
2026-02-27T20:34:16.868001+00:00,3961,24964.5,-0.9145750403404236,BUY,0.001,-0.915,+0.19,+15156.32,265156.32
2026-02-27T20:38:34.236000+00:00,3962,24925.0,-0.8915218114852905,BUY,0.023,-0.892,+18.21,+15174.54,265174.54
2026-02-27T20:50:08.401000+00:00,3963,24962.0,-0.8107892274856567,BUY,0.081,-0.811,-59.74,+15114.79,265114.79
2026-02-27T20:55:00.024011+00:00,3964,24986.0,-0.8015521168708801,BUY,0.009,-0.802,-4.43,+15110.36,265110.36
2026-02-27T20:59:43.826034+00:00,3965,25006.5,-0.7814938426017761,BUY,0.020,-0.781,-8.22,+15102.14,265102.14
2026-02-27T21:00:02.002000+00:00,3966,24982.75,-0.7064563035964966,BUY,0.075,-0.706,+35.64,+15137.78,265137.78
2026-02-27T21:21:20.296000+00:00,3967,24952.5,-0.6483479142189026,BUY,0.058,-0.648,+35.16,+15172.93,265172.93
2026-03-01T23:00:00+00:00,3968,24912.5,-0.6394179463386536,BUY,0.009,-0.639,+7.14,+15180.08,265180.08
2026-03-01T23:00:00.000001+00:00,3969,24872.5,-0.5688124299049377,BUY,0.071,-0.569,+56.48,+15236.56,265236.56
2026-03-01T23:00:00.000002+00:00,3970,24832.5,-0.5444087982177734,BUY,0.024,-0.544,+19.52,+15256.09,265256.09
2026-03-01T23:00:00.000003+00:00,3971,24792.5,-0.5499143600463867,SELL,0.006,-0.550,+0.00,+15256.09,265256.09
2026-03-01T23:00:00.000004+00:00,3972,24752.5,-0.410404771566391,BUY,0.140,-0.410,+111.61,+15367.69,265367.69
2026-03-01T23:00:00.000005+00:00,3973,24712.5,-0.2683652639389038,BUY,0.142,-0.268,+113.63,+15481.32,265481.32
2026-03-01T23:00:00.011005+00:00,3974,24672.5,0.2740565836429596,BUY,0.542,0.274,+214.69,+15696.02,265696.02
2026-03-01T23:00:00.377002+00:00,3975,24642.5,0.7172867655754089,BUY,0.443,0.717,+0.00,+15696.02,265696.02
2026-03-01T23:00:00.642000+00:00,3976,24638.25,0.8506234288215637,BUY,0.133,0.851,+0.00,+15696.02,265696.02
2026-03-01T23:00:00.862000+00:00,3977,24678.25,0.8980219960212708,BUY,0.047,0.898,+0.00,+15696.02,265696.02
2026-03-01T23:00:06.263003+00:00,3978,24690.25,0.9447920322418213,BUY,0.047,0.945,+0.00,+15696.02,265696.02
2026-03-01T23:00:09.237000+00:00,3979,24728.25,0.9365721344947815,SELL,0.008,0.937,+6.25,+15702.26,265702.26
2026-03-01T23:00:17.045001+00:00,3980,24688.25,0.947942852973938,BUY,0.011,0.948,+0.00,+15702.26,265702.26
2026-03-01T23:00:28.003006+00:00,3981,24716.75,0.948103666305542,BUY,0.000,0.948,+0.00,+15702.26,265702.26
2026-03-01T23:01:06.345000+00:00,3982,24692.25,0.9309619665145874,SELL,0.017,0.931,-8.40,+15693.86,265693.86
2026-03-01T23:01:28.673007+00:00,3983,24730.5,0.7947555184364319,SELL,0.136,0.795,+104.20,+15798.06,265798.06
2026-03-01T23:01:53.340009+00:00,3984,24760.0,0.5499853491783142,SELL,0.245,0.550,+144.41,+15942.48,265942.48
2026-03-01T23:02:00.216002+00:00,3985,24723.75,0.4080052375793457,SELL,0.142,0.408,-102.94,+15839.54,265839.54
2026-03-01T23:02:12.885030+00:00,3986,24756.0,-0.10779847204685211,SELL,0.516,-0.108,+263.16,+16102.70,266102.70
2026-03-01T23:03:45.838004+00:00,3987,24720.0,-0.472904771566391,SELL,0.365,-0.473,+0.00,+16102.70,266102.70
2026-03-01T23:04:06.476000+00:00,3988,24697.0,-0.4613058865070343,BUY,0.012,-0.461,+5.34,+16108.04,266108.04
2026-03-01T23:04:31.819000+00:00,3989,24728.75,-0.47396254539489746,SELL,0.013,-0.474,+0.00,+16108.04,266108.04
2026-03-01T23:05:51.000005+00:00,3990,24768.75,-0.7071406245231628,SELL,0.233,-0.707,+0.00,+16108.04,266108.04
2026-03-01T23:06:51.904004+00:00,3991,24786.25,-0.8779726028442383,SELL,0.171,-0.878,+0.00,+16108.04,266108.04
2026-03-01T23:10:03.956005+00:00,3992,24797.75,-0.9330827593803406,SELL,0.055,-0.933,+0.00,+16108.04,266108.04
2026-03-01T23:13:35.608000+00:00,3993,24775.0,-0.9523739218711853,SELL,0.019,-0.952,+0.00,+16108.04,266108.04
2026-03-01T23:17:13.780003+00:00,3994,24798.0,-0.9687992930412292,SELL,0.016,-0.969,+0.00,+16108.04,266108.04
2026-03-01T23:27:46.668003+00:00,3995,24760.75,-0.9800010919570923,SELL,0.011,-0.980,+0.00,+16108.04,266108.04
2026-03-01T23:31:28.196011+00:00,3996,24735.0,-0.9834104776382446,SELL,0.003,-0.983,+0.00,+16108.04,266108.04
2026-03-01T23:37:05.432000+00:00,3997,24729.0,-0.983664870262146,SELL,0.000,-0.984,+0.00,+16108.04,266108.04
2026-03-01T23:40:03.931000+00:00,3998,24754.75,-0.9876646399497986,SELL,0.004,-0.988,+0.00,+16108.04,266108.04
2026-03-01T23:51:47.120012+00:00,3999,24738.5,-0.9894627332687378,SELL,0.002,-0.989,+0.00,+16108.04,266108.04
2026-03-02T00:09:49.736012+00:00,4000,24763.5,-0.9926636219024658,SELL,0.003,-0.993,+0.00,+16108.04,266108.04
2026-03-02T00:15:42.032001+00:00,4001,24738.5,-0.9944014549255371,SELL,0.002,-0.994,+0.00,+16108.04,266108.04
2026-03-02T00:44:11.705006+00:00,4002,24752.75,-0.9964802265167236,SELL,0.002,-0.996,+0.00,+16108.04,266108.04
2026-03-02T00:52:51.808020+00:00,4003,24784.0,-0.9973081946372986,SELL,0.001,-0.997,+0.00,+16108.04,266108.04
2026-03-02T01:05:52.711001+00:00,4004,24810.0,-0.997841477394104,SELL,0.001,-0.998,+0.00,+16108.04,266108.04
2026-03-02T01:08:46.658005+00:00,4005,24841.0,-0.9980964660644531,SELL,0.000,-0.998,+0.00,+16108.04,266108.04
2026-03-02T01:10:42.165000+00:00,4006,24873.0,-0.9986975789070129,SELL,0.001,-0.999,+0.00,+16108.04,266108.04
2026-03-02T01:24:04.281002+00:00,4007,24853.25,-0.9983039498329163,BUY,0.000,-0.998,+0.16,+16108.20,266108.20
2026-03-02T01:30:57.756002+00:00,4008,24887.75,-0.9972521066665649,BUY,0.001,-0.997,-0.73,+16107.47,266107.47
2026-03-02T01:46:12.865000+00:00,4009,24861.25,-0.9967442750930786,BUY,0.001,-0.997,+0.27,+16107.74,266107.74
2026-03-02T02:10:02.146002+00:00,4010,24833.75,-0.9961597323417664,BUY,0.001,-0.996,+0.32,+16108.06,266108.06
2026-03-02T02:30:16.980000+00:00,4011,24805.5,-0.9946185946464539,BUY,0.002,-0.995,+0.87,+16108.93,266108.93
2026-03-02T02:40:25.141003+00:00,4012,24844.0,-0.9925187230110168,BUY,0.002,-0.993,-1.62,+16107.31,266107.31
2026-03-02T02:52:13.449000+00:00,4013,24807.25,-0.9860814809799194,BUY,0.006,-0.986,+4.73,+16112.05,266112.05
2026-03-02T03:34:57.077000+00:00,4014,24795.5,-0.9803402423858643,BUY,0.006,-0.980,+1.35,+16113.40,266113.40
2026-03-02T04:19:49.608008+00:00,4015,24774.0,-0.9734552502632141,BUY,0.007,-0.973,+2.96,+16116.36,266116.36
2026-03-02T04:23:20.007000+00:00,4016,24741.5,-0.9541341662406921,BUY,0.019,-0.954,+12.56,+16128.91,266128.91
2026-03-02T04:24:07.933001+00:00,4017,24780.75,-0.9340842962265015,BUY,0.020,-0.934,-15.74,+16113.18,266113.18
2026-03-02T04:40:11.031000+00:00,4018,24812.0,-0.9387069344520569,SELL,0.005,-0.939,+0.00,+16113.18,266113.18
2026-03-02T04:50:01.049000+00:00,4019,24777.75,-0.9503754377365112,SELL,0.012,-0.950,+0.00,+16113.18,266113.18
2026-03-02T05:06:07.762000+00:00,4020,24741.25,-0.9378907084465027,BUY,0.012,-0.938,+9.11,+16122.29,266122.29
2026-03-02T05:51:01.201000+00:00,4021,24717.5,-0.9186277389526367,BUY,0.019,-0.919,+9.15,+16131.44,266131.44
2026-03-02T05:58:59.150002+00:00,4022,24683.25,-0.8711837530136108,BUY,0.047,-0.871,+32.50,+16163.94,266163.94
2026-03-02T06:19:07.800000+00:00,4023,24663.0,-0.7869307994842529,BUY,0.084,-0.787,+34.12,+16198.06,266198.06
2026-03-02T06:29:46.218000+00:00,4024,24673.5,-0.49361729621887207,BUY,0.293,-0.494,-61.60,+16136.46,266136.46
2026-03-02T06:38:29.312005+00:00,4025,24639.25,-0.37959349155426025,BUY,0.114,-0.380,+78.11,+16214.57,266214.57
2026-03-02T06:45:19.715001+00:00,4026,24603.0,-0.38775864243507385,SELL,0.008,-0.388,+0.00,+16214.57,266214.57
2026-03-02T06:49:39.879000+00:00,4027,24579.75,-0.17306990921497345,BUY,0.215,-0.173,+99.83,+16314.40,266314.40
2026-03-02T06:51:38.810006+00:00,4028,24543.0,0.15224188566207886,BUY,0.325,0.152,+127.21,+16441.61,266441.61
2026-03-02T06:52:13.432026+00:00,4029,24568.0,0.31441164016723633,BUY,0.162,0.314,+0.00,+16441.61,266441.61
2026-03-02T07:08:27.847000+00:00,4030,24561.75,0.4676603078842163,BUY,0.153,0.468,+0.00,+16441.61,266441.61
2026-03-02T07:12:52.168000+00:00,4031,24573.5,0.5736183524131775,BUY,0.106,0.574,+0.00,+16441.61,266441.61
2026-03-02T07:18:40.810001+00:00,4032,24538.5,0.779841959476471,BUY,0.206,0.780,+0.00,+16441.61,266441.61
2026-03-02T07:22:57.805022+00:00,4033,24574.75,0.7757580876350403,SELL,0.004,0.776,+2.96,+16444.57,266444.57
2026-03-02T07:35:07.208001+00:00,4034,24548.0,0.8623278141021729,BUY,0.087,0.862,+0.00,+16444.57,266444.57
2026-03-02T07:54:58.109000+00:00,4035,24542.0,0.9223254323005676,BUY,0.060,0.922,+0.00,+16444.57,266444.57
2026-03-02T08:00:20.452031+00:00,4036,24522.0,0.9448331594467163,BUY,0.023,0.945,+0.00,+16444.57,266444.57
2026-03-02T08:03:09.138000+00:00,4037,24547.5,0.9670872688293457,BUY,0.022,0.967,+0.00,+16444.57,266444.57
2026-03-02T08:05:17.565000+00:00,4038,24515.25,0.9679560661315918,BUY,0.001,0.968,+0.00,+16444.57,266444.57
2026-03-02T08:11:23.062000+00:00,4039,24499.25,0.9776968359947205,BUY,0.010,0.978,+0.00,+16444.57,266444.57
2026-03-02T08:14:18.747004+00:00,4040,24523.0,0.9850108623504639,BUY,0.007,0.985,+0.00,+16444.57,266444.57
2026-03-02T08:17:16.126001+00:00,4041,24496.75,0.9836522340774536,SELL,0.001,0.984,-0.71,+16443.86,266443.86
2026-03-02T08:20:21.012000+00:00,4042,24518.0,0.9855267405509949,BUY,0.002,0.986,+0.00,+16443.86,266443.86
2026-03-02T08:24:36.622008+00:00,4043,24478.0,0.9872204661369324,BUY,0.002,0.987,+0.00,+16443.86,266443.86
2026-03-02T08:32:47.287000+00:00,4044,24517.0,0.9900878071784973,BUY,0.003,0.990,+0.00,+16443.86,266443.86
2026-03-02T08:39:20.946005+00:00,4045,24545.75,0.9945282340049744,BUY,0.004,0.995,+0.00,+16443.86,266443.86
2026-03-02T08:46:12.551001+00:00,4046,24581.0,0.9978668689727783,BUY,0.003,0.998,+0.00,+16443.86,266443.86
2026-03-02T08:50:43.326000+00:00,4047,24585.25,0.9994447231292725,BUY,0.002,0.999,+0.00,+16443.86,266443.86
2026-03-02T09:04:04.903000+00:00,4048,24592.0,0.9995279312133789,BUY,0.000,1.000,+0.00,+16443.86,266443.86
2026-03-02T09:08:32.301000+00:00,4049,24610.5,0.9994491338729858,SELL,0.000,0.999,+0.03,+16443.88,266443.88
2026-03-02T09:17:28.617001+00:00,4050,24641.75,0.9993297457695007,SELL,0.000,0.999,+0.07,+16443.96,266443.96
2026-03-02T09:42:06.793000+00:00,4051,24614.25,0.9992910623550415,SELL,0.000,0.999,-0.02,+16443.94,266443.94
2026-03-02T10:02:08.187002+00:00,4052,24650.25,0.9989567995071411,SELL,0.000,0.999,+0.24,+16444.18,266444.18
2026-03-02T10:11:30.238004+00:00,4053,24644.25,0.9984216094017029,SELL,0.001,0.998,-0.06,+16444.11,266444.11
2026-03-02T10:22:08.557000+00:00,4054,24672.5,0.9978687167167664,SELL,0.001,0.998,+0.31,+16444.43,266444.43
2026-03-02T10:35:23.596000+00:00,4055,24678.0,0.996148943901062,SELL,0.002,0.996,+0.19,+16444.62,266444.62
2026-03-02T10:56:16.795005+00:00,4056,24644.25,0.9946467280387878,SELL,0.002,0.995,-1.01,+16443.60,266443.60
2026-03-02T11:33:01.797000+00:00,4057,24675.0,0.9887792468070984,SELL,0.006,0.989,+3.61,+16447.21,266447.21
2026-03-02T11:45:55.546000+00:00,4058,24702.25,0.979704737663269,SELL,0.009,0.980,+4.95,+16452.16,266452.16
2026-03-02T11:54:44.133000+00:00,4059,24689.0,0.9721629619598389,SELL,0.008,0.972,-2.00,+16450.16,266450.16
2026-03-02T12:07:51.415008+00:00,4060,24665.5,0.9613153338432312,SELL,0.011,0.961,-5.10,+16445.06,266445.06
2026-03-02T12:36:50.702005+00:00,4061,24628.75,0.9627500772476196,BUY,0.001,0.963,+0.00,+16445.06,266445.06
2026-03-02T12:54:38.682002+00:00,4062,24624.0,0.9752746820449829,BUY,0.013,0.975,+0.00,+16445.06,266445.06
2026-03-02T13:02:05.043000+00:00,4063,24649.75,0.9864286184310913,BUY,0.011,0.986,+0.00,+16445.06,266445.06
2026-03-02T13:10:24.987002+00:00,4064,24661.75,0.9918034672737122,BUY,0.005,0.992,+0.00,+16445.06,266445.06
2026-03-02T13:21:01.166001+00:00,4065,24684.0,0.9932712316513062,BUY,0.001,0.993,+0.00,+16445.06,266445.06
2026-03-02T13:25:11.109003+00:00,4066,24722.5,0.9945831298828125,BUY,0.001,0.995,+0.00,+16445.06,266445.06
2026-03-02T13:28:02.476000+00:00,4067,24699.25,0.9965967535972595,BUY,0.002,0.997,+0.00,+16445.06,266445.06
2026-03-02T13:37:11.984014+00:00,4068,24673.5,0.9979994297027588,BUY,0.001,0.998,+0.00,+16445.06,266445.06
2026-03-02T13:52:06.520000+00:00,4069,24647.0,0.9991307854652405,BUY,0.001,0.999,+0.00,+16445.06,266445.06
2026-03-02T13:57:36.537000+00:00,4070,24619.25,0.9995570778846741,BUY,0.000,1.000,+0.00,+16445.06,266445.06
2026-03-02T14:05:28.408004+00:00,4071,24632.75,0.9996926188468933,BUY,0.000,1.000,+0.00,+16445.06,266445.06
2026-03-02T14:27:13.745002+00:00,4072,24612.0,0.9998235106468201,BUY,0.000,1.000,+0.00,+16445.06,266445.06
2026-03-02T14:29:40.494002+00:00,4073,24648.0,0.9998642802238464,BUY,0.000,1.000,+0.00,+16445.06,266445.06
2026-03-02T14:30:24.000002+00:00,4074,24622.75,0.9998685121536255,BUY,0.000,1.000,+0.00,+16445.06,266445.06
2026-03-02T14:30:42.725000+00:00,4075,24645.25,0.9998876452445984,BUY,0.000,1.000,+0.00,+16445.06,266445.06
2026-03-02T14:30:55.959000+00:00,4076,24680.25,0.9998645186424255,SELL,0.000,1.000,+0.02,+16445.07,266445.07
2026-03-02T14:31:09.061000+00:00,4077,24713.25,0.9998289346694946,SELL,0.000,1.000,+0.02,+16445.10,266445.10
2026-03-02T14:31:53.244002+00:00,4078,24749.5,0.9997622966766357,SELL,0.000,1.000,+0.05,+16445.15,266445.15
2026-03-02T14:32:39.488000+00:00,4079,24766.5,0.9996837973594666,SELL,0.000,1.000,+0.03,+16445.17,266445.17
2026-03-02T14:33:26.454000+00:00,4080,24804.25,0.9995315670967102,SELL,0.000,1.000,+0.11,+16445.29,266445.29
2026-03-02T14:34:29.059002+00:00,4081,24819.25,0.9991316795349121,SELL,0.000,0.999,+0.12,+16445.41,266445.41
2026-03-02T14:36:10.932000+00:00,4082,24856.75,0.9984871745109558,SELL,0.001,0.998,+0.48,+16445.89,266445.89
2026-03-02T14:37:12.160032+00:00,4083,24879.0,0.9973061680793762,SELL,0.001,0.997,+0.53,+16446.42,266446.42
2026-03-02T14:38:06.801000+00:00,4084,24845.0,0.9967340230941772,SELL,0.001,0.997,-0.39,+16446.03,266446.03
2026-03-02T14:39:21.448000+00:00,4085,24814.5,0.9969150424003601,BUY,0.000,0.997,+0.00,+16446.03,266446.03
2026-03-02T14:40:30.490000+00:00,4086,24835.75,0.9966132044792175,SELL,0.000,0.997,+0.13,+16446.16,266446.16
2026-03-02T14:40:58.143001+00:00,4087,24808.75,0.9964600801467896,SELL,0.000,0.996,-0.08,+16446.07,266446.07
2026-03-02T14:43:14.010000+00:00,4088,24841.5,0.9921865463256836,SELL,0.004,0.992,+2.80,+16448.87,266448.87
2026-03-02T14:43:33.443003+00:00,4089,24807.25,0.9931479096412659,BUY,0.001,0.993,+0.00,+16448.87,266448.87
2026-03-02T14:44:15.722000+00:00,4090,24840.0,0.9922928810119629,SELL,0.001,0.992,+0.56,+16449.43,266449.43
2026-03-02T14:45:05.734003+00:00,4091,24815.0,0.9533975720405579,SELL,0.039,0.953,-19.45,+16429.99,266429.99
2026-03-02T14:45:18.227002+00:00,4092,24855.0,0.8551785945892334,SELL,0.098,0.855,+78.58,+16508.56,266508.56
2026-03-02T14:47:18.476020+00:00,4093,24840.75,0.7615584135055542,SELL,0.094,0.762,-26.68,+16481.88,266481.88
2026-03-02T14:48:02.881000+00:00,4094,24880.0,0.5714454650878906,SELL,0.190,0.571,+149.24,+16631.12,266631.12
2026-03-02T14:51:28.710008+00:00,4095,24858.5,0.36708155274391174,SELL,0.204,0.367,-87.88,+16543.24,266543.24
2026-03-02T14:52:06.110014+00:00,4096,24834.75,0.19109316170215607,SELL,0.176,0.191,-83.59,+16459.65,266459.65
2026-03-02T14:54:57.429007+00:00,4097,24849.5,-0.056832797825336456,SELL,0.248,-0.057,+56.37,+16516.02,266516.02
2026-03-02T14:56:23.740000+00:00,4098,24825.75,-0.13770398497581482,SELL,0.081,-0.138,+0.00,+16516.02,266516.02
2026-03-02T14:57:18.049000+00:00,4099,24860.0,-0.12756386399269104,BUY,0.010,-0.128,-6.95,+16509.07,266509.07
2026-03-02T15:00:34.874001+00:00,4100,24829.0,-0.0944807380437851,BUY,0.033,-0.094,+20.51,+16529.58,266529.58
2026-03-02T15:01:28.654000+00:00,4101,24842.0,-0.03061063215136528,BUY,0.064,-0.031,-16.61,+16512.98,266512.98
2026-03-02T15:02:00.814006+00:00,4102,24882.0,-0.013236761093139648,BUY,0.017,-0.013,-13.90,+16499.08,266499.08
2026-03-02T15:04:00.208025+00:00,4103,24902.0,-0.021252382546663284,SELL,0.008,-0.021,+0.00,+16499.08,266499.08
2026-03-02T15:07:08.303005+00:00,4104,24907.5,-0.0030719744972884655,BUY,0.018,-0.003,-2.00,+16497.08,266497.08
2026-03-02T15:11:16.909004+00:00,4105,24934.5,0.004569234326481819,BUY,0.008,0.005,-1.66,+16495.42,266495.42
2026-03-02T15:18:27.656058+00:00,4106,24907.75,-0.02084914967417717,SELL,0.025,-0.021,-2.44,+16492.98,266492.98
2026-03-02T15:21:34.843000+00:00,4107,24885.0,-0.043588653206825256,SELL,0.023,-0.044,+0.00,+16492.98,266492.98
2026-03-02T15:23:12.936001+00:00,4108,24906.75,-0.05123879387974739,SELL,0.008,-0.051,+0.00,+16492.98,266492.98
2026-03-02T15:27:37.734000+00:00,4109,24887.5,-0.040313731878995895,BUY,0.011,-0.040,+4.21,+16497.18,266497.18
2026-03-02T15:30:22.437000+00:00,4110,24897.0,-0.02632058411836624,BUY,0.014,-0.026,-2.66,+16494.52,266494.52
2026-03-02T15:31:31.055000+00:00,4111,24860.25,-0.03308544307947159,SELL,0.007,-0.033,+0.00,+16494.52,266494.52
2026-03-02T15:37:20.731002+00:00,4112,24882.0,-0.0267840214073658,BUY,0.006,-0.027,-2.74,+16491.78,266491.78
2026-03-02T15:39:43.361009+00:00,4113,24911.75,-0.028853999450802803,SELL,0.002,-0.029,+0.00,+16491.78,266491.78
2026-03-02T15:43:51.006000+00:00,4114,24934.75,-0.019446097314357758,BUY,0.009,-0.019,-4.33,+16487.45,266487.45
2026-03-02T15:48:53.674001+00:00,4115,24918.5,-0.01578904129564762,BUY,0.004,-0.016,+1.19,+16488.64,266488.64
2026-03-02T15:53:04.398001+00:00,4116,24907.75,-0.015587173402309418,BUY,0.000,-0.016,+0.04,+16488.69,266488.69
2026-03-02T15:56:11.380005+00:00,4117,24917.5,-0.009359567426145077,BUY,0.006,-0.009,-1.21,+16487.47,266487.47
2026-03-02T16:04:42.642000+00:00,4118,24932.5,-0.006116138771176338,BUY,0.003,-0.006,-0.97,+16486.50,266486.50
2026-03-02T16:08:23.008006+00:00,4119,24960.25,0.001994335325434804,BUY,0.008,0.002,-3.39,+16483.10,266483.10
2026-03-02T16:15:37.106002+00:00,4120,24951.25,0.005472221877425909,BUY,0.003,0.005,+0.00,+16483.10,266483.10
2026-03-02T16:20:05.220000+00:00,4121,24920.5,0.004933794029057026,SELL,0.001,0.005,-0.33,+16482.77,266482.77
2026-03-02T16:26:34.528000+00:00,4122,24895.0,-0.00144382833968848,SELL,0.006,-0.001,-2.52,+16480.26,266480.26
2026-03-02T16:27:43.601000+00:00,4123,24856.5,-0.030695080757141113,SELL,0.029,-0.031,+0.00,+16480.26,266480.26
2026-03-02T16:30:08.361001+00:00,4124,24892.0,-0.02252230979502201,BUY,0.008,-0.023,-5.80,+16474.45,266474.45
2026-03-02T16:34:42.907014+00:00,4125,24901.0,-0.0008090248447842896,BUY,0.022,-0.001,-3.91,+16470.55,266470.55
2026-03-02T16:36:29.183000+00:00,4126,24927.75,-0.02330031432211399,SELL,0.022,-0.023,+0.00,+16470.55,266470.55
2026-03-02T16:38:57.102000+00:00,4127,24956.75,-0.058429982513189316,SELL,0.035,-0.058,+0.00,+16470.55,266470.55
2026-03-02T16:40:37.815002+00:00,4128,24988.0,-0.0071650040335953236,BUY,0.051,-0.007,-32.04,+16438.51,266438.51
2026-03-02T16:44:35.906003+00:00,4129,25017.25,0.010726457461714745,BUY,0.018,0.011,-4.19,+16434.31,266434.31
2026-03-02T16:51:08.062007+00:00,4130,24999.75,0.023930689319968224,BUY,0.013,0.024,+0.00,+16434.31,266434.31
2026-03-02T16:55:54.129000+00:00,4131,25034.75,0.020944809541106224,SELL,0.003,0.021,+2.09,+16436.40,266436.40
2026-03-02T17:15:38.144039+00:00,4132,25047.5,0.0264982208609581,BUY,0.006,0.026,+0.00,+16436.40,266436.40
2026-03-02T17:31:24.527000+00:00,4133,25036.5,-0.010486363433301449,SELL,0.037,-0.010,-5.83,+16430.57,266430.57
2026-03-02T17:51:21.236021+00:00,4134,25066.25,-0.136057049036026,SELL,0.126,-0.136,+0.00,+16430.57,266430.57
2026-03-02T18:19:26.161000+00:00,4135,25035.75,-0.26399925351142883,SELL,0.128,-0.264,+0.00,+16430.57,266430.57
2026-03-02T18:38:14.122004+00:00,4136,25005.75,-0.5493414402008057,SELL,0.285,-0.549,+0.00,+16430.57,266430.57
2026-03-02T18:47:14.674000+00:00,4137,24985.5,-0.6046713590621948,SELL,0.055,-0.605,+0.00,+16430.57,266430.57
2026-03-02T19:00:36.893008+00:00,4138,24968.0,-0.612417459487915,SELL,0.008,-0.612,+0.00,+16430.57,266430.57
2026-03-02T19:08:05.642000+00:00,4139,25006.25,-0.7441861033439636,SELL,0.132,-0.744,+0.00,+16430.57,266430.57
2026-03-02T19:11:46.875015+00:00,4140,25038.0,-0.7510243058204651,SELL,0.007,-0.751,+0.00,+16430.57,266430.57
2026-03-02T19:15:30.020002+00:00,4141,25075.75,-0.8447391986846924,SELL,0.094,-0.845,+0.00,+16430.57,266430.57
2026-03-02T19:37:10.018017+00:00,4142,25098.0,-0.9205123782157898,SELL,0.076,-0.921,+0.00,+16430.57,266430.57
2026-03-02T20:06:30.880000+00:00,4143,25061.0,-0.930207371711731,SELL,0.010,-0.930,+0.00,+16430.57,266430.57
2026-03-02T20:07:52.495000+00:00,4144,25023.25,-0.9276509881019592,BUY,0.003,-0.928,+1.93,+16432.50,266432.50
2026-03-02T20:10:02.056000+00:00,4145,24986.0,-0.9328082203865051,SELL,0.005,-0.933,+0.00,+16432.50,266432.50
2026-03-02T20:13:08.553155+00:00,4146,24999.0,-0.9291048645973206,BUY,0.004,-0.929,-0.96,+16431.54,266431.54
2026-03-02T20:14:30.039012+00:00,4147,24961.75,-0.918430507183075,BUY,0.011,-0.918,+7.95,+16439.49,266439.49
2026-03-02T20:16:05.737000+00:00,4148,24986.75,-0.908065676689148,BUY,0.010,-0.908,-5.18,+16434.31,266434.31
2026-03-02T20:20:22.228000+00:00,4149,24980.75,-0.889503002166748,BUY,0.019,-0.890,+2.23,+16436.54,266436.54
2026-03-02T20:26:37.243003+00:00,4150,24972.5,-0.8770109415054321,BUY,0.012,-0.877,+2.06,+16438.60,266438.60
2026-03-02T20:34:04.121000+00:00,4151,25002.0,-0.8756684064865112,BUY,0.001,-0.876,-0.79,+16437.81,266437.81
2026-03-02T20:42:10.696000+00:00,4152,24975.5,-0.860664427280426,BUY,0.015,-0.861,+7.95,+16445.76,266445.76
2026-03-02T20:45:01.602000+00:00,4153,25014.5,-0.8850418329238892,SELL,0.024,-0.885,+0.00,+16445.76,266445.76
2026-03-02T20:50:36.377001+00:00,4154,25036.5,-0.9092671871185303,SELL,0.024,-0.909,+0.00,+16445.76,266445.76
2026-03-02T20:55:07.927000+00:00,4155,25048.5,-0.9048668742179871,BUY,0.004,-0.905,-1.06,+16444.70,266444.70
2026-03-02T20:59:34.241000+00:00,4156,25022.75,-0.8892247676849365,BUY,0.016,-0.889,+8.06,+16452.76,266452.76
2026-03-02T21:07:59.954018+00:00,4157,24991.75,-0.8807945847511292,BUY,0.008,-0.881,+5.23,+16457.99,266457.99
2026-03-02T23:03:14.900020+00:00,4158,24971.0,-0.8896451592445374,SELL,0.009,-0.890,+0.00,+16457.99,266457.99
2026-03-02T23:20:29.862004+00:00,4159,24960.5,-0.8902974724769592,SELL,0.001,-0.890,+0.00,+16457.99,266457.99
2026-03-03T00:13:05.116000+00:00,4160,24942.0,-0.9026508331298828,SELL,0.012,-0.903,+0.00,+16457.99,266457.99
2026-03-03T01:01:49.416010+00:00,4161,24917.25,-0.8903483152389526,BUY,0.012,-0.890,+6.09,+16464.08,266464.08
2026-03-03T01:10:35.528000+00:00,4162,24944.5,-0.8873195052146912,BUY,0.003,-0.887,-1.65,+16462.43,266462.43
2026-03-03T01:30:07.738003+00:00,4163,24920.0,-0.8739275932312012,BUY,0.013,-0.874,+6.56,+16468.99,266468.99
2026-03-03T01:38:22.802005+00:00,4164,24894.0,-0.8232475519180298,BUY,0.051,-0.823,+26.35,+16495.34,266495.34
2026-03-03T01:55:40.814000+00:00,4165,24878.75,-0.8695303797721863,SELL,0.046,-0.870,+0.00,+16495.34,266495.34
2026-03-03T02:02:14.683002+00:00,4166,24852.25,-0.8414310812950134,BUY,0.028,-0.841,+14.89,+16510.23,266510.23
2026-03-03T02:18:23.184000+00:00,4167,24819.0,-0.7756447196006775,BUY,0.066,-0.776,+43.75,+16553.98,266553.98
2026-03-03T02:30:42.865005+00:00,4168,24846.5,-0.7593700289726257,BUY,0.016,-0.759,-8.95,+16545.03,266545.03
2026-03-03T02:41:43.800006+00:00,4169,24871.0,-0.6382520198822021,BUY,0.121,-0.638,-59.35,+16485.68,266485.68
2026-03-03T03:10:05.987001+00:00,4170,24843.25,-0.3270387053489685,BUY,0.311,-0.327,+172.72,+16658.41,266658.41
2026-03-03T03:27:54.261001+00:00,4171,24820.5,0.012850280851125717,BUY,0.340,0.013,+148.80,+16807.21,266807.21
2026-03-03T03:35:50.998000+00:00,4172,24844.25,-0.2351546585559845,SELL,0.248,-0.235,+6.10,+16813.31,266813.31
2026-03-03T03:51:24.879004+00:00,4173,24840.0,-0.7134045362472534,SELL,0.478,-0.713,+0.00,+16813.31,266813.31
2026-03-03T04:11:09.047000+00:00,4174,24824.0,-0.7950287461280823,SELL,0.082,-0.795,+0.00,+16813.31,266813.31
2026-03-03T04:29:41.859003+00:00,4175,24806.0,-0.7624829411506653,BUY,0.033,-0.762,+11.72,+16825.03,266825.03
2026-03-03T04:48:09.128041+00:00,4176,24790.0,-0.752360999584198,BUY,0.010,-0.752,+3.24,+16828.27,266828.27
2026-03-03T05:09:33.563000+00:00,4177,24829.0,-0.8357844352722168,SELL,0.083,-0.836,+0.00,+16828.27,266828.27
2026-03-03T05:37:10.728001+00:00,4178,24789.0,-0.8313632011413574,BUY,0.004,-0.831,+3.54,+16831.81,266831.81
2026-03-03T05:54:22.360030+00:00,4179,24752.75,-0.8440671563148499,SELL,0.013,-0.844,+0.00,+16831.81,266831.81
2026-03-03T06:01:01.920000+00:00,4180,24784.25,-0.8913581967353821,SELL,0.047,-0.891,+0.00,+16831.81,266831.81
2026-03-03T06:08:41.801000+00:00,4181,24749.0,-0.8435591459274292,BUY,0.048,-0.844,+33.70,+16865.50,266865.50
2026-03-03T06:27:17.450002+00:00,4182,24776.25,-0.880804717540741,SELL,0.037,-0.881,+0.00,+16865.50,266865.50
2026-03-03T06:43:22.571000+00:00,4183,24760.0,-0.7839480638504028,BUY,0.097,-0.784,+31.48,+16896.98,266896.98
2026-03-03T07:08:28.868019+00:00,4184,24727.25,-0.6397997736930847,BUY,0.144,-0.640,+94.42,+16991.40,266991.40
2026-03-03T07:23:37.839000+00:00,4185,24717.5,-0.3437422513961792,BUY,0.296,-0.344,+57.73,+17049.13,267049.13
2026-03-03T07:28:10.154000+00:00,4186,24693.0,-0.13855865597724915,BUY,0.205,-0.139,+100.54,+17149.67,267149.67
2026-03-03T07:56:46.071001+00:00,4187,24673.25,0.264401376247406,BUY,0.403,0.264,+54.73,+17204.40,267204.40
2026-03-03T08:03:20.190000+00:00,4188,24688.0,0.39291515946388245,BUY,0.129,0.393,+0.00,+17204.40,267204.40
2026-03-03T08:13:26.575005+00:00,4189,24654.5,0.8282814621925354,BUY,0.435,0.828,+0.00,+17204.40,267204.40
2026-03-03T08:25:19.290005+00:00,4190,24622.0,0.9046680927276611,BUY,0.076,0.905,+0.00,+17204.40,267204.40
2026-03-03T08:32:19.453006+00:00,4191,24587.0,0.9318769574165344,BUY,0.027,0.932,+0.00,+17204.40,267204.40
2026-03-03T08:36:10.141001+00:00,4192,24621.25,0.973301351070404,BUY,0.041,0.973,+0.00,+17204.40,267204.40
2026-03-03T08:38:37.285000+00:00,4193,24581.25,0.9804911017417908,BUY,0.007,0.980,+0.00,+17204.40,267204.40
2026-03-03T08:42:14.843004+00:00,4194,24546.0,0.9829555749893188,BUY,0.002,0.983,+0.00,+17204.40,267204.40
2026-03-03T08:42:42.026002+00:00,4195,24506.75,0.9828780293464661,SELL,0.000,0.983,-0.06,+17204.34,267204.34
2026-03-03T08:43:34.836008+00:00,4196,24546.75,0.9790048003196716,SELL,0.004,0.979,+3.10,+17207.44,267207.44
2026-03-03T08:59:07.913004+00:00,4197,24508.0,0.9780595302581787,SELL,0.001,0.978,-0.73,+17206.71,267206.71
2026-03-03T09:00:42.896000+00:00,4198,24545.25,0.9417584538459778,SELL,0.036,0.942,+27.04,+17233.75,267233.75
2026-03-03T09:08:44.280000+00:00,4199,24566.5,0.933944582939148,SELL,0.008,0.934,+3.32,+17237.07,267237.07
2026-03-03T09:13:36.750000+00:00,4200,24541.75,0.8185499310493469,SELL,0.115,0.819,-57.12,+17179.95,267179.95
2026-03-03T09:19:01.675000+00:00,4201,24525.0,0.7978283166885376,SELL,0.021,0.798,-6.94,+17173.01,267173.01
2026-03-03T09:25:07.485039+00:00,4202,24560.0,0.5491408109664917,SELL,0.249,0.549,+174.08,+17347.09,267347.09
2026-03-03T09:26:43.196002+00:00,4203,24520.75,0.4573647379875183,SELL,0.092,0.457,-72.04,+17275.05,267275.05
2026-03-03T09:35:34.131009+00:00,4204,24495.25,0.07948856055736542,SELL,0.378,0.079,-192.72,+17082.33,267082.33
2026-03-03T09:38:22.163000+00:00,4205,24535.0,-0.5630946159362793,SELL,0.643,-0.563,+63.19,+17145.52,267145.52
2026-03-03T09:43:49.590000+00:00,4206,24503.25,-0.7859563231468201,SELL,0.223,-0.786,+0.00,+17145.52,267145.52
2026-03-03T09:50:44.073000+00:00,4207,24469.0,-0.7838595509529114,BUY,0.002,-0.784,+1.44,+17146.96,267146.96
2026-03-03T09:59:56.587002+00:00,4208,24450.0,-0.8150492906570435,SELL,0.031,-0.815,+0.00,+17146.96,267146.96
2026-03-03T10:04:31.983000+00:00,4209,24478.0,-0.8753683567047119,SELL,0.060,-0.875,+0.00,+17146.96,267146.96
2026-03-03T10:06:45.467000+00:00,4210,24443.75,-0.8629969954490662,BUY,0.012,-0.863,+8.47,+17155.43,267155.43
2026-03-03T10:17:40.187001+00:00,4211,24462.0,-0.8819648623466492,SELL,0.019,-0.882,+0.00,+17155.43,267155.43
2026-03-03T10:29:18.172000+00:00,4212,24440.0,-0.8727648258209229,BUY,0.009,-0.873,+4.05,+17159.48,267159.48
2026-03-03T10:33:48.033000+00:00,4213,24411.0,-0.8511343002319336,BUY,0.022,-0.851,+12.55,+17172.03,267172.03
2026-03-03T10:40:41.270008+00:00,4214,24433.0,-0.854211688041687,SELL,0.003,-0.854,+0.00,+17172.03,267172.03
2026-03-03T10:45:00.879001+00:00,4215,24471.75,-0.8882467150688171,SELL,0.034,-0.888,+0.00,+17172.03,267172.03
2026-03-03T10:55:54.437000+00:00,4216,24442.75,-0.9015064835548401,SELL,0.013,-0.902,+0.00,+17172.03,267172.03
2026-03-03T10:59:04.398000+00:00,4217,24407.75,-0.9267382621765137,SELL,0.025,-0.927,+0.00,+17172.03,267172.03
2026-03-03T10:59:11.891000+00:00,4218,24441.25,-0.9473837018013,SELL,0.021,-0.947,+0.00,+17172.03,267172.03
2026-03-03T11:03:01.007000+00:00,4219,24467.75,-0.9653627276420593,SELL,0.018,-0.965,+0.00,+17172.03,267172.03
2026-03-03T11:06:49.192003+00:00,4220,24437.75,-0.9788225293159485,SELL,0.013,-0.979,+0.00,+17172.03,267172.03
2026-03-03T11:17:18.647000+00:00,4221,24412.0,-0.987848162651062,SELL,0.009,-0.988,+0.00,+17172.03,267172.03
2026-03-03T11:20:37.502001+00:00,4222,24374.0,-0.9875264167785645,BUY,0.000,-0.988,+0.24,+17172.27,267172.27
2026-03-03T11:21:49.343000+00:00,4223,24410.0,-0.9908856153488159,SELL,0.003,-0.991,+0.00,+17172.27,267172.27
2026-03-03T11:24:18.342012+00:00,4224,24446.5,-0.9932973980903625,SELL,0.002,-0.993,+0.00,+17172.27,267172.27
2026-03-03T11:25:30.796008+00:00,4225,24486.5,-0.9959638714790344,SELL,0.003,-0.996,+0.00,+17172.27,267172.27
2026-03-03T11:35:59.650001+00:00,4226,24487.75,-0.9950808882713318,BUY,0.001,-0.995,-0.02,+17172.25,267172.25
2026-03-03T11:46:16.573001+00:00,4227,24511.5,-0.9955163598060608,SELL,0.000,-0.996,+0.00,+17172.25,267172.25
2026-03-03T11:58:23.150000+00:00,4228,24474.25,-0.9941563606262207,BUY,0.001,-0.994,+1.01,+17173.26,267173.26
2026-03-03T12:03:44.855000+00:00,4229,24511.0,-0.99603271484375,SELL,0.002,-0.996,+0.00,+17173.26,267173.26
2026-03-03T12:09:54.472013+00:00,4230,24546.75,-0.9977483153343201,SELL,0.002,-0.998,+0.00,+17173.26,267173.26
2026-03-03T12:17:19.477001+00:00,4231,24535.5,-0.996977686882019,BUY,0.001,-0.997,+0.17,+17173.44,267173.44
2026-03-03T12:21:06.127003+00:00,4232,24575.5,-0.9961748123168945,BUY,0.001,-0.996,-0.64,+17172.79,267172.79
2026-03-03T12:31:21.749002+00:00,4233,24561.25,-0.9962581396102905,SELL,0.000,-0.996,+0.00,+17172.79,267172.79
2026-03-03T12:39:05.438000+00:00,4234,24589.75,-0.9964314699172974,SELL,0.000,-0.996,+0.00,+17172.79,267172.79
2026-03-03T12:46:54.035002+00:00,4235,24596.0,-0.9956995248794556,BUY,0.001,-0.996,-0.09,+17172.70,267172.70
2026-03-03T12:51:35.182006+00:00,4236,24566.0,-0.9958629012107849,SELL,0.000,-0.996,+0.00,+17172.70,267172.70
2026-03-03T12:56:04.902000+00:00,4237,24597.5,-0.9960024356842041,SELL,0.000,-0.996,+0.00,+17172.70,267172.70
2026-03-03T13:02:23.051000+00:00,4238,24559.0,-0.9959455728530884,BUY,0.000,-0.996,+0.04,+17172.75,267172.75
2026-03-03T13:12:42.820001+00:00,4239,24533.25,-0.9957371354103088,BUY,0.000,-0.996,+0.11,+17172.85,267172.85
2026-03-03T13:18:08.508000+00:00,4240,24568.5,-0.9955901503562927,BUY,0.000,-0.996,-0.10,+17172.75,267172.75
2026-03-03T13:25:41.148010+00:00,4241,24535.5,-0.9943562150001526,BUY,0.001,-0.994,+0.81,+17173.56,267173.56
2026-03-03T13:31:11.582002+00:00,4242,24498.0,-0.9928662180900574,BUY,0.001,-0.993,+1.12,+17174.68,267174.68
2026-03-03T13:41:47.736001+00:00,4243,24514.25,-0.9913379549980164,BUY,0.002,-0.991,-0.50,+17174.19,267174.19
2026-03-03T13:45:44.157000+00:00,4244,24481.5,-0.9915193915367126,SELL,0.000,-0.992,+0.00,+17174.19,267174.19
2026-03-03T13:52:46.897002+00:00,4245,24451.0,-0.9912192225456238,BUY,0.000,-0.991,+0.18,+17174.37,267174.37
2026-03-03T13:53:36.790000+00:00,4246,24488.0,-0.9904756546020508,BUY,0.001,-0.990,-0.55,+17173.82,267173.82
2026-03-03T14:07:28.698005+00:00,4247,24506.0,-0.9925522208213806,SELL,0.002,-0.993,+0.00,+17173.82,267173.82
2026-03-03T14:11:15.205000+00:00,4248,24466.75,-0.9915777444839478,BUY,0.001,-0.992,+0.76,+17174.58,267174.58
2026-03-03T14:15:14.296000+00:00,4249,24496.0,-0.9913257956504822,BUY,0.000,-0.991,-0.15,+17174.44,267174.44
2026-03-03T14:22:18.392000+00:00,4250,24511.25,-0.9911869168281555,BUY,0.000,-0.991,-0.04,+17174.39,267174.39
2026-03-03T14:30:08.550026+00:00,4251,24548.0,-0.9911117553710938,BUY,0.000,-0.991,-0.06,+17174.34,267174.34
2026-03-03T14:30:35.295000+00:00,4252,24566.0,-0.9933637380599976,SELL,0.002,-0.993,+0.00,+17174.34,267174.34
2026-03-03T14:30:50.106019+00:00,4253,24596.0,-0.9951370358467102,SELL,0.002,-0.995,+0.00,+17174.34,267174.34
2026-03-03T14:31:08.823001+00:00,4254,24587.0,-0.9931068420410156,BUY,0.002,-0.993,+0.37,+17174.70,267174.70
2026-03-03T14:31:40.863064+00:00,4255,24577.5,-0.9940327405929565,SELL,0.001,-0.994,+0.00,+17174.70,267174.70
2026-03-03T14:31:52.236000+00:00,4256,24600.0,-0.9944242835044861,SELL,0.000,-0.994,+0.00,+17174.70,267174.70
2026-03-03T14:33:18.157000+00:00,4257,24567.75,-0.9920366406440735,BUY,0.002,-0.992,+1.54,+17176.24,267176.24
2026-03-03T14:34:42.002003+00:00,4258,24555.0,-0.9894723296165466,BUY,0.003,-0.989,+0.65,+17176.90,267176.90
2026-03-03T14:35:03.575006+00:00,4259,24521.0,-0.9808191657066345,BUY,0.009,-0.981,+5.88,+17182.78,267182.78
2026-03-03T14:35:45.598001+00:00,4260,24542.5,-0.9709606766700745,BUY,0.010,-0.971,-4.24,+17178.54,267178.54
2026-03-03T14:36:27.868004+00:00,4261,24578.25,-0.9580556154251099,BUY,0.013,-0.958,-9.23,+17169.32,267169.32
2026-03-03T14:36:40.166000+00:00,4262,24602.5,-0.9291104674339294,BUY,0.029,-0.929,-14.04,+17155.28,267155.28
2026-03-03T14:37:50.044046+00:00,4263,24632.0,-0.8994961380958557,BUY,0.030,-0.899,-17.47,+17137.80,267137.80
2026-03-03T14:39:39.377001+00:00,4264,24621.0,-0.8460667729377747,BUY,0.053,-0.846,+11.75,+17149.56,267149.56
2026-03-03T14:40:00.677007+00:00,4265,24589.25,-0.7817322611808777,BUY,0.064,-0.782,+40.85,+17190.41,267190.41
2026-03-03T14:40:31.796000+00:00,4266,24570.25,-0.7223703861236572,BUY,0.059,-0.722,+22.56,+17212.97,267212.97
2026-03-03T14:41:54.059001+00:00,4267,24562.5,-0.564110279083252,BUY,0.158,-0.564,+24.53,+17237.50,267237.50
2026-03-03T14:44:29.470000+00:00,4268,24529.5,-0.6060226559638977,SELL,0.042,-0.606,+0.00,+17237.50,267237.50
2026-03-03T14:45:52.245001+00:00,4269,24555.0,-0.641530454158783,SELL,0.036,-0.642,+0.00,+17237.50,267237.50
2026-03-03T14:46:21.515000+00:00,4270,24594.5,-0.6045275330543518,BUY,0.037,-0.605,-29.23,+17208.27,267208.27
2026-03-03T14:47:10.694000+00:00,4271,24574.0,-0.5370491743087769,BUY,0.067,-0.537,+27.67,+17235.93,267235.93
2026-03-03T14:48:14.310003+00:00,4272,24537.0,-0.519551157951355,BUY,0.017,-0.520,+12.95,+17248.88,267248.88
2026-03-03T14:49:22.541017+00:00,4273,24500.25,-0.18826672434806824,BUY,0.331,-0.188,+243.49,+17492.38,267492.38
2026-03-03T14:50:50.878000+00:00,4274,24529.25,-0.23430950939655304,SELL,0.046,-0.234,+0.00,+17492.38,267492.38
2026-03-03T14:51:35.483001+00:00,4275,24556.5,-0.39159801602363586,SELL,0.157,-0.392,+0.00,+17492.38,267492.38
2026-03-03T14:51:56.389000+00:00,4276,24529.0,-0.33102473616600037,BUY,0.061,-0.331,+33.32,+17525.69,267525.69
2026-03-03T14:52:46.736014+00:00,4277,24515.75,-0.5192119479179382,SELL,0.188,-0.519,+0.00,+17525.69,267525.69
2026-03-03T14:53:23.720000+00:00,4278,24555.75,-0.7499959468841553,SELL,0.231,-0.750,+0.00,+17525.69,267525.69
2026-03-03T14:54:12.903004+00:00,4279,24518.5,-0.8104031682014465,SELL,0.060,-0.810,+0.00,+17525.69,267525.69
2026-03-03T14:55:00.358001+00:00,4280,24549.75,-0.876715362071991,SELL,0.066,-0.877,+0.00,+17525.69,267525.69
2026-03-03T14:55:41.334000+00:00,4281,24511.0,-0.8929430246353149,SELL,0.016,-0.893,+0.00,+17525.69,267525.69
2026-03-03T14:58:12.287000+00:00,4282,24500.75,-0.9057956337928772,SELL,0.013,-0.906,+0.00,+17525.69,267525.69
2026-03-03T15:00:06.911001+00:00,4283,24518.0,-0.9356879591941833,SELL,0.030,-0.936,+0.00,+17525.69,267525.69
2026-03-03T15:00:32.572001+00:00,4284,24556.0,-0.9596790075302124,SELL,0.024,-0.960,+0.00,+17525.69,267525.69
2026-03-03T15:00:52.727022+00:00,4285,24522.5,-0.9646214842796326,SELL,0.005,-0.965,+0.00,+17525.69,267525.69
2026-03-03T15:01:09.930028+00:00,4286,24548.25,-0.9710795283317566,SELL,0.006,-0.971,+0.00,+17525.69,267525.69
2026-03-03T15:01:32.097010+00:00,4287,24508.25,-0.976475179195404,SELL,0.005,-0.976,+0.00,+17525.69,267525.69
2026-03-03T15:02:53.292000+00:00,4288,24474.5,-0.966651201248169,BUY,0.010,-0.967,+6.63,+17532.32,267532.32
2026-03-03T15:04:15.048000+00:00,4289,24469.25,-0.9597910642623901,BUY,0.007,-0.960,+0.72,+17533.04,267533.04
2026-03-03T15:05:54.938004+00:00,4290,24499.75,-0.9420478343963623,BUY,0.018,-0.942,-10.82,+17522.22,267522.22
2026-03-03T15:06:18.944000+00:00,4291,24527.25,-0.9327086210250854,BUY,0.009,-0.933,-5.14,+17517.08,267517.08
2026-03-03T15:07:44.208001+00:00,4292,24501.5,-0.9279980659484863,BUY,0.005,-0.928,+2.43,+17519.51,267519.51
2026-03-03T15:09:11.142000+00:00,4293,24511.0,-0.93932044506073,SELL,0.011,-0.939,+0.00,+17519.51,267519.51
2026-03-03T15:10:24.697002+00:00,4294,24481.75,-0.9363458156585693,BUY,0.003,-0.936,+1.74,+17521.25,267521.25
2026-03-03T15:11:17.574003+00:00,4295,24519.75,-0.9360507130622864,BUY,0.000,-0.936,-0.22,+17521.02,267521.02
2026-03-03T15:12:13.425000+00:00,4296,24544.0,-0.930124044418335,BUY,0.006,-0.930,-2.87,+17518.15,267518.15
2026-03-03T15:13:02.555000+00:00,4297,24510.75,-0.926612913608551,BUY,0.004,-0.927,+2.33,+17520.49,267520.49
2026-03-03T15:16:10.543002+00:00,4298,24480.0,-0.9337721467018127,SELL,0.007,-0.934,+0.00,+17520.49,267520.49
2026-03-03T15:17:51.674011+00:00,4299,24446.25,-0.9223564863204956,BUY,0.011,-0.922,+7.71,+17528.19,267528.19
2026-03-03T15:20:55.360000+00:00,4300,24417.5,-0.8959274291992188,BUY,0.026,-0.896,+15.20,+17543.39,267543.39
2026-03-03T15:25:03.897041+00:00,4301,24378.75,-0.8864022493362427,BUY,0.010,-0.886,+7.38,+17550.77,267550.77
2026-03-03T15:26:41.621002+00:00,4302,24362.25,-0.8954901695251465,SELL,0.009,-0.895,+0.00,+17550.77,267550.77
2026-03-03T15:30:02.901000+00:00,4303,24392.5,-0.9227268099784851,SELL,0.027,-0.923,+0.00,+17550.77,267550.77
2026-03-03T15:31:08.461003+00:00,4304,24403.75,-0.9434515237808228,SELL,0.021,-0.943,+0.00,+17550.77,267550.77
2026-03-03T15:31:44.233000+00:00,4305,24434.5,-0.9522209167480469,SELL,0.009,-0.952,+0.00,+17550.77,267550.77
2026-03-03T15:33:15.514002+00:00,4306,24400.0,-0.94663006067276,BUY,0.006,-0.947,+3.86,+17554.63,267554.63
2026-03-03T15:36:35.763000+00:00,4307,24431.25,-0.9531254768371582,SELL,0.006,-0.953,+0.00,+17554.63,267554.63
2026-03-03T15:40:28.110002+00:00,4308,24462.0,-0.9474562406539917,BUY,0.006,-0.947,-3.49,+17551.14,267551.14
2026-03-03T15:43:03.269000+00:00,4309,24432.0,-0.940842866897583,BUY,0.007,-0.941,+3.97,+17555.11,267555.11
2026-03-03T15:45:04.991002+00:00,4310,24443.0,-0.9165563583374023,BUY,0.024,-0.917,-5.34,+17549.77,267549.77
2026-03-03T15:46:17.003008+00:00,4311,24452.5,-0.918961763381958,SELL,0.002,-0.919,+0.00,+17549.77,267549.77
2026-03-03T15:46:37.987000+00:00,4312,24420.0,-0.9224284291267395,SELL,0.003,-0.922,+0.00,+17549.77,267549.77
2026-03-03T15:49:06.928000+00:00,4313,24409.5,-0.9288369417190552,SELL,0.006,-0.929,+0.00,+17549.77,267549.77
2026-03-03T15:50:22.527000+00:00,4314,24383.0,-0.9106076955795288,BUY,0.018,-0.911,+9.66,+17559.43,267559.43
2026-03-03T15:52:07.842003+00:00,4315,24420.0,-0.8960148692131042,BUY,0.015,-0.896,-10.80,+17548.63,267548.63
2026-03-03T15:53:05.809000+00:00,4316,24400.0,-0.8310214281082153,BUY,0.065,-0.831,+26.00,+17574.63,267574.63
2026-03-03T15:54:32.788005+00:00,4317,24376.5,-0.8007169365882874,BUY,0.030,-0.801,+14.24,+17588.87,267588.87
2026-03-03T15:56:07.135000+00:00,4318,24413.25,-0.7287474274635315,BUY,0.072,-0.729,-52.90,+17535.97,267535.97
2026-03-03T15:57:34.076000+00:00,4319,24393.25,-0.21399518847465515,BUY,0.515,-0.214,+205.90,+17741.87,267741.87
2026-03-03T15:58:04.741001+00:00,4320,24431.75,0.08540266752243042,BUY,0.299,0.085,-164.78,+17577.10,267577.10
2026-03-03T16:03:24.484000+00:00,4321,24467.5,0.8753007650375366,BUY,0.790,0.875,+0.00,+17577.10,267577.10
2026-03-03T16:04:23.642012+00:00,4322,24504.0,0.9791520833969116,BUY,0.104,0.979,+0.00,+17577.10,267577.10
2026-03-03T16:05:14.678000+00:00,4323,24539.25,0.9890173673629761,BUY,0.010,0.989,+0.00,+17577.10,267577.10
2026-03-03T16:06:18.777016+00:00,4324,24564.0,0.9955230355262756,BUY,0.007,0.996,+0.00,+17577.10,267577.10
2026-03-03T16:08:52.446006+00:00,4325,24580.25,0.9975049495697021,BUY,0.002,0.998,+0.00,+17577.10,267577.10
2026-03-03T16:11:31.105012+00:00,4326,24546.0,0.9992757439613342,BUY,0.002,0.999,+0.00,+17577.10,267577.10
2026-03-03T16:13:57.394000+00:00,4327,24584.5,0.9993162751197815,BUY,0.000,0.999,+0.00,+17577.10,267577.10
2026-03-03T16:17:25.944000+00:00,4328,24604.0,0.9995227456092834,BUY,0.000,1.000,+0.00,+17577.10,267577.10
2026-03-03T16:19:25.229001+00:00,4329,24580.0,0.9995508193969727,BUY,0.000,1.000,+0.00,+17577.10,267577.10
2026-03-03T16:22:28.205014+00:00,4330,24610.0,0.999054491519928,SELL,0.000,0.999,+0.30,+17577.39,267577.39
2026-03-03T16:25:01.017002+00:00,4331,24633.5,0.9968146085739136,SELL,0.002,0.997,+1.05,+17578.45,267578.45
2026-03-03T16:30:36.475001+00:00,4332,24602.5,0.982478141784668,SELL,0.014,0.982,-8.89,+17569.56,267569.56
2026-03-03T16:32:06.640000+00:00,4333,24569.0,0.9825194478034973,BUY,0.000,0.983,+0.00,+17569.56,267569.56
2026-03-03T16:34:34.009000+00:00,4334,24603.5,0.9920293688774109,BUY,0.010,0.992,+0.00,+17569.56,267569.56
2026-03-03T16:36:15.292006+00:00,4335,24640.25,0.9901936054229736,SELL,0.002,0.990,+1.35,+17570.91,267570.91
2026-03-03T16:38:03.626000+00:00,4336,24606.0,0.9880368709564209,SELL,0.002,0.988,-1.48,+17569.43,267569.43
2026-03-03T16:42:21.415006+00:00,4337,24590.25,0.9897215962409973,BUY,0.002,0.990,+0.00,+17569.43,267569.43
2026-03-03T16:43:43.383000+00:00,4338,24624.25,0.9643158316612244,SELL,0.025,0.964,+17.28,+17586.71,267586.71
2026-03-03T16:45:36.766001+00:00,4339,24660.25,0.6416583061218262,SELL,0.323,0.642,+232.31,+17819.02,267819.02
2026-03-03T16:46:35.633000+00:00,4340,24699.75,0.07469843327999115,SELL,0.567,0.075,+447.90,+18266.92,268266.92
2026-03-03T16:48:08.172000+00:00,4341,24684.25,0.1269773691892624,BUY,0.052,0.127,+0.00,+18266.92,268266.92
2026-03-03T16:55:00.917001+00:00,4342,24701.0,-0.5981828570365906,SELL,0.725,-0.598,+42.54,+18309.45,268309.45
2026-03-03T16:59:20.561003+00:00,4343,24671.0,-0.7072023153305054,SELL,0.109,-0.707,+0.00,+18309.45,268309.45
2026-03-03T17:01:30.836021+00:00,4344,24651.5,-0.6715503931045532,BUY,0.036,-0.672,+13.90,+18323.36,268323.36
2026-03-03T17:05:07.206005+00:00,4345,24682.25,-0.7159096598625183,SELL,0.044,-0.716,+0.00,+18323.36,268323.36
2026-03-03T17:08:18.243000+00:00,4346,24650.0,-0.7094112634658813,BUY,0.006,-0.709,+4.19,+18327.55,268327.55
2026-03-03T17:12:11.792001+00:00,4347,24623.25,-0.729842483997345,SELL,0.020,-0.730,+0.00,+18327.55,268327.55
2026-03-03T17:16:01.355000+00:00,4348,24660.75,-0.7738963961601257,SELL,0.044,-0.774,+0.00,+18327.55,268327.55
2026-03-03T17:18:46.132044+00:00,4349,24671.75,-0.7795922756195068,SELL,0.006,-0.780,+0.00,+18327.55,268327.55
2026-03-03T17:20:34.155007+00:00,4350,24642.0,-0.7789228558540344,BUY,0.001,-0.779,+0.40,+18327.95,268327.95
2026-03-03T17:22:41.064000+00:00,4351,24680.0,-0.8165476322174072,SELL,0.038,-0.817,+0.00,+18327.95,268327.95
2026-03-03T17:31:15.125035+00:00,4352,24672.25,-0.8646955490112305,SELL,0.048,-0.865,+0.00,+18327.95,268327.95
2026-03-03T17:33:29.963025+00:00,4353,24635.0,-0.8762412667274475,SELL,0.012,-0.876,+0.00,+18327.95,268327.95
2026-03-03T17:36:48.150000+00:00,4354,24643.0,-0.8895307779312134,SELL,0.013,-0.890,+0.00,+18327.95,268327.95
2026-03-03T17:43:00.973001+00:00,4355,24662.25,-0.9112551808357239,SELL,0.022,-0.911,+0.00,+18327.95,268327.95
2026-03-03T17:53:27.523000+00:00,4356,24659.0,-0.9345227479934692,SELL,0.023,-0.935,+0.00,+18327.95,268327.95
2026-03-03T18:00:42.495000+00:00,4357,24665.0,-0.9528998732566833,SELL,0.018,-0.953,+0.00,+18327.95,268327.95
2026-03-03T18:14:01.252000+00:00,4358,24664.0,-0.9677212834358215,SELL,0.015,-0.968,+0.00,+18327.95,268327.95
2026-03-03T18:16:03.166000+00:00,4359,24691.75,-0.9739036560058594,SELL,0.006,-0.974,+0.00,+18327.95,268327.95
2026-03-03T18:20:16.310018+00:00,4360,24722.0,-0.9685277938842773,BUY,0.005,-0.969,-3.25,+18324.70,268324.70
2026-03-03T18:22:26.169008+00:00,4361,24759.75,-0.96540766954422,BUY,0.003,-0.965,-2.36,+18322.34,268322.34
2026-03-03T18:33:25.541002+00:00,4362,24781.75,-0.9620540142059326,BUY,0.003,-0.962,-1.48,+18320.87,268320.87
2026-03-03T18:38:48.213013+00:00,4363,24807.25,-0.9565008282661438,BUY,0.006,-0.957,-2.83,+18318.03,268318.03
2026-03-03T18:44:18.150000+00:00,4364,24792.5,-0.953772246837616,BUY,0.003,-0.954,+0.80,+18318.84,268318.84
2026-03-03T18:49:25.768001+00:00,4365,24811.0,-0.9535914063453674,BUY,0.000,-0.954,-0.07,+18318.77,268318.77
2026-03-03T18:55:30.306002+00:00,4366,24784.5,-0.9514027237892151,BUY,0.002,-0.951,+1.16,+18319.93,268319.93
2026-03-03T19:07:16.831003+00:00,4367,24773.5,-0.9386521577835083,BUY,0.013,-0.939,+2.81,+18322.74,268322.74
2026-03-03T19:10:39.329001+00:00,4368,24734.75,-0.8986547589302063,BUY,0.040,-0.899,+31.00,+18353.73,268353.73
2026-03-03T19:14:36.169002+00:00,4369,24770.25,-0.8072340488433838,BUY,0.091,-0.807,-64.91,+18288.83,268288.83
2026-03-03T19:23:00.781002+00:00,4370,24802.75,-0.7502686381340027,BUY,0.057,-0.750,-37.03,+18251.80,268251.80
2026-03-03T19:27:48.962001+00:00,4371,24762.75,-0.6554250121116638,BUY,0.095,-0.655,+75.87,+18327.67,268327.67
2026-03-03T19:33:31.733014+00:00,4372,24737.0,-0.6021845936775208,BUY,0.053,-0.602,+27.42,+18355.09,268355.09
2026-03-03T19:37:17.576000+00:00,4373,24750.0,-0.6013357043266296,BUY,0.001,-0.601,-0.22,+18354.87,268354.87
2026-03-03T19:37:27.024000+00:00,4374,24789.25,-0.4086366891860962,BUY,0.193,-0.409,-151.27,+18203.60,268203.60
2026-03-03T19:37:57.494029+00:00,4375,24810.75,-0.10893764346837997,BUY,0.300,-0.109,-128.87,+18074.73,268074.73
2026-03-03T19:39:17.457000+00:00,4376,24775.75,-0.11503204703330994,SELL,0.006,-0.115,+0.00,+18074.73,268074.73
2026-03-03T19:42:18.683001+00:00,4377,24814.25,-0.19996625185012817,SELL,0.085,-0.200,+0.00,+18074.73,268074.73
2026-03-03T19:45:11.569000+00:00,4378,24827.5,-0.29946473240852356,SELL,0.099,-0.299,+0.00,+18074.73,268074.73
2026-03-03T19:50:29.379000+00:00,4379,24810.0,-0.2666376829147339,BUY,0.033,-0.267,+11.49,+18086.22,268086.22
2026-03-03T19:52:37.571007+00:00,4380,24799.0,-0.21446430683135986,BUY,0.052,-0.214,+11.48,+18097.70,268097.70
2026-03-03T19:54:02.736048+00:00,4381,24767.25,-0.15794751048088074,BUY,0.057,-0.158,+35.89,+18133.59,268133.59
2026-03-03T20:01:15.305002+00:00,4382,24806.0,-0.17146262526512146,SELL,0.014,-0.171,+0.00,+18133.59,268133.59
2026-03-03T20:05:04.679000+00:00,4383,24781.5,-0.1789586991071701,SELL,0.007,-0.179,+0.00,+18133.59,268133.59
2026-03-03T20:11:37.886000+00:00,4384,24817.5,-0.20760414004325867,SELL,0.029,-0.208,+0.00,+18133.59,268133.59
2026-03-03T20:14:53.862000+00:00,4385,24777.75,-0.1511480212211609,BUY,0.056,-0.151,+44.88,+18178.47,268178.47
2026-03-03T20:18:01.854003+00:00,4386,24748.0,-0.11813216656446457,BUY,0.033,-0.118,+19.64,+18198.11,268198.11
2026-03-03T20:28:23.123000+00:00,4387,24781.5,-0.12396956235170364,SELL,0.006,-0.124,+0.00,+18198.11,268198.11
2026-03-03T20:35:59.727000+00:00,4388,24806.75,-0.10139603167772293,BUY,0.023,-0.101,-11.40,+18186.71,268186.71
2026-03-03T20:38:13.161000+00:00,4389,24767.75,-0.07389764487743378,BUY,0.027,-0.074,+21.45,+18208.16,268208.16
2026-03-03T20:51:17.362000+00:00,4390,24741.25,-0.14883357286453247,SELL,0.075,-0.149,+0.00,+18208.16,268208.16
2026-03-03T20:54:13.350000+00:00,4391,24758.0,-0.18996770679950714,SELL,0.041,-0.190,+0.00,+18208.16,268208.16
2026-03-03T21:26:55.894047+00:00,4392,24724.75,-0.3190729320049286,SELL,0.129,-0.319,+0.00,+18208.16,268208.16
2026-03-03T23:00:12.972010+00:00,4393,24691.25,-0.4059048891067505,SELL,0.087,-0.406,+0.00,+18208.16,268208.16
2026-03-03T23:05:40.965000+00:00,4394,24675.0,-0.5170574188232422,SELL,0.111,-0.517,+0.00,+18208.16,268208.16
2026-03-03T23:08:32.326000+00:00,4395,24710.0,-0.6009888052940369,SELL,0.084,-0.601,+0.00,+18208.16,268208.16
2026-03-03T23:13:06.300009+00:00,4396,24745.0,-0.683772623538971,SELL,0.083,-0.684,+0.00,+18208.16,268208.16
2026-03-03T23:26:04.285012+00:00,4397,24725.0,-0.6941004395484924,SELL,0.010,-0.694,+0.00,+18208.16,268208.16
2026-03-03T23:50:11.611001+00:00,4398,24740.5,-0.7493178248405457,SELL,0.055,-0.749,+0.00,+18208.16,268208.16
2026-03-03T23:59:15.267000+00:00,4399,24700.5,-0.7884706258773804,SELL,0.039,-0.788,+0.00,+18208.16,268208.16
2026-03-04T00:09:43.057005+00:00,4400,24717.0,-0.7958090305328369,SELL,0.007,-0.796,+0.00,+18208.16,268208.16
2026-03-04T00:14:07.392001+00:00,4401,24739.75,-0.8719797730445862,SELL,0.076,-0.872,+0.00,+18208.16,268208.16
2026-03-04T00:18:08.309001+00:00,4402,24772.5,-0.9320119619369507,SELL,0.060,-0.932,+0.00,+18208.16,268208.16
2026-03-04T00:30:02.166000+00:00,4403,24763.25,-0.9603214859962463,SELL,0.028,-0.960,+0.00,+18208.16,268208.16
2026-03-04T00:33:10.604001+00:00,4404,24730.5,-0.9649813771247864,SELL,0.005,-0.965,+0.00,+18208.16,268208.16
2026-03-04T00:37:29.379001+00:00,4405,24696.5,-0.9653575420379639,SELL,0.000,-0.965,+0.00,+18208.16,268208.16
2026-03-04T00:46:40.676000+00:00,4406,24729.75,-0.9630512595176697,BUY,0.002,-0.963,-1.53,+18206.63,268206.63
2026-03-04T00:58:22.121002+00:00,4407,24760.25,-0.9711465239524841,SELL,0.008,-0.971,+0.00,+18206.63,268206.63
2026-03-04T01:06:57.910002+00:00,4408,24732.25,-0.9762141108512878,SELL,0.005,-0.976,+0.00,+18206.63,268206.63
2026-03-04T01:12:24.497003+00:00,4409,24693.0,-0.973951518535614,BUY,0.002,-0.974,+1.78,+18208.41,268208.41
2026-03-04T01:21:03.243000+00:00,4410,24678.25,-0.9763417840003967,SELL,0.002,-0.976,+0.00,+18208.41,268208.41
2026-03-04T01:24:06.855000+00:00,4411,24639.5,-0.975323498249054,BUY,0.001,-0.975,+0.79,+18209.20,268209.20
2026-03-04T01:31:20.544000+00:00,4412,24631.75,-0.9739530086517334,BUY,0.001,-0.974,+0.21,+18209.41,268209.41
2026-03-04T01:35:31.152000+00:00,4413,24671.0,-0.9718207120895386,BUY,0.002,-0.972,-1.67,+18207.73,268207.73
2026-03-04T01:38:11.700001+00:00,4414,24700.75,-0.9734967947006226,SELL,0.002,-0.973,+0.00,+18207.73,268207.73
2026-03-04T01:46:34.016000+00:00,4415,24681.5,-0.9744967818260193,SELL,0.001,-0.974,+0.00,+18207.73,268207.73
2026-03-04T01:50:31.933000+00:00,4416,24648.0,-0.9757255911827087,SELL,0.001,-0.976,+0.00,+18207.73,268207.73
2026-03-04T01:52:03.211000+00:00,4417,24686.25,-0.9754870533943176,BUY,0.000,-0.975,-0.18,+18207.55,268207.55
2026-03-04T01:53:48.642000+00:00,4418,24648.0,-0.9728909730911255,BUY,0.003,-0.973,+1.99,+18209.54,268209.54
2026-03-04T01:56:31.069000+00:00,4419,24685.75,-0.980140745639801,SELL,0.007,-0.980,+0.00,+18209.54,268209.54
2026-03-04T02:01:20.721000+00:00,4420,24663.0,-0.982830822467804,SELL,0.003,-0.983,+0.00,+18209.54,268209.54
2026-03-04T02:12:25.594000+00:00,4421,24673.75,-0.9826950430870056,BUY,0.000,-0.983,-0.03,+18209.51,268209.51
2026-03-04T02:15:05.840000+00:00,4422,24639.25,-0.9859209656715393,SELL,0.003,-0.986,+0.00,+18209.51,268209.51
2026-03-04T02:20:00.025000+00:00,4423,24663.75,-0.98926842212677,SELL,0.003,-0.989,+0.00,+18209.51,268209.51
2026-03-04T02:28:02.652001+00:00,4424,24627.5,-0.986570417881012,BUY,0.003,-0.987,+1.96,+18211.46,268211.46
2026-03-04T02:35:02.235001+00:00,4425,24592.25,-0.9848235845565796,BUY,0.002,-0.985,+1.23,+18212.70,268212.70
2026-03-04T02:45:10.737000+00:00,4426,24628.0,-0.9788810610771179,BUY,0.006,-0.979,-4.25,+18208.45,268208.45
2026-03-04T02:51:08.722000+00:00,4427,24666.0,-0.9768492579460144,BUY,0.002,-0.977,-1.54,+18206.90,268206.90
2026-03-04T02:56:30.119000+00:00,4428,24626.75,-0.9687850475311279,BUY,0.008,-0.969,+6.33,+18213.23,268213.23
2026-03-04T03:01:59.149001+00:00,4429,24611.5,-0.9654399752616882,BUY,0.003,-0.965,+1.02,+18214.25,268214.25
2026-03-04T03:10:09.385000+00:00,4430,24626.0,-0.9641085267066956,BUY,0.001,-0.964,-0.39,+18213.87,268213.87
2026-03-04T03:15:32.567000+00:00,4431,24588.75,-0.9543789625167847,BUY,0.010,-0.954,+7.25,+18221.12,268221.12
2026-03-04T03:21:38.820031+00:00,4432,24563.25,-0.9354367256164551,BUY,0.019,-0.935,+9.66,+18230.78,268230.78
2026-03-04T03:31:55.373014+00:00,4433,24549.0,-0.8830487132072449,BUY,0.052,-0.883,+14.93,+18245.71,268245.71
2026-03-04T03:38:02.048001+00:00,4434,24565.0,-0.8673446178436279,BUY,0.016,-0.867,-5.03,+18240.68,268240.68
2026-03-04T03:47:18.065003+00:00,4435,24578.5,-0.9141007661819458,SELL,0.047,-0.914,+0.00,+18240.68,268240.68
2026-03-04T03:59:03.028000+00:00,4436,24596.25,-0.9553970694541931,SELL,0.041,-0.955,+0.00,+18240.68,268240.68
2026-03-04T04:05:53.333000+00:00,4437,24631.75,-0.9581143856048584,SELL,0.003,-0.958,+0.00,+18240.68,268240.68
2026-03-04T04:17:22.598000+00:00,4438,24604.75,-0.9455335140228271,BUY,0.013,-0.946,+6.79,+18247.47,268247.47
2026-03-04T04:37:25.456000+00:00,4439,24573.0,-0.9500162601470947,SELL,0.004,-0.950,+0.00,+18247.47,268247.47
2026-03-04T04:57:17.836000+00:00,4440,24606.0,-0.9495213627815247,BUY,0.000,-0.950,-0.33,+18247.15,268247.15
2026-03-04T05:03:23.342000+00:00,4441,24572.75,-0.9606975317001343,SELL,0.011,-0.961,+0.00,+18247.15,268247.15
2026-03-04T05:23:55.678001+00:00,4442,24553.75,-0.9674378037452698,SELL,0.007,-0.967,+0.00,+18247.15,268247.15
2026-03-04T05:38:10.175000+00:00,4443,24572.75,-0.9773427844047546,SELL,0.010,-0.977,+0.00,+18247.15,268247.15
2026-03-04T05:42:29.733000+00:00,4444,24604.0,-0.9805397391319275,SELL,0.003,-0.981,+0.00,+18247.15,268247.15
2026-03-04T05:49:20.867000+00:00,4445,24577.5,-0.9774620532989502,BUY,0.003,-0.977,+1.63,+18248.78,268248.78
2026-03-04T06:01:43.776000+00:00,4446,24551.0,-0.9773710370063782,BUY,0.000,-0.977,+0.05,+18248.83,268248.83
2026-03-04T06:12:56.908034+00:00,4447,24518.25,-0.9788488745689392,SELL,0.001,-0.979,+0.00,+18248.83,268248.83
2026-03-04T06:25:43.296000+00:00,4448,24539.0,-0.9821730256080627,SELL,0.003,-0.982,+0.00,+18248.83,268248.83
2026-03-04T06:33:53.892000+00:00,4449,24569.0,-0.9823856353759766,SELL,0.000,-0.982,+0.00,+18248.83,268248.83
2026-03-04T06:49:21.854000+00:00,4450,24550.0,-0.9820615649223328,BUY,0.000,-0.982,+0.12,+18248.95,268248.95
2026-03-04T07:12:50.654000+00:00,4451,24545.0,-0.9818409085273743,BUY,0.000,-0.982,+0.02,+18248.97,268248.97
2026-03-04T07:22:06.194000+00:00,4452,24576.0,-0.9854861497879028,SELL,0.004,-0.985,+0.00,+18248.97,268248.97
2026-03-04T07:24:14.981000+00:00,4453,24605.0,-0.9851740598678589,BUY,0.000,-0.985,-0.18,+18248.79,268248.79
2026-03-04T07:35:41.757000+00:00,4454,24636.0,-0.9872537851333618,SELL,0.002,-0.987,+0.00,+18248.79,268248.79
2026-03-04T07:41:46.105006+00:00,4455,24662.0,-0.9902800917625427,SELL,0.003,-0.990,+0.00,+18248.79,268248.79
2026-03-04T08:13:01.053003+00:00,4456,24637.75,-0.9908645153045654,SELL,0.001,-0.991,+0.00,+18248.79,268248.79
2026-03-04T08:18:56.202001+00:00,4457,24675.75,-0.9899019002914429,BUY,0.001,-0.990,-0.73,+18248.06,268248.06
2026-03-04T08:20:41.042000+00:00,4458,24647.75,-0.9904983043670654,SELL,0.001,-0.990,+0.00,+18248.06,268248.06
2026-03-04T08:23:45.148000+00:00,4459,24654.25,-0.9894574880599976,BUY,0.001,-0.989,-0.14,+18247.93,268247.93
2026-03-04T08:26:11.771000+00:00,4460,24622.0,-0.9857503771781921,BUY,0.004,-0.986,+2.39,+18250.32,268250.32
2026-03-04T08:31:03.047000+00:00,4461,24653.5,-0.9854736328125,BUY,0.000,-0.985,-0.17,+18250.14,268250.14
2026-03-04T08:44:02.950001+00:00,4462,24660.0,-0.9849090576171875,BUY,0.001,-0.985,-0.07,+18250.07,268250.07
2026-03-04T08:56:23.493000+00:00,4463,24638.0,-0.9863165020942688,SELL,0.001,-0.986,+0.00,+18250.07,268250.07
2026-03-04T09:03:07.544000+00:00,4464,24667.25,-0.985591471195221,BUY,0.001,-0.986,-0.42,+18249.64,268249.64
2026-03-04T09:06:18.407001+00:00,4465,24632.75,-0.9775872230529785,BUY,0.008,-0.978,+5.52,+18255.17,268255.17
2026-03-04T09:11:00.312000+00:00,4466,24661.0,-0.9580038189888,BUY,0.020,-0.958,-11.06,+18244.10,268244.10
2026-03-04T09:14:36.734000+00:00,4467,24701.0,-0.9541485905647278,BUY,0.004,-0.954,-3.08,+18241.02,268241.02
2026-03-04T09:35:54.775000+00:00,4468,24725.5,-0.9578281044960022,SELL,0.004,-0.958,+0.00,+18241.02,268241.02
2026-03-04T09:43:26.429000+00:00,4469,24743.0,-0.9450926780700684,BUY,0.013,-0.945,-4.46,+18236.56,268236.56
2026-03-04T09:50:27.412002+00:00,4470,24766.25,-0.9099327325820923,BUY,0.035,-0.910,-16.35,+18220.21,268220.21
2026-03-04T10:07:47.071010+00:00,4471,24774.75,-0.8982110619544983,BUY,0.012,-0.898,-1.99,+18218.22,268218.22
2026-03-04T10:08:20.988005+00:00,4472,24785.0,-0.8373557925224304,BUY,0.061,-0.837,-12.48,+18205.74,268205.74
2026-03-04T10:09:14.748000+00:00,4473,24819.0,-0.775794267654419,BUY,0.062,-0.776,-41.86,+18163.88,268163.88
2026-03-04T10:10:31.919023+00:00,4474,24847.0,-0.7395792007446289,BUY,0.036,-0.740,-20.28,+18143.60,268143.60
2026-03-04T10:13:00.609000+00:00,4475,24819.5,-0.7359198331832886,BUY,0.004,-0.736,+2.01,+18145.61,268145.61
2026-03-04T10:15:04.301000+00:00,4476,24855.75,-0.7037073969841003,BUY,0.032,-0.704,-23.35,+18122.26,268122.26
2026-03-04T10:18:15.571000+00:00,4477,24825.25,-0.6642969846725464,BUY,0.039,-0.664,+24.04,+18146.30,268146.30
2026-03-04T10:25:12.420014+00:00,4478,24820.25,-0.7899197340011597,SELL,0.126,-0.790,+0.00,+18146.30,268146.30
2026-03-04T10:36:00.044000+00:00,4479,24837.75,-0.7662166357040405,BUY,0.024,-0.766,-8.30,+18138.00,268138.00
2026-03-04T10:51:22.842001+00:00,4480,24852.0,-0.782936692237854,SELL,0.017,-0.783,+0.00,+18138.00,268138.00
2026-03-04T10:52:46.533000+00:00,4481,24814.0,-0.6232609152793884,BUY,0.160,-0.623,+121.35,+18259.36,268259.36
2026-03-04T11:00:52.546000+00:00,4482,24854.0,-0.6410470604896545,SELL,0.018,-0.641,+0.00,+18259.36,268259.36
2026-03-04T11:17:39.575000+00:00,4483,24880.0,-0.7117372751235962,SELL,0.071,-0.712,+0.00,+18259.36,268259.36
2026-03-04T11:33:23.230000+00:00,4484,24854.0,-0.8586679100990295,SELL,0.147,-0.859,+0.00,+18259.36,268259.36
2026-03-04T11:45:00.002000+00:00,4485,24815.0,-0.8974955677986145,SELL,0.039,-0.897,+0.00,+18259.36,268259.36
2026-03-04T12:03:39.908013+00:00,4486,24841.25,-0.9521902799606323,SELL,0.055,-0.952,+0.00,+18259.36,268259.36
2026-03-04T12:09:54.868002+00:00,4487,24804.25,-0.9521401524543762,BUY,0.000,-0.952,+0.04,+18259.39,268259.39
2026-03-04T12:17:44.037005+00:00,4488,24788.25,-0.9620411396026611,SELL,0.010,-0.962,+0.00,+18259.39,268259.39
2026-03-04T12:25:22.844000+00:00,4489,24753.5,-0.9703866243362427,SELL,0.008,-0.970,+0.00,+18259.39,268259.39
2026-03-04T12:29:53.351000+00:00,4490,24730.5,-0.9754468202590942,SELL,0.005,-0.975,+0.00,+18259.39,268259.39
2026-03-04T12:37:57.748000+00:00,4491,24761.25,-0.9777799844741821,SELL,0.002,-0.978,+0.00,+18259.39,268259.39
2026-03-04T12:58:51.175002+00:00,4492,24798.25,-0.9790906310081482,SELL,0.001,-0.979,+0.00,+18259.39,268259.39
2026-03-04T13:03:36.596000+00:00,4493,24833.5,-0.9817345142364502,SELL,0.003,-0.982,+0.00,+18259.39,268259.39
2026-03-04T13:06:59.050009+00:00,4494,24873.5,-0.9795786142349243,BUY,0.002,-0.980,-1.72,+18257.67,268257.67
2026-03-04T13:10:07.438002+00:00,4495,24895.0,-0.9822995066642761,SELL,0.003,-0.982,+0.00,+18257.67,268257.67
2026-03-04T13:17:10.774000+00:00,4496,24890.0,-0.9809728860855103,BUY,0.001,-0.981,+0.13,+18257.80,268257.80
2026-03-04T13:41:12.558013+00:00,4497,24900.25,-0.9815237522125244,SELL,0.001,-0.982,+0.00,+18257.80,268257.80
2026-03-04T13:55:03.123007+00:00,4498,24885.0,-0.9814291596412659,BUY,0.000,-0.981,+0.03,+18257.83,268257.83
2026-03-04T13:56:56.370033+00:00,4499,24916.0,-0.9845930337905884,SELL,0.003,-0.985,+0.00,+18257.83,268257.83
2026-03-04T14:00:38.327004+00:00,4500,24878.25,-0.9854995012283325,SELL,0.001,-0.985,+0.00,+18257.83,268257.83
2026-03-04T14:20:15.557000+00:00,4501,24906.0,-0.9903538227081299,SELL,0.005,-0.990,+0.00,+18257.83,268257.83
2026-03-04T14:25:25.287000+00:00,4502,24871.25,-0.9895092248916626,BUY,0.001,-0.990,+0.59,+18258.42,268258.42
2026-03-04T14:30:06.952030+00:00,4503,24877.75,-0.990881085395813,SELL,0.001,-0.991,+0.00,+18258.42,268258.42
2026-03-04T14:30:20.868027+00:00,4504,24913.0,-0.9895164966583252,BUY,0.001,-0.990,-0.96,+18257.46,268257.46
2026-03-04T14:30:27.095000+00:00,4505,24936.75,-0.9890274405479431,BUY,0.000,-0.989,-0.23,+18257.22,268257.22
2026-03-04T14:31:24.110000+00:00,4506,24915.0,-0.9876670241355896,BUY,0.001,-0.988,+0.59,+18257.82,268257.82
2026-03-04T14:32:28.651000+00:00,4507,24941.0,-0.9893443584442139,SELL,0.002,-0.989,+0.00,+18257.82,268257.82
2026-03-04T14:34:03.454017+00:00,4508,24958.0,-0.9894696474075317,SELL,0.000,-0.989,+0.00,+18257.82,268257.82
2026-03-04T14:35:18.056000+00:00,4509,24930.0,-0.9911231398582458,SELL,0.002,-0.991,+0.00,+18257.82,268257.82
2026-03-04T14:35:41.577000+00:00,4510,24898.75,-0.9908444881439209,BUY,0.000,-0.991,+0.17,+18257.99,268257.99
2026-03-04T14:36:43.319000+00:00,4511,24877.0,-0.9907979965209961,BUY,0.000,-0.991,+0.02,+18258.01,268258.01
2026-03-04T14:38:12.842008+00:00,4512,24909.5,-0.9891934394836426,BUY,0.002,-0.989,-1.04,+18256.97,268256.97
2026-03-04T14:40:00.962006+00:00,4513,24879.0,-0.9871146082878113,BUY,0.002,-0.987,+1.27,+18258.24,268258.24
2026-03-04T14:42:01.563001+00:00,4514,24843.25,-0.9855880737304688,BUY,0.002,-0.986,+1.09,+18259.33,268259.33
2026-03-04T14:45:00.212020+00:00,4515,24839.0,-0.9855043292045593,BUY,0.000,-0.986,+0.01,+18259.33,268259.33
2026-03-04T14:46:13.425001+00:00,4516,24866.0,-0.9824674725532532,BUY,0.003,-0.982,-1.64,+18257.69,268257.69
2026-03-04T14:47:05.608000+00:00,4517,24889.0,-0.9782832860946655,BUY,0.004,-0.978,-1.92,+18255.77,268255.77
2026-03-04T14:47:57.708004+00:00,4518,24879.5,-0.9713737368583679,BUY,0.007,-0.971,+1.31,+18257.08,268257.08
2026-03-04T14:48:58.292001+00:00,4519,24909.75,-0.9722723364830017,SELL,0.001,-0.972,+0.00,+18257.08,268257.08
2026-03-04T14:49:33.529005+00:00,4520,24895.5,-0.9672297835350037,BUY,0.005,-0.967,+1.44,+18258.52,268258.52
2026-03-04T14:50:27.424000+00:00,4521,24867.5,-0.9433227777481079,BUY,0.024,-0.943,+13.39,+18271.91,268271.91
2026-03-04T14:52:16.550005+00:00,4522,24905.5,-0.9412193298339844,BUY,0.002,-0.941,-1.60,+18270.31,268270.31
2026-03-04T14:53:21.266024+00:00,4523,24943.5,-0.9424344897270203,SELL,0.001,-0.942,+0.00,+18270.31,268270.31
2026-03-04T14:55:55.647006+00:00,4524,24904.0,-0.9506064057350159,SELL,0.008,-0.951,+0.00,+18270.31,268270.31
2026-03-04T15:00:00.019001+00:00,4525,24935.0,-0.9675711989402771,SELL,0.017,-0.968,+0.00,+18270.31,268270.31
2026-03-04T15:00:01.516015+00:00,4526,24963.25,-0.9748820662498474,SELL,0.007,-0.975,+0.00,+18270.31,268270.31
2026-03-04T15:01:02.445001+00:00,4527,24977.5,-0.9779840707778931,SELL,0.003,-0.978,+0.00,+18270.31,268270.31
2026-03-04T15:03:11.333002+00:00,4528,24943.0,-0.9788234233856201,SELL,0.001,-0.979,+0.00,+18270.31,268270.31
2026-03-04T15:03:35.606000+00:00,4529,24910.0,-0.9791020750999451,SELL,0.000,-0.979,+0.00,+18270.31,268270.31
2026-03-04T15:04:39.343000+00:00,4530,24931.5,-0.9805794358253479,SELL,0.001,-0.981,+0.00,+18270.31,268270.31
2026-03-04T15:06:41.912000+00:00,4531,24961.5,-0.9813710451126099,SELL,0.001,-0.981,+0.00,+18270.31,268270.31
2026-03-04T15:08:44.825000+00:00,4532,24984.25,-0.9807583689689636,BUY,0.001,-0.981,-0.28,+18270.03,268270.03
2026-03-04T15:13:03.151007+00:00,4533,25003.0,-0.9815966486930847,SELL,0.001,-0.982,+0.00,+18270.03,268270.03
2026-03-04T15:14:28.711000+00:00,4534,24969.5,-0.9780355095863342,BUY,0.004,-0.978,+2.39,+18272.42,268272.42
2026-03-04T15:16:01.234000+00:00,4535,24997.75,-0.9797800183296204,SELL,0.002,-0.980,+0.00,+18272.42,268272.42
2026-03-04T15:19:31.803003+00:00,4536,25024.25,-0.9815981984138489,SELL,0.002,-0.982,+0.00,+18272.42,268272.42
2026-03-04T15:21:04.100000+00:00,4537,25062.5,-0.9838625192642212,SELL,0.002,-0.984,+0.00,+18272.42,268272.42
2026-03-04T15:24:59.029000+00:00,4538,25093.75,-0.9826611280441284,BUY,0.001,-0.983,-0.75,+18271.67,268271.67
2026-03-04T15:26:55.027000+00:00,4539,25115.0,-0.9828332662582397,SELL,0.000,-0.983,+0.00,+18271.67,268271.67
2026-03-04T15:35:02.530000+00:00,4540,25108.5,-0.9828885793685913,SELL,0.000,-0.983,+0.00,+18271.67,268271.67
2026-03-04T15:39:12.580001+00:00,4541,25089.5,-0.981677770614624,BUY,0.001,-0.982,+0.46,+18272.13,268272.13
2026-03-04T15:45:02.299034+00:00,4542,25056.0,-0.9824533462524414,SELL,0.001,-0.982,+0.00,+18272.13,268272.13
2026-03-04T15:50:37.875000+00:00,4543,25076.75,-0.9842991232872009,SELL,0.002,-0.984,+0.00,+18272.13,268272.13
2026-03-04T15:52:25.636057+00:00,4544,25047.0,-0.9851938486099243,SELL,0.001,-0.985,+0.00,+18272.13,268272.13
2026-03-04T15:55:05.145000+00:00,4545,25084.0,-0.9839444756507874,BUY,0.001,-0.984,-0.92,+18271.20,268271.20
2026-03-04T15:58:04.786000+00:00,4546,25121.25,-0.9851579666137695,SELL,0.001,-0.985,+0.00,+18271.20,268271.20
2026-03-04T16:02:09.226001+00:00,4547,25155.0,-0.9868776202201843,SELL,0.002,-0.987,+0.00,+18271.20,268271.20
2026-03-04T16:05:25.012000+00:00,4548,25118.0,-0.9871039390563965,SELL,0.000,-0.987,+0.00,+18271.20,268271.20
2026-03-04T16:11:30.843000+00:00,4549,25096.25,-0.989683210849762,SELL,0.003,-0.990,+0.00,+18271.20,268271.20
2026-03-04T16:14:01.799002+00:00,4550,25060.0,-0.9896984696388245,SELL,0.000,-0.990,+0.00,+18271.20,268271.20
2026-03-04T16:19:03.745001+00:00,4551,25054.0,-0.9913408756256104,SELL,0.002,-0.991,+0.00,+18271.20,268271.20
2026-03-04T16:26:04.942000+00:00,4552,25091.0,-0.9915027618408203,SELL,0.000,-0.992,+0.00,+18271.20,268271.20
2026-03-04T16:34:03.201000+00:00,4553,25131.0,-0.9913163185119629,BUY,0.000,-0.991,-0.15,+18271.05,268271.05
2026-03-04T16:38:09.433000+00:00,4554,25099.5,-0.988609254360199,BUY,0.003,-0.989,+1.71,+18272.76,268272.76
2026-03-04T16:40:43.040000+00:00,4555,25138.0,-0.9856678247451782,BUY,0.003,-0.986,-2.26,+18270.49,268270.49
2026-03-04T17:05:29.806013+00:00,4556,25171.25,-0.9844168424606323,BUY,0.001,-0.984,-0.83,+18269.66,268269.66
2026-03-04T17:22:21.791026+00:00,4557,25134.25,-0.9813583493232727,BUY,0.003,-0.981,+2.26,+18271.92,268271.92
2026-03-04T17:30:46.972002+00:00,4558,25126.0,-0.980143129825592,BUY,0.001,-0.980,+0.20,+18272.12,268272.12
2026-03-04T17:34:12.455048+00:00,4559,25145.0,-0.9782223105430603,BUY,0.002,-0.978,-0.73,+18271.39,268271.39
2026-03-04T17:40:59.469000+00:00,4560,25172.5,-0.9712202548980713,BUY,0.007,-0.971,-3.85,+18267.54,268267.54
2026-03-04T18:20:39.262000+00:00,4561,25143.0,-0.9706506729125977,BUY,0.001,-0.971,+0.34,+18267.88,268267.88
2026-03-04T18:30:12.713000+00:00,4562,25180.5,-0.9742366075515747,SELL,0.004,-0.974,+0.00,+18267.88,268267.88
2026-03-04T19:10:39.773037+00:00,4563,25217.5,-0.9813477993011475,SELL,0.007,-0.981,+0.00,+18267.88,268267.88
2026-03-04T20:07:14.468000+00:00,4564,25177.75,-0.985555112361908,SELL,0.004,-0.986,+0.00,+18267.88,268267.88
2026-03-04T20:15:52.521003+00:00,4565,25138.5,-0.9796581268310547,BUY,0.006,-0.980,+4.63,+18272.51,268272.51
2026-03-04T20:43:33.671000+00:00,4566,25164.0,-0.9808221459388733,SELL,0.001,-0.981,+0.00,+18272.51,268272.51
2026-03-04T20:50:03.001000+00:00,4567,25127.75,-0.9762018322944641,BUY,0.005,-0.976,+3.35,+18275.86,268275.86
2026-03-04T21:00:12.928000+00:00,4568,25110.0,-0.9760687947273254,BUY,0.000,-0.976,+0.05,+18275.91,268275.91
2026-03-04T21:07:12.004004+00:00,4569,25132.5,-0.9721542596817017,BUY,0.004,-0.972,-1.76,+18274.14,268274.14
2026-03-04T21:15:00.728008+00:00,4570,25116.25,-0.9792309403419495,SELL,0.007,-0.979,+0.00,+18274.14,268274.14
2026-03-04T21:15:18.030001+00:00,4571,25154.25,-0.9857330322265625,SELL,0.007,-0.986,+0.00,+18274.14,268274.14
2026-03-04T21:22:29.973001+00:00,4572,25123.0,-0.9836151599884033,BUY,0.002,-0.984,+1.32,+18275.47,268275.47
2026-03-04T23:00:00.172000+00:00,4573,25160.5,-0.9819326400756836,BUY,0.002,-0.982,-1.26,+18274.21,268274.21
2026-03-04T23:44:07.119002+00:00,4574,25180.0,-0.980380117893219,BUY,0.002,-0.980,-0.61,+18273.60,268273.60
2026-03-05T00:14:06.759009+00:00,4575,25200.25,-0.9748047590255737,BUY,0.006,-0.975,-2.26,+18271.34,268271.34
2026-03-05T00:15:55.939005+00:00,4576,25233.75,-0.9650251269340515,BUY,0.010,-0.965,-6.55,+18264.79,268264.79
2026-03-05T00:25:19.197005+00:00,4577,25210.0,-0.9570469260215759,BUY,0.008,-0.957,+3.79,+18268.58,268268.58
2026-03-05T01:11:23.722002+00:00,4578,25188.25,-0.9504448771476746,BUY,0.007,-0.950,+2.87,+18271.45,268271.45
2026-03-05T01:17:27.150000+00:00,4579,25163.75,-0.9281769394874573,BUY,0.022,-0.928,+10.91,+18282.36,268282.36
2026-03-05T01:40:56.344000+00:00,4580,25174.5,-0.9267899394035339,BUY,0.001,-0.927,-0.30,+18282.06,268282.06
2026-03-05T01:42:03.181000+00:00,4581,25134.5,-0.9176885485649109,BUY,0.009,-0.918,+7.28,+18289.35,268289.35
2026-03-05T01:42:35.104000+00:00,4582,25095.75,-0.9174003601074219,BUY,0.000,-0.917,+0.22,+18289.57,268289.57
2026-03-05T01:47:20.498048+00:00,4583,25112.0,-0.8798641562461853,BUY,0.038,-0.880,-12.20,+18277.37,268277.37
2026-03-05T01:51:21.200000+00:00,4584,25080.5,-0.866307258605957,BUY,0.014,-0.866,+8.54,+18285.91,268285.91
2026-03-05T01:56:47.468000+00:00,4585,25045.25,-0.6824448704719543,BUY,0.184,-0.682,+129.62,+18415.53,268415.53
2026-03-05T02:00:32.536000+00:00,4586,25084.0,-0.35716527700424194,BUY,0.325,-0.357,-252.09,+18163.44,268163.44
2026-03-05T02:30:21.538001+00:00,4587,25055.0,-0.6398372054100037,SELL,0.283,-0.640,+0.00,+18163.44,268163.44
2026-03-05T02:43:43.374003+00:00,4588,25090.0,-0.5369749665260315,BUY,0.103,-0.537,-72.00,+18091.44,268091.44
2026-03-05T02:50:20.575007+00:00,4589,25122.0,-0.419908344745636,BUY,0.117,-0.420,-74.92,+18016.52,268016.52
2026-03-05T02:55:17.189004+00:00,4590,25085.5,-0.15007071197032928,BUY,0.270,-0.150,+196.98,+18213.50,268213.50
2026-03-05T03:20:31.949000+00:00,4591,25061.25,-0.13319362699985504,BUY,0.017,-0.133,+8.19,+18221.68,268221.68
2026-03-05T03:29:07.232027+00:00,4592,25030.0,0.2942829430103302,BUY,0.427,0.294,+83.25,+18304.93,268304.93
2026-03-05T03:54:52.496018+00:00,4593,25065.25,0.5423730611801147,BUY,0.248,0.542,+0.00,+18304.93,268304.93
2026-03-05T04:08:32.507001+00:00,4594,25071.75,0.09162698686122894,SELL,0.451,0.092,+58.60,+18363.53,268363.53
2026-03-05T04:50:09.935024+00:00,4595,25104.75,-0.09604427218437195,SELL,0.188,-0.096,+60.47,+18424.00,268424.00
2026-03-05T05:30:48.200000+00:00,4596,25066.5,0.15885807573795319,BUY,0.255,0.159,+73.47,+18497.47,268497.47
2026-03-05T05:57:45.987001+00:00,4597,25041.0,-0.1445443332195282,SELL,0.303,-0.145,-81.02,+18416.46,268416.46
2026-03-05T06:07:12.550001+00:00,4598,25003.5,-0.16587094962596893,SELL,0.021,-0.166,+0.00,+18416.46,268416.46
2026-03-05T06:22:53.884000+00:00,4599,25021.25,-0.2722511291503906,SELL,0.106,-0.272,+0.00,+18416.46,268416.46
2026-03-05T06:50:00.088001+00:00,4600,25026.75,-0.3818701207637787,SELL,0.110,-0.382,+0.00,+18416.46,268416.46
2026-03-05T06:51:01.635000+00:00,4601,25062.75,-0.5164307951927185,SELL,0.135,-0.516,+0.00,+18416.46,268416.46
2026-03-05T06:57:06.912080+00:00,4602,25084.0,-0.6553124189376831,SELL,0.139,-0.655,+0.00,+18416.46,268416.46
2026-03-05T07:06:02.109001+00:00,4603,25058.0,-0.7242467403411865,SELL,0.069,-0.724,+0.00,+18416.46,268416.46
2026-03-05T07:25:25.629000+00:00,4604,25090.75,-0.8314287662506104,SELL,0.107,-0.831,+0.00,+18416.46,268416.46
2026-03-05T07:51:12.170001+00:00,4605,25054.25,-0.8893729448318481,SELL,0.058,-0.889,+0.00,+18416.46,268416.46
2026-03-05T08:03:27.876000+00:00,4606,25038.0,-0.9291371703147888,SELL,0.040,-0.929,+0.00,+18416.46,268416.46
2026-03-05T08:06:14.522000+00:00,4607,25000.25,-0.930137574672699,SELL,0.001,-0.930,+0.00,+18416.46,268416.46
2026-03-05T08:16:02.782001+00:00,4608,25030.0,-0.9544464945793152,SELL,0.024,-0.954,+0.00,+18416.46,268416.46
2026-03-05T08:27:31.661000+00:00,4609,25004.0,-0.9578640460968018,SELL,0.003,-0.958,+0.00,+18416.46,268416.46
2026-03-05T08:30:26.989005+00:00,4610,24977.25,-0.961356520652771,SELL,0.003,-0.961,+0.00,+18416.46,268416.46
2026-03-05T08:32:38.369000+00:00,4611,25014.25,-0.9646194577217102,SELL,0.003,-0.965,+0.00,+18416.46,268416.46
2026-03-05T08:40:37.513000+00:00,4612,24983.25,-0.9652470946311951,SELL,0.001,-0.965,+0.00,+18416.46,268416.46
2026-03-05T08:46:27.583000+00:00,4613,25022.0,-0.971289873123169,SELL,0.006,-0.971,+0.00,+18416.46,268416.46
2026-03-05T08:56:02.136000+00:00,4614,25040.0,-0.9757981300354004,SELL,0.005,-0.976,+0.00,+18416.46,268416.46
2026-03-05T09:03:43.895000+00:00,4615,25080.0,-0.9814569354057312,SELL,0.006,-0.981,+0.00,+18416.46,268416.46
2026-03-05T09:05:36.890000+00:00,4616,25119.75,-0.9843710064888,SELL,0.003,-0.984,+0.00,+18416.46,268416.46
2026-03-05T09:08:00.775001+00:00,4617,25152.0,-0.990317165851593,SELL,0.006,-0.990,+0.00,+18416.46,268416.46
2026-03-05T09:10:53.036018+00:00,4618,25186.75,-0.9881604313850403,BUY,0.002,-0.988,-1.50,+18414.96,268414.96
2026-03-05T09:15:35.888004+00:00,4619,25165.75,-0.9861695766448975,BUY,0.002,-0.986,+0.84,+18415.79,268415.79
2026-03-05T09:21:08.170001+00:00,4620,25173.25,-0.9849590063095093,BUY,0.001,-0.985,-0.18,+18415.61,268415.61
2026-03-05T09:21:43.304003+00:00,4621,25156.25,-0.983177900314331,BUY,0.002,-0.983,+0.61,+18416.22,268416.22
2026-03-05T09:26:04.538001+00:00,4622,25150.25,-0.9820536971092224,BUY,0.001,-0.982,+0.13,+18416.35,268416.35
2026-03-05T09:28:02.063000+00:00,4623,25123.0,-0.9749059081077576,BUY,0.007,-0.975,+3.90,+18420.25,268420.25
2026-03-05T09:39:02.606000+00:00,4624,25106.0,-0.9669904708862305,BUY,0.008,-0.967,+2.69,+18422.94,268422.94
2026-03-05T09:59:38.441000+00:00,4625,25122.5,-0.9575363397598267,BUY,0.009,-0.958,-3.12,+18419.82,268419.82
2026-03-05T10:05:52.802000+00:00,4626,25125.75,-0.951919674873352,BUY,0.006,-0.952,-0.37,+18419.45,268419.45
2026-03-05T10:41:07.759000+00:00,4627,25103.25,-0.9297809600830078,BUY,0.022,-0.930,+9.96,+18429.42,268429.42
2026-03-05T11:08:24.052000+00:00,4628,25125.75,-0.9405454993247986,SELL,0.011,-0.941,+0.00,+18429.42,268429.42
2026-03-05T11:30:45.630014+00:00,4629,25153.75,-0.9179608821868896,BUY,0.023,-0.918,-12.65,+18416.77,268416.77
2026-03-05T11:39:21.916002+00:00,4630,25113.75,-0.8870784640312195,BUY,0.031,-0.887,+24.71,+18441.47,268441.47
2026-03-05T11:58:34.865000+00:00,4631,25097.0,-0.8561136722564697,BUY,0.031,-0.856,+10.37,+18451.85,268451.85
2026-03-05T12:20:00.709000+00:00,4632,25118.5,-0.847601592540741,BUY,0.009,-0.848,-3.66,+18448.19,268448.19
2026-03-05T12:28:42.570000+00:00,4633,25117.5,-0.8279682397842407,BUY,0.020,-0.828,+0.39,+18448.58,268448.58
2026-03-05T12:37:31.990000+00:00,4634,25084.75,-0.7834794521331787,BUY,0.044,-0.783,+29.14,+18477.72,268477.72
2026-03-05T12:44:03.232072+00:00,4635,25067.0,-0.7236118316650391,BUY,0.060,-0.724,+21.25,+18498.97,268498.97
2026-03-05T12:50:50.238006+00:00,4636,25062.75,-0.6040570139884949,BUY,0.120,-0.604,+10.16,+18509.14,268509.14
2026-03-05T13:05:30.182002+00:00,4637,25036.25,-0.595700740814209,BUY,0.008,-0.596,+4.43,+18513.56,268513.56
2026-03-05T13:30:05.070003+00:00,4638,25064.25,-0.6005855798721313,SELL,0.005,-0.601,+0.00,+18513.56,268513.56
2026-03-05T13:31:38.028000+00:00,4639,25032.0,-0.5303137302398682,BUY,0.070,-0.530,+45.33,+18558.89,268558.89
2026-03-05T13:35:17.080008+00:00,4640,25012.0,-0.6057891845703125,SELL,0.075,-0.606,+0.00,+18558.89,268558.89
2026-03-05T13:46:14.303004+00:00,4641,25032.0,-0.5795773267745972,BUY,0.026,-0.580,-10.48,+18548.40,268548.40
2026-03-05T13:56:29.720000+00:00,4642,25008.0,-0.6329735517501831,SELL,0.053,-0.633,+0.00,+18548.40,268548.40
2026-03-05T14:17:25.347014+00:00,4643,24976.75,-0.531114935874939,BUY,0.102,-0.531,+63.66,+18612.07,268612.07
2026-03-05T14:30:03.804012+00:00,4644,25002.75,-0.5485952496528625,SELL,0.017,-0.549,+0.00,+18612.07,268612.07
2026-03-05T14:30:38.436003+00:00,4645,25030.75,-0.5649813413619995,SELL,0.016,-0.565,+0.00,+18612.07,268612.07
2026-03-05T14:32:08.595027+00:00,4646,25063.25,-0.6624093055725098,SELL,0.097,-0.662,+0.00,+18612.07,268612.07
2026-03-05T14:34:00.256004+00:00,4647,25087.5,-0.7599398493766785,SELL,0.098,-0.760,+0.00,+18612.07,268612.07
2026-03-05T14:36:54.085001+00:00,4648,25115.25,-0.8492114543914795,SELL,0.089,-0.849,+0.00,+18612.07,268612.07
2026-03-05T14:39:05.802005+00:00,4649,25085.25,-0.8516079187393188,SELL,0.002,-0.852,+0.00,+18612.07,268612.07
2026-03-05T14:40:51.042001+00:00,4650,25060.0,-0.834114670753479,BUY,0.017,-0.834,+8.83,+18620.90,268620.90
2026-03-05T14:41:33.956001+00:00,4651,25096.5,-0.8363444209098816,SELL,0.002,-0.836,+0.00,+18620.90,268620.90
2026-03-05T14:43:35.329000+00:00,4652,25071.5,-0.8520190119743347,SELL,0.016,-0.852,+0.00,+18620.90,268620.90
2026-03-05T14:45:05.928000+00:00,4653,25041.25,-0.835751473903656,BUY,0.016,-0.836,+9.84,+18630.74,268630.74
2026-03-05T14:47:07.758005+00:00,4654,25076.0,-0.8331940174102783,BUY,0.003,-0.833,-1.78,+18628.96,268628.96
2026-03-05T14:48:00.710000+00:00,4655,25107.75,-0.8433935642242432,SELL,0.010,-0.843,+0.00,+18628.96,268628.96
2026-03-05T14:49:44.028011+00:00,4656,25093.75,-0.8228399157524109,BUY,0.021,-0.823,+5.76,+18634.72,268634.72
2026-03-05T14:50:34.943000+00:00,4657,25118.25,-0.800595760345459,BUY,0.022,-0.801,-10.90,+18623.82,268623.82
2026-03-05T14:55:04.353001+00:00,4658,25145.5,-0.7787318229675293,BUY,0.022,-0.779,-11.92,+18611.90,268611.90
2026-03-05T14:57:50.077000+00:00,4659,25160.0,-0.7388622164726257,BUY,0.040,-0.739,-11.56,+18600.34,268600.34
2026-03-05T15:00:25.995000+00:00,4660,25200.0,-0.7292448878288269,BUY,0.010,-0.729,-7.69,+18592.65,268592.65
2026-03-05T15:04:50.033001+00:00,4661,25169.75,-0.6672595739364624,BUY,0.062,-0.667,+37.50,+18630.15,268630.15
2026-03-05T15:07:56.232000+00:00,4662,25139.5,-0.6128613948822021,BUY,0.054,-0.613,+32.91,+18663.06,268663.06
2026-03-05T15:10:34.911013+00:00,4663,25166.0,-0.6184366941452026,SELL,0.006,-0.618,+0.00,+18663.06,268663.06
2026-03-05T15:11:52.329002+00:00,4664,25133.5,-0.6089410781860352,BUY,0.009,-0.609,+6.17,+18669.23,268669.23
2026-03-05T15:14:00.093011+00:00,4665,25170.0,-0.6645298004150391,SELL,0.056,-0.665,+0.00,+18669.23,268669.23
2026-03-05T15:16:17.446065+00:00,4666,25141.75,-0.6222956776618958,BUY,0.042,-0.622,+23.86,+18693.09,268693.09
2026-03-05T15:18:24.879002+00:00,4667,25107.5,-0.597669780254364,BUY,0.025,-0.598,+16.87,+18709.96,268709.96
2026-03-05T15:20:22.476015+00:00,4668,25090.75,-0.4899989664554596,BUY,0.108,-0.490,+36.07,+18746.03,268746.03
2026-03-05T15:22:22.833000+00:00,4669,25066.0,-0.4760235548019409,BUY,0.014,-0.476,+6.92,+18752.95,268752.95
2026-03-05T15:24:40.571000+00:00,4670,25032.0,-0.38078200817108154,BUY,0.095,-0.381,+64.76,+18817.72,268817.72
2026-03-05T15:28:59.638000+00:00,4671,24993.0,-0.31404781341552734,BUY,0.067,-0.314,+52.05,+18869.77,268869.77
2026-03-05T15:30:19.025006+00:00,4672,24973.75,-0.24104535579681396,BUY,0.073,-0.241,+28.11,+18897.87,268897.87
2026-03-05T15:30:54.729001+00:00,4673,24946.0,-0.3727428913116455,SELL,0.132,-0.373,+0.00,+18897.87,268897.87
2026-03-05T15:33:13.344002+00:00,4674,24970.5,-0.4187767505645752,SELL,0.046,-0.419,+0.00,+18897.87,268897.87
2026-03-05T15:36:12.918000+00:00,4675,24998.75,-0.3522859811782837,BUY,0.066,-0.352,-37.57,+18860.31,268860.31
2026-03-05T15:38:33.021052+00:00,4676,25021.5,-0.5150942802429199,SELL,0.163,-0.515,+0.00,+18860.31,268860.31
2026-03-05T15:40:00.681000+00:00,4677,25051.5,-0.7122524380683899,SELL,0.197,-0.712,+0.00,+18860.31,268860.31
2026-03-05T15:43:19.194005+00:00,4678,25032.75,-0.7708553075790405,SELL,0.059,-0.771,+0.00,+18860.31,268860.31
2026-03-05T15:45:10.280003+00:00,4679,25058.25,-0.8351724743843079,SELL,0.064,-0.835,+0.00,+18860.31,268860.31
2026-03-05T15:48:02.425003+00:00,4680,25073.0,-0.8403584957122803,SELL,0.005,-0.840,+0.00,+18860.31,268860.31
2026-03-05T15:49:10.803000+00:00,4681,25039.25,-0.7858562469482422,BUY,0.055,-0.786,+36.79,+18897.10,268897.10
2026-03-05T15:50:31.406000+00:00,4682,25072.75,-0.7906531691551208,SELL,0.005,-0.791,+0.00,+18897.10,268897.10
2026-03-05T15:56:09.627007+00:00,4683,25058.0,-0.8220959305763245,SELL,0.031,-0.822,+0.00,+18897.10,268897.10
2026-03-05T16:00:05.037000+00:00,4684,25089.75,-0.8634146451950073,SELL,0.041,-0.863,+0.00,+18897.10,268897.10
2026-03-05T16:02:24.297000+00:00,4685,25053.25,-0.8389612436294556,BUY,0.024,-0.839,+17.85,+18914.95,268914.95
2026-03-05T16:04:42.872000+00:00,4686,25028.25,-0.80765300989151,BUY,0.031,-0.808,+15.65,+18930.60,268930.60
2026-03-05T16:08:05.218000+00:00,4687,25012.5,-0.7932392954826355,BUY,0.014,-0.793,+4.54,+18935.14,268935.14
2026-03-05T16:11:02.649000+00:00,4688,24975.75,-0.779655933380127,BUY,0.014,-0.780,+9.98,+18945.12,268945.12
2026-03-05T16:13:25.779015+00:00,4689,24997.0,-0.7650817036628723,BUY,0.015,-0.765,-6.19,+18938.93,268938.93
2026-03-05T16:15:53.311001+00:00,4690,24974.5,-0.7059338688850403,BUY,0.059,-0.706,+26.62,+18965.55,268965.55
2026-03-05T16:19:57.806006+00:00,4691,24947.75,-0.618975818157196,BUY,0.087,-0.619,+46.52,+19012.07,269012.07
2026-03-05T16:22:06.200000+00:00,4692,24982.25,-0.5659076571464539,BUY,0.053,-0.566,-36.62,+18975.45,268975.45
2026-03-05T16:28:47.423000+00:00,4693,24971.25,-0.17921635508537292,BUY,0.387,-0.179,+85.07,+19060.52,269060.52
2026-03-05T16:31:38.414000+00:00,4694,25005.5,-0.021534699946641922,BUY,0.158,-0.022,-108.01,+18952.51,268952.51
2026-03-05T16:34:22.844070+00:00,4695,24992.0,0.6925065517425537,BUY,0.714,0.693,+5.81,+18958.33,268958.33
2026-03-05T16:37:32.841012+00:00,4696,25026.25,0.6708136200904846,SELL,0.022,0.671,+14.86,+18973.19,268973.19
2026-03-05T16:41:50.712000+00:00,4697,24999.75,0.8240782022476196,BUY,0.153,0.824,+0.00,+18973.19,268973.19
2026-03-05T16:45:27.004000+00:00,4698,25030.0,0.7423699498176575,SELL,0.082,0.742,+49.43,+19022.62,269022.62
2026-03-05T16:51:56.924000+00:00,4699,25014.0,0.851072371006012,BUY,0.109,0.851,+0.00,+19022.62,269022.62
2026-03-05T17:00:24.140000+00:00,4700,25049.75,0.41404542326927185,SELL,0.437,0.414,+312.47,+19335.09,269335.09
2026-03-05T17:03:54.460000+00:00,4701,25079.75,0.017224272713065147,SELL,0.397,0.017,+238.09,+19573.19,269573.19
2026-03-05T17:06:01.191001+00:00,4702,25116.75,-0.5247976779937744,SELL,0.542,-0.525,+12.75,+19585.93,269585.93
2026-03-05T17:07:03.240000+00:00,4703,25082.75,-0.39202722907066345,BUY,0.133,-0.392,+90.28,+19676.22,269676.22
2026-03-05T17:09:50.324000+00:00,4704,25047.25,-0.8461649417877197,SELL,0.454,-0.846,+0.00,+19676.22,269676.22
2026-03-05T17:10:38.637023+00:00,4705,25008.5,-0.5060883164405823,BUY,0.340,-0.506,+263.56,+19939.78,269939.78
2026-03-05T17:12:13.344003+00:00,4706,25045.75,-0.5382915735244751,SELL,0.032,-0.538,+0.00,+19939.78,269939.78
2026-03-05T17:13:55.427000+00:00,4707,25015.75,-0.4176061153411865,BUY,0.121,-0.418,+72.41,+20012.19,270012.19
2026-03-05T17:15:57.840001+00:00,4708,24997.25,-0.4924331307411194,SELL,0.075,-0.492,+0.00,+20012.19,270012.19
2026-03-05T17:19:01.698000+00:00,4709,24970.5,-0.3717583417892456,BUY,0.121,-0.372,+64.56,+20076.75,270076.75
2026-03-05T17:24:40.054000+00:00,4710,24980.5,-0.4844305217266083,SELL,0.113,-0.484,+0.00,+20076.75,270076.75
2026-03-05T17:26:39.780002+00:00,4711,24946.75,-0.5958601832389832,SELL,0.111,-0.596,+0.00,+20076.75,270076.75
2026-03-05T17:28:10.840000+00:00,4712,24986.5,-0.6938601732254028,SELL,0.098,-0.694,+0.00,+20076.75,270076.75
2026-03-05T17:29:01.183005+00:00,4713,24954.25,-0.7217854857444763,SELL,0.028,-0.722,+0.00,+20076.75,270076.75
2026-03-05T17:29:59.511021+00:00,4714,24931.25,-0.6372888088226318,BUY,0.084,-0.637,+38.87,+20115.62,270115.62
2026-03-05T17:31:11.888000+00:00,4715,24904.0,-0.6765010952949524,SELL,0.039,-0.677,+0.00,+20115.62,270115.62
2026-03-05T17:34:57.675012+00:00,4716,24866.0,-0.6121252179145813,BUY,0.064,-0.612,+48.93,+20164.54,270164.54
2026-03-05T17:37:27.631000+00:00,4717,24892.0,-0.5301926136016846,BUY,0.082,-0.530,-42.60,+20121.94,270121.94
2026-03-05T17:39:41.948000+00:00,4718,24881.25,-0.47949114441871643,BUY,0.051,-0.479,+10.90,+20132.84,270132.84
2026-03-05T17:41:29.749000+00:00,4719,24865.5,-0.4097736179828644,BUY,0.070,-0.410,+21.96,+20154.80,270154.80
2026-03-05T17:44:08.417003+00:00,4720,24835.0,-0.19063155353069305,BUY,0.219,-0.191,+133.68,+20288.48,270288.48
2026-03-05T17:48:34.376000+00:00,4721,24819.0,-0.29523295164108276,SELL,0.105,-0.295,+0.00,+20288.48,270288.48
2026-03-05T17:50:37.811000+00:00,4722,24795.5,-0.1391795128583908,BUY,0.156,-0.139,+73.35,+20361.82,270361.82
2026-03-05T17:51:50.509001+00:00,4723,24831.75,-0.4507133364677429,SELL,0.312,-0.451,+0.00,+20361.82,270361.82
2026-03-05T17:54:07.208002+00:00,4724,24812.25,-0.29076719284057617,BUY,0.160,-0.291,+62.38,+20424.20,270424.20
2026-03-05T18:01:43.302001+00:00,4725,24829.0,-0.3528427481651306,SELL,0.062,-0.353,+0.00,+20424.20,270424.20
2026-03-05T18:06:17.385003+00:00,4726,24849.25,-0.22119979560375214,BUY,0.132,-0.221,-53.32,+20370.89,270370.89
2026-03-05T18:08:00.778000+00:00,4727,24874.5,-0.4106447994709015,SELL,0.189,-0.411,+0.00,+20370.89,270370.89
2026-03-05T18:14:21.382000+00:00,4728,24885.75,-0.40517592430114746,BUY,0.005,-0.405,-1.23,+20369.65,270369.65
2026-03-05T18:18:30.511009+00:00,4729,24848.75,-0.4211004078388214,SELL,0.016,-0.421,+0.00,+20369.65,270369.65
2026-03-05T18:19:41.244002+00:00,4730,24809.25,-0.08587891608476639,BUY,0.335,-0.086,+264.82,+20634.48,270634.48
2026-03-05T18:22:35.568014+00:00,4731,24842.25,-0.2942907214164734,SELL,0.208,-0.294,+0.00,+20634.48,270634.48
2026-03-05T18:25:45.311007+00:00,4732,24815.0,0.07857409119606018,BUY,0.373,0.079,+160.39,+20794.87,270794.87
2026-03-05T18:30:37.813000+00:00,4733,24822.0,-0.45201611518859863,SELL,0.531,-0.452,+11.00,+20805.87,270805.87
2026-03-05T18:32:34.810000+00:00,4734,24784.0,-0.35165390372276306,BUY,0.100,-0.352,+76.28,+20882.14,270882.14
2026-03-05T18:35:25.161008+00:00,4735,24812.5,-0.5955792665481567,SELL,0.244,-0.596,+0.00,+20882.14,270882.14
2026-03-05T18:40:37.350003+00:00,4736,24834.25,-0.6424621939659119,SELL,0.047,-0.642,+0.00,+20882.14,270882.14
2026-03-05T18:43:15.536000+00:00,4737,24869.75,-0.7617183923721313,SELL,0.119,-0.762,+0.00,+20882.14,270882.14
2026-03-05T18:45:58.353000+00:00,4738,24829.75,-0.7703998684883118,SELL,0.009,-0.770,+0.00,+20882.14,270882.14
2026-03-05T18:50:15.077001+00:00,4739,24813.5,-0.8447766900062561,SELL,0.074,-0.845,+0.00,+20882.14,270882.14
2026-03-05T18:54:40.023000+00:00,4740,24782.0,-0.8767209649085999,SELL,0.032,-0.877,+0.00,+20882.14,270882.14
2026-03-05T18:57:45.729000+00:00,4741,24815.5,-0.9150158166885376,SELL,0.038,-0.915,+0.00,+20882.14,270882.14
2026-03-05T19:01:32.322000+00:00,4742,24843.0,-0.9296047687530518,SELL,0.015,-0.930,+0.00,+20882.14,270882.14
2026-03-05T19:19:52.042001+00:00,4743,24860.75,-0.9531282186508179,SELL,0.024,-0.953,+0.00,+20882.14,270882.14
2026-03-05T19:23:02.535000+00:00,4744,24840.75,-0.9645789265632629,SELL,0.011,-0.965,+0.00,+20882.14,270882.14
2026-03-05T19:25:54.667000+00:00,4745,24823.5,-0.9687893390655518,SELL,0.004,-0.969,+0.00,+20882.14,270882.14
2026-03-05T19:31:09.825006+00:00,4746,24804.25,-0.9742136001586914,SELL,0.005,-0.974,+0.00,+20882.14,270882.14
2026-03-05T19:40:27.654003+00:00,4747,24832.5,-0.9791132807731628,SELL,0.005,-0.979,+0.00,+20882.14,270882.14
2026-03-05T19:48:55.763000+00:00,4748,24865.5,-0.9848753809928894,SELL,0.006,-0.985,+0.00,+20882.14,270882.14
2026-03-05T19:54:52.267000+00:00,4749,24842.0,-0.9867551326751709,SELL,0.002,-0.987,+0.00,+20882.14,270882.14
2026-03-05T19:58:43.606000+00:00,4750,24863.0,-0.9899300932884216,SELL,0.003,-0.990,+0.00,+20882.14,270882.14
2026-03-05T20:04:36.852000+00:00,4751,24866.75,-0.9897947907447815,BUY,0.000,-0.990,-0.01,+20882.13,270882.13
2026-03-05T20:04:53.442014+00:00,4752,24904.0,-0.9914448261260986,SELL,0.002,-0.991,+0.00,+20882.13,270882.13
2026-03-05T20:05:44.471000+00:00,4753,24864.0,-0.9902423024177551,BUY,0.001,-0.990,+0.96,+20883.10,270883.10
2026-03-05T20:07:15.707000+00:00,4754,24883.75,-0.9917582869529724,SELL,0.002,-0.992,+0.00,+20883.10,270883.10
2026-03-05T20:08:56.016000+00:00,4755,24893.25,-0.9931516051292419,SELL,0.001,-0.993,+0.00,+20883.10,270883.10
2026-03-05T20:11:22.280000+00:00,4756,24931.0,-0.9927025437355042,BUY,0.000,-0.993,-0.34,+20882.76,270882.76
2026-03-05T20:18:57.985000+00:00,4757,24941.25,-0.9899781346321106,BUY,0.003,-0.990,-0.56,+20882.20,270882.20
2026-03-05T20:23:25.671000+00:00,4758,24961.75,-0.9888158440589905,BUY,0.001,-0.989,-0.48,+20881.72,270881.72
2026-03-05T20:26:12.765000+00:00,4759,24993.25,-0.9871809482574463,BUY,0.002,-0.987,-1.03,+20880.69,270880.69
2026-03-05T20:29:56.092009+00:00,4760,24954.25,-0.985406219959259,BUY,0.002,-0.985,+1.38,+20882.08,270882.08
2026-03-05T20:32:46.478000+00:00,4761,24981.0,-0.9793134927749634,BUY,0.006,-0.979,-3.26,+20878.82,270878.82
2026-03-05T20:43:38.556000+00:00,4762,24958.75,-0.9753845930099487,BUY,0.004,-0.975,+1.75,+20880.56,270880.56
2026-03-05T20:49:01.313000+00:00,4763,24984.0,-0.9706483483314514,BUY,0.005,-0.971,-2.39,+20878.17,270878.17
2026-03-05T20:50:00.188049+00:00,4764,25017.0,-0.9680181741714478,BUY,0.003,-0.968,-1.74,+20876.44,270876.44
2026-03-05T20:55:02.280000+00:00,4765,25033.75,-0.9598920941352844,BUY,0.008,-0.960,-2.72,+20873.71,270873.71
2026-03-05T21:26:08.430000+00:00,4766,25016.0,-0.9573765993118286,BUY,0.003,-0.957,+0.89,+20874.61,270874.61
2026-03-05T23:08:17.488003+00:00,4767,25040.25,-0.9674239158630371,SELL,0.010,-0.967,+0.00,+20874.61,270874.61
2026-03-05T23:52:16.131000+00:00,4768,25068.75,-0.976572573184967,SELL,0.009,-0.977,+0.00,+20874.61,270874.61
2026-03-06T00:14:02.136002+00:00,4769,25098.0,-0.9820722341537476,SELL,0.005,-0.982,+0.00,+20874.61,270874.61
2026-03-06T01:22:40.106001+00:00,4770,25058.0,-0.9863124489784241,SELL,0.004,-0.986,+0.00,+20874.61,270874.61
2026-03-06T01:35:00.475000+00:00,4771,25078.0,-0.9899915456771851,SELL,0.004,-0.990,+0.00,+20874.61,270874.61
2026-03-06T01:46:14.761000+00:00,4772,25049.0,-0.9897429943084717,BUY,0.000,-0.990,+0.14,+20874.75,270874.75
2026-03-06T01:56:13.464002+00:00,4773,25081.5,-0.9912075996398926,SELL,0.001,-0.991,+0.00,+20874.75,270874.75
2026-03-06T02:13:30.313002+00:00,4774,25100.0,-0.9906664490699768,BUY,0.001,-0.991,-0.20,+20874.55,270874.55
2026-03-06T02:54:32.994000+00:00,4775,25076.0,-0.9894146919250488,BUY,0.001,-0.989,+0.60,+20875.15,270875.15
2026-03-06T03:57:57.201021+00:00,4776,25107.0,-0.9922834038734436,SELL,0.003,-0.992,+0.00,+20875.15,270875.15
2026-03-06T04:42:01.966013+00:00,4777,25134.0,-0.9937384724617004,SELL,0.001,-0.994,+0.00,+20875.15,270875.15
2026-03-06T06:58:30.557000+00:00,4778,25101.5,-0.99366295337677,BUY,0.000,-0.994,+0.05,+20875.20,270875.20
2026-03-06T07:26:41.592000+00:00,4779,25131.75,-0.993483304977417,BUY,0.000,-0.993,-0.11,+20875.09,270875.09
2026-03-06T08:03:45.851000+00:00,4780,25100.5,-0.9915350079536438,BUY,0.002,-0.992,+1.22,+20876.31,270876.31
2026-03-06T08:25:18.129001+00:00,4781,25076.5,-0.9908146858215332,BUY,0.001,-0.991,+0.35,+20876.66,270876.66
2026-03-06T08:28:19.440000+00:00,4782,25039.0,-0.9917317032814026,SELL,0.001,-0.992,+0.00,+20876.66,270876.66
2026-03-06T08:32:38.134005+00:00,4783,25073.0,-0.9919300675392151,SELL,0.000,-0.992,+0.00,+20876.66,270876.66
2026-03-06T08:40:01.807005+00:00,4784,25084.25,-0.9912739396095276,BUY,0.001,-0.991,-0.15,+20876.51,270876.51
2026-03-06T08:46:51.131023+00:00,4785,25107.75,-0.991168200969696,BUY,0.000,-0.991,-0.05,+20876.46,270876.46
2026-03-06T08:59:05.360000+00:00,4786,25068.75,-0.9897149801254272,BUY,0.001,-0.990,+1.13,+20877.59,270877.59
2026-03-06T09:05:02.948000+00:00,4787,25042.0,-0.9873381853103638,BUY,0.002,-0.987,+1.27,+20878.86,270878.86
2026-03-06T09:09:31.709000+00:00,4788,25025.75,-0.9839024543762207,BUY,0.003,-0.984,+1.12,+20879.98,270879.98
2026-03-06T09:17:41.322002+00:00,4789,24995.25,-0.9818560481071472,BUY,0.002,-0.982,+1.25,+20881.23,270881.23
2026-03-06T09:27:57.422001+00:00,4790,24963.0,-0.982134222984314,SELL,0.000,-0.982,+0.00,+20881.23,270881.23
2026-03-06T09:34:54.510001+00:00,4791,24939.25,-0.9812677502632141,BUY,0.001,-0.981,+0.41,+20881.64,270881.64
2026-03-06T09:40:21.970000+00:00,4792,24911.25,-0.9802595973014832,BUY,0.001,-0.980,+0.56,+20882.21,270882.21
2026-03-06T09:46:19.618008+00:00,4793,24895.25,-0.9754054546356201,BUY,0.005,-0.975,+1.55,+20883.76,270883.76
2026-03-06T09:55:12.251000+00:00,4794,24922.25,-0.9744263291358948,BUY,0.001,-0.974,-0.53,+20883.23,270883.23
2026-03-06T10:03:36.732003+00:00,4795,24944.5,-0.9752486348152161,SELL,0.001,-0.975,+0.00,+20883.23,270883.23
2026-03-06T10:29:27.583000+00:00,4796,24978.5,-0.9754513502120972,SELL,0.000,-0.975,+0.00,+20883.23,270883.23
2026-03-06T10:43:14.963000+00:00,4797,24941.0,-0.9672397375106812,BUY,0.008,-0.967,+6.16,+20889.39,270889.39
2026-03-06T11:03:43.045002+00:00,4798,24922.0,-0.9631171226501465,BUY,0.004,-0.963,+1.57,+20890.96,270890.96
2026-03-06T11:08:36.983000+00:00,4799,24888.0,-0.9621185660362244,BUY,0.001,-0.962,+0.68,+20891.63,270891.63
2026-03-06T11:09:43.061000+00:00,4800,24927.25,-0.9605028629302979,BUY,0.002,-0.961,-1.27,+20890.37,270890.37
2026-03-06T11:12:17.260000+00:00,4801,24937.25,-0.9411038160324097,BUY,0.019,-0.941,-3.88,+20886.49,270886.49
2026-03-06T11:33:59.349001+00:00,4802,24922.75,-0.9546367526054382,SELL,0.014,-0.955,+0.00,+20886.49,270886.49
2026-03-06T11:41:07.954000+00:00,4803,24884.5,-0.9596306085586548,SELL,0.005,-0.960,+0.00,+20886.49,270886.49
2026-03-06T11:55:25.762015+00:00,4804,24856.0,-0.9562383890151978,BUY,0.003,-0.956,+1.93,+20888.42,270888.42
2026-03-06T12:14:48.921001+00:00,4805,24875.0,-0.956387996673584,SELL,0.000,-0.956,+0.00,+20888.42,270888.42
2026-03-06T12:31:04.526002+00:00,4806,24844.25,-0.9564074277877808,SELL,0.000,-0.956,+0.00,+20888.42,270888.42
2026-03-06T12:34:46.874000+00:00,4807,24860.0,-0.962134599685669,SELL,0.006,-0.962,+0.00,+20888.42,270888.42
2026-03-06T12:36:22.525000+00:00,4808,24822.0,-0.9637448191642761,SELL,0.002,-0.964,+0.00,+20888.42,270888.42
2026-03-06T12:42:03.879000+00:00,4809,24859.0,-0.9717845320701599,SELL,0.008,-0.972,+0.00,+20888.42,270888.42
2026-03-06T12:47:32.418004+00:00,4810,24819.25,-0.9713909029960632,BUY,0.000,-0.971,+0.31,+20888.73,270888.73
2026-03-06T13:00:36.325000+00:00,4811,24845.75,-0.971559464931488,SELL,0.000,-0.972,+0.00,+20888.73,270888.73
2026-03-06T13:09:11.280000+00:00,4812,24862.25,-0.9742793440818787,SELL,0.003,-0.974,+0.00,+20888.73,270888.73
2026-03-06T13:28:23.467010+00:00,4813,24876.5,-0.9768519401550293,SELL,0.003,-0.977,+0.00,+20888.73,270888.73
2026-03-06T13:30:01.029048+00:00,4814,24903.5,-0.9754844903945923,BUY,0.001,-0.975,-0.74,+20887.99,270887.99
2026-03-06T13:30:01.036000+00:00,4815,24863.75,-0.9699620604515076,BUY,0.006,-0.970,+4.39,+20892.38,270892.38
2026-03-06T13:30:01.074016+00:00,4816,24850.0,-0.9698779582977295,BUY,0.000,-0.970,+0.02,+20892.41,270892.41
2026-03-06T13:30:06.074000+00:00,4817,24810.0,-0.965171754360199,BUY,0.005,-0.965,+3.76,+20896.17,270896.17
2026-03-06T13:30:06.219009+00:00,4818,24770.0,-0.9561291337013245,BUY,0.009,-0.956,+7.23,+20903.41,270903.41
2026-03-06T13:30:09.648003+00:00,4819,24779.0,-0.9452911615371704,BUY,0.011,-0.945,-1.95,+20901.46,270901.46
2026-03-06T13:30:34.012000+00:00,4820,24764.0,-0.926332414150238,BUY,0.019,-0.926,+5.69,+20907.14,270907.14
2026-03-06T13:31:10.511000+00:00,4821,24753.0,-0.8688251972198486,BUY,0.058,-0.869,+12.65,+20919.79,270919.79
2026-03-06T13:31:28.567000+00:00,4822,24791.75,-0.8007794618606567,BUY,0.068,-0.801,-52.74,+20867.06,270867.06
2026-03-06T13:32:26.556000+00:00,4823,24775.5,-0.5516555905342102,BUY,0.249,-0.552,+80.97,+20948.02,270948.02
2026-03-06T13:32:48.327000+00:00,4824,24814.25,-0.4526940882205963,BUY,0.099,-0.453,-76.70,+20871.33,270871.33
2026-03-06T13:33:25.472007+00:00,4825,24791.75,-0.3749566674232483,BUY,0.078,-0.375,+34.98,+20906.31,270906.31
2026-03-06T13:34:31.846000+00:00,4826,24817.5,-0.513738214969635,SELL,0.139,-0.514,+0.00,+20906.31,270906.31
2026-03-06T13:35:14.720019+00:00,4827,24844.0,-0.7154836058616638,SELL,0.202,-0.715,+0.00,+20906.31,270906.31
2026-03-06T13:35:37.315000+00:00,4828,24807.75,-0.7975882887840271,SELL,0.082,-0.798,+0.00,+20906.31,270906.31
2026-03-06T13:37:35.623026+00:00,4829,24792.0,-0.8592974543571472,SELL,0.062,-0.859,+0.00,+20906.31,270906.31
2026-03-06T13:39:17.206040+00:00,4830,24770.0,-0.8964968323707581,SELL,0.037,-0.896,+0.00,+20906.31,270906.31
2026-03-06T13:43:01.917000+00:00,4831,24735.25,-0.9188987612724304,SELL,0.022,-0.919,+0.00,+20906.31,270906.31
2026-03-06T13:45:01.976000+00:00,4832,24707.0,-0.9149839282035828,BUY,0.004,-0.915,+2.21,+20908.52,270908.52
2026-03-06T13:47:14.660008+00:00,4833,24682.5,-0.9235631227493286,SELL,0.009,-0.924,+0.00,+20908.52,270908.52
2026-03-06T13:49:14.419000+00:00,4834,24706.75,-0.9416601061820984,SELL,0.018,-0.942,+0.00,+20908.52,270908.52
2026-03-06T13:50:47.270001+00:00,4835,24673.0,-0.9343591928482056,BUY,0.007,-0.934,+4.93,+20913.45,270913.45
2026-03-06T13:52:42.463006+00:00,4836,24691.75,-0.9412854909896851,SELL,0.007,-0.941,+0.00,+20913.45,270913.45
2026-03-06T13:54:14.185000+00:00,4837,24658.0,-0.9225115776062012,BUY,0.019,-0.923,+12.67,+20926.12,270926.12
2026-03-06T13:56:03.213021+00:00,4838,24636.0,-0.9215800762176514,BUY,0.001,-0.922,+0.41,+20926.53,270926.53
2026-03-06T13:59:13.907000+00:00,4839,24658.25,-0.9002821445465088,BUY,0.021,-0.900,-9.48,+20917.06,270917.06
2026-03-06T14:00:32.879003+00:00,4840,24635.0,-0.8945355415344238,BUY,0.006,-0.895,+2.67,+20919.73,270919.73
2026-03-06T14:01:39.792037+00:00,4841,24663.75,-0.8211009502410889,BUY,0.073,-0.821,-42.22,+20877.50,270877.50
2026-03-06T14:09:04.383000+00:00,4842,24629.25,-0.731332540512085,BUY,0.090,-0.731,+61.94,+20939.44,270939.44
2026-03-06T14:22:23.187002+00:00,4843,24652.5,-0.7466923594474792,SELL,0.015,-0.747,+0.00,+20939.44,270939.44
2026-03-06T14:29:50.004000+00:00,4844,24676.0,-0.7518834471702576,SELL,0.005,-0.752,+0.00,+20939.44,270939.44
2026-03-06T14:30:26.162000+00:00,4845,24715.75,-0.7365837693214417,BUY,0.015,-0.737,-12.16,+20927.28,270927.28
2026-03-06T14:30:46.524000+00:00,4846,24682.0,-0.7065778970718384,BUY,0.030,-0.707,+20.25,+20947.53,270947.53
2026-03-06T14:31:27.288001+00:00,4847,24693.5,-0.7981197834014893,SELL,0.092,-0.798,+0.00,+20947.53,270947.53
2026-03-06T14:31:45.076053+00:00,4848,24662.0,-0.8280417919158936,SELL,0.030,-0.828,+0.00,+20947.53,270947.53
2026-03-06T14:32:45.466000+00:00,4849,24700.75,-0.8852372169494629,SELL,0.057,-0.885,+0.00,+20947.53,270947.53
2026-03-06T14:33:47.967018+00:00,4850,24692.5,-0.8897433876991272,SELL,0.005,-0.890,+0.00,+20947.53,270947.53
2026-03-06T14:35:06.913013+00:00,4851,24676.0,-0.9208777546882629,SELL,0.031,-0.921,+0.00,+20947.53,270947.53
2026-03-06T14:35:48.420001+00:00,4852,24642.25,-0.9317940473556519,SELL,0.011,-0.932,+0.00,+20947.53,270947.53
2026-03-06T14:36:23.511003+00:00,4853,24613.25,-0.9346381425857544,SELL,0.003,-0.935,+0.00,+20947.53,270947.53
2026-03-06T14:36:29.537001+00:00,4854,24648.75,-0.933302640914917,BUY,0.001,-0.933,-0.95,+20946.59,270946.59
2026-03-06T14:38:20.493000+00:00,4855,24656.0,-0.9344779849052429,SELL,0.001,-0.934,+0.00,+20946.59,270946.59
2026-03-06T14:38:53.767001+00:00,4856,24678.0,-0.9419339299201965,SELL,0.007,-0.942,+0.00,+20946.59,270946.59
2026-03-06T14:40:59.727000+00:00,4857,24672.25,-0.9562291502952576,SELL,0.014,-0.956,+0.00,+20946.59,270946.59
2026-03-06T14:41:55.473000+00:00,4858,24709.0,-0.9743879437446594,SELL,0.018,-0.974,+0.00,+20946.59,270946.59
2026-03-06T14:43:07.743004+00:00,4859,24718.25,-0.9775778651237488,SELL,0.003,-0.978,+0.00,+20946.59,270946.59
2026-03-06T14:43:51.906000+00:00,4860,24690.0,-0.9797534346580505,SELL,0.002,-0.980,+0.00,+20946.59,270946.59
2026-03-06T14:44:07.171017+00:00,4861,24719.75,-0.9843575954437256,SELL,0.005,-0.984,+0.00,+20946.59,270946.59
2026-03-06T14:44:41.726000+00:00,4862,24681.5,-0.9866616725921631,SELL,0.002,-0.987,+0.00,+20946.59,270946.59
2026-03-06T14:45:20.177000+00:00,4863,24700.0,-0.9895004034042358,SELL,0.003,-0.990,+0.00,+20946.59,270946.59
2026-03-06T14:46:28.236000+00:00,4864,24676.75,-0.9876217246055603,BUY,0.002,-0.988,+0.87,+20947.46,270947.46
2026-03-06T14:47:05.024000+00:00,4865,24645.0,-0.9875015616416931,BUY,0.000,-0.988,+0.08,+20947.54,270947.54
2026-03-06T14:48:01.982000+00:00,4866,24675.75,-0.9871617555618286,BUY,0.000,-0.987,-0.21,+20947.33,270947.33
2026-03-06T14:49:02.022000+00:00,4867,24690.75,-0.9904206991195679,SELL,0.003,-0.990,+0.00,+20947.33,270947.33
2026-03-06T14:51:02.924001+00:00,4868,24700.75,-0.9916253685951233,SELL,0.001,-0.992,+0.00,+20947.33,270947.33
2026-03-06T14:51:19.605025+00:00,4869,24734.5,-0.9920203685760498,SELL,0.000,-0.992,+0.00,+20947.33,270947.33
2026-03-06T14:52:05.579000+00:00,4870,24702.0,-0.9920116662979126,BUY,0.000,-0.992,+0.01,+20947.33,270947.33
2026-03-06T14:55:58.455000+00:00,4871,24672.5,-0.9908927083015442,BUY,0.001,-0.991,+0.66,+20947.99,270947.99
2026-03-06T14:59:10.777007+00:00,4872,24638.75,-0.9905579090118408,BUY,0.000,-0.991,+0.23,+20948.22,270948.22
2026-03-06T14:59:28.124000+00:00,4873,24673.25,-0.9910018444061279,SELL,0.000,-0.991,+0.00,+20948.22,270948.22
2026-03-06T15:00:01.910012+00:00,4874,24708.0,-0.9898158311843872,BUY,0.001,-0.990,-0.82,+20947.39,270947.39
2026-03-06T15:00:11.015000+00:00,4875,24732.75,-0.9895839691162109,BUY,0.000,-0.990,-0.11,+20947.28,270947.28
2026-03-06T15:00:22.727000+00:00,4876,24771.0,-0.9904656410217285,SELL,0.001,-0.990,+0.00,+20947.28,270947.28
2026-03-06T15:00:42.015000+00:00,4877,24735.5,-0.9871693849563599,BUY,0.003,-0.987,+2.34,+20949.62,270949.62
2026-03-06T15:02:06.338000+00:00,4878,24768.5,-0.9883809089660645,SELL,0.001,-0.988,+0.00,+20949.62,270949.62
2026-03-06T15:04:16.437024+00:00,4879,24737.0,-0.9830861687660217,BUY,0.005,-0.983,+3.34,+20952.96,270952.96
2026-03-06T15:05:28.743002+00:00,4880,24734.0,-0.9762254357337952,BUY,0.007,-0.976,+0.41,+20953.37,270953.37
2026-03-06T15:06:17.454000+00:00,4881,24759.0,-0.9669497013092041,BUY,0.009,-0.967,-4.64,+20948.73,270948.73
2026-03-06T15:08:02.097001+00:00,4882,24728.0,-0.95753413438797,BUY,0.009,-0.958,+5.84,+20954.57,270954.57
2026-03-06T15:09:03.407001+00:00,4883,24696.5,-0.9427589774131775,BUY,0.015,-0.943,+9.31,+20963.88,270963.88
2026-03-06T15:11:16.276015+00:00,4884,24704.5,-0.9344384670257568,BUY,0.008,-0.934,-1.33,+20962.54,270962.54
2026-03-06T15:12:06.173001+00:00,4885,24735.0,-0.9139154553413391,BUY,0.021,-0.914,-12.52,+20950.03,270950.03
2026-03-06T15:13:13.896000+00:00,4886,24767.75,-0.9036001563072205,BUY,0.010,-0.904,-6.76,+20943.27,270943.27
2026-03-06T15:17:08.777000+00:00,4887,24759.75,-0.8668950200080872,BUY,0.037,-0.867,+5.87,+20949.14,270949.14
2026-03-06T15:21:55.218001+00:00,4888,24799.5,-0.8792017698287964,SELL,0.012,-0.879,+0.00,+20949.14,270949.14
2026-03-06T15:23:10.425002+00:00,4889,24819.75,-0.8840711116790771,SELL,0.005,-0.884,+0.00,+20949.14,270949.14
2026-03-06T15:30:03.591005+00:00,4890,24833.25,-0.9005382657051086,SELL,0.016,-0.901,+0.00,+20949.14,270949.14
2026-03-06T15:31:16.919019+00:00,4891,24861.5,-0.9125414490699768,SELL,0.012,-0.913,+0.00,+20949.14,270949.14
2026-03-06T15:36:42.139000+00:00,4892,24872.0,-0.9294226169586182,SELL,0.017,-0.929,+0.00,+20949.14,270949.14
2026-03-06T15:40:25.076002+00:00,4893,24853.25,-0.9374603629112244,SELL,0.008,-0.937,+0.00,+20949.14,270949.14
2026-03-06T15:43:28.844000+00:00,4894,24822.5,-0.9132040739059448,BUY,0.024,-0.913,+14.92,+20964.06,270964.06
2026-03-06T15:46:44.684001+00:00,4895,24807.25,-0.9143519997596741,SELL,0.001,-0.914,+0.00,+20964.06,270964.06
2026-03-06T15:50:07.170000+00:00,4896,24783.75,-0.9203749299049377,SELL,0.006,-0.920,+0.00,+20964.06,270964.06
2026-03-06T15:54:59.192011+00:00,4897,24792.0,-0.9146028757095337,BUY,0.006,-0.915,-0.95,+20963.11,270963.11
2026-03-06T15:55:16.879003+00:00,4898,24829.0,-0.9162328839302063,SELL,0.002,-0.916,+0.00,+20963.11,270963.11
2026-03-06T15:56:17.579001+00:00,4899,24865.0,-0.9198228120803833,SELL,0.004,-0.920,+0.00,+20963.11,270963.11
2026-03-06T16:04:01.138000+00:00,4900,24889.0,-0.9379479289054871,SELL,0.018,-0.938,+0.00,+20963.11,270963.11
2026-03-06T16:06:46.474000+00:00,4901,24859.5,-0.9431726336479187,SELL,0.005,-0.943,+0.00,+20963.11,270963.11
2026-03-06T16:11:07.882000+00:00,4902,24830.5,-0.9583336114883423,SELL,0.015,-0.958,+0.00,+20963.11,270963.11
2026-03-06T16:16:10.910000+00:00,4903,24856.0,-0.9564987421035767,BUY,0.002,-0.956,-0.94,+20962.17,270962.17
2026-03-06T16:17:50.866000+00:00,4904,24823.5,-0.9261635541915894,BUY,0.030,-0.926,+19.72,+20981.89,270981.89
2026-03-06T16:19:47.667000+00:00,4905,24853.5,-0.9004060626029968,BUY,0.026,-0.900,-15.45,+20966.43,270966.43
2026-03-06T16:20:43.611000+00:00,4906,24820.75,-0.8781477212905884,BUY,0.022,-0.878,+14.58,+20981.01,270981.01
2026-03-06T16:22:41.402000+00:00,4907,24798.0,-0.8613677620887756,BUY,0.017,-0.861,+7.63,+20988.65,270988.65
2026-03-06T16:24:42.585001+00:00,4908,24830.0,-0.8317145705223083,BUY,0.030,-0.832,-18.98,+20969.67,270969.67
2026-03-06T16:31:17.468001+00:00,4909,24810.5,-0.842461347579956,SELL,0.011,-0.842,+0.00,+20969.67,270969.67
2026-03-06T16:34:11.277001+00:00,4910,24808.0,-0.7737466096878052,BUY,0.069,-0.774,+3.44,+20973.11,270973.11
2026-03-06T16:36:54.868000+00:00,4911,24836.0,-0.7715741991996765,BUY,0.002,-0.772,-1.22,+20971.89,270971.89
2026-03-06T16:45:34.407001+00:00,4912,24875.75,-0.7769809365272522,SELL,0.005,-0.777,+0.00,+20971.89,270971.89
2026-03-06T16:51:01.872005+00:00,4913,24905.0,-0.8022260665893555,SELL,0.025,-0.802,+0.00,+20971.89,270971.89
2026-03-06T16:54:27.940001+00:00,4914,24875.0,-0.7695318460464478,BUY,0.033,-0.770,+19.62,+20991.51,270991.51
2026-03-06T16:57:45.246000+00:00,4915,24883.5,-0.744284987449646,BUY,0.025,-0.744,-4.29,+20987.21,270987.21
2026-03-06T17:04:05.125000+00:00,4916,24902.75,-0.6907792091369629,BUY,0.054,-0.691,-20.60,+20966.61,270966.61
2026-03-06T17:05:11.259000+00:00,4917,24885.75,-0.616579532623291,BUY,0.074,-0.617,+25.23,+20991.84,270991.84
2026-03-06T17:06:44.134005+00:00,4918,24859.75,-0.5284055471420288,BUY,0.088,-0.528,+45.85,+21037.69,271037.69
2026-03-06T17:16:08.214001+00:00,4919,24820.25,-0.38946396112442017,BUY,0.139,-0.389,+109.76,+21147.46,271147.46
2026-03-06T17:19:58.335000+00:00,4920,24849.25,-0.2006433755159378,BUY,0.189,-0.201,-109.52,+21037.94,271037.94
2026-03-06T17:22:20.670000+00:00,4921,24867.75,0.08945220708847046,BUY,0.290,0.089,-74.24,+20963.70,270963.70
2026-03-06T17:25:04.747000+00:00,4922,24831.0,0.3365517556667328,BUY,0.247,0.337,+0.00,+20963.70,270963.70
2026-03-06T17:25:49.672000+00:00,4923,24803.0,0.37059131264686584,BUY,0.034,0.371,+0.00,+20963.70,270963.70
2026-03-06T17:29:07.840000+00:00,4924,24833.0,0.28147828578948975,SELL,0.089,0.281,+53.47,+21017.17,271017.17
2026-03-06T17:36:14.031000+00:00,4925,24793.5,0.42919203639030457,BUY,0.148,0.429,+0.00,+21017.17,271017.17
2026-03-06T17:40:59.331001+00:00,4926,24760.75,0.48675885796546936,BUY,0.058,0.487,+0.00,+21017.17,271017.17
2026-03-06T17:46:02.556001+00:00,4927,24784.25,0.566383957862854,BUY,0.080,0.566,+0.00,+21017.17,271017.17
2026-03-06T17:50:28.629002+00:00,4928,24814.5,0.6536508798599243,BUY,0.087,0.654,+0.00,+21017.17,271017.17
2026-03-06T17:52:16.882023+00:00,4929,24785.75,0.7272876501083374,BUY,0.074,0.727,+0.00,+21017.17,271017.17
2026-03-06T18:01:22.630032+00:00,4930,24819.0,0.4227743148803711,SELL,0.305,0.423,+202.50,+21219.67,271219.67
2026-03-06T18:04:34.625009+00:00,4931,24788.25,0.1538880616426468,SELL,0.269,0.154,-165.37,+21054.31,271054.31
2026-03-06T18:06:03.712000+00:00,4932,24825.75,-0.27139514684677124,SELL,0.425,-0.271,+115.42,+21169.72,271169.72
2026-03-06T18:12:29.182000+00:00,4933,24844.5,-0.51779705286026,SELL,0.246,-0.518,+0.00,+21169.72,271169.72
2026-03-06T18:13:46.862013+00:00,4934,24882.0,-0.7639865279197693,SELL,0.246,-0.764,+0.00,+21169.72,271169.72
2026-03-06T18:17:40.265054+00:00,4935,24858.5,-0.8500533699989319,SELL,0.086,-0.850,+0.00,+21169.72,271169.72
2026-03-06T18:22:44.283000+00:00,4936,24856.25,-0.9265573620796204,SELL,0.077,-0.927,+0.00,+21169.72,271169.72
2026-03-06T18:27:56.195000+00:00,4937,24833.75,-0.954322874546051,SELL,0.028,-0.954,+0.00,+21169.72,271169.72
2026-03-06T18:31:11.523042+00:00,4938,24855.5,-0.9629374742507935,SELL,0.009,-0.963,+0.00,+21169.72,271169.72
2026-03-06T18:36:26.871002+00:00,4939,24821.25,-0.9675740599632263,SELL,0.005,-0.968,+0.00,+21169.72,271169.72
2026-03-06T18:39:20.457001+00:00,4940,24844.0,-0.9725728631019592,SELL,0.005,-0.973,+0.00,+21169.72,271169.72
2026-03-06T18:50:58.294000+00:00,4941,24812.75,-0.9690916538238525,BUY,0.003,-0.969,+2.18,+21171.90,271171.90
2026-03-06T19:10:12.613001+00:00,4942,24830.0,-0.9734932780265808,SELL,0.004,-0.973,+0.00,+21171.90,271171.90
2026-03-06T19:18:30.902004+00:00,4943,24814.0,-0.9749466180801392,SELL,0.001,-0.975,+0.00,+21171.90,271171.90
2026-03-06T19:23:03.767000+00:00,4944,24793.5,-0.9783422350883484,SELL,0.003,-0.978,+0.00,+21171.90,271171.90
2026-03-06T19:23:53.314007+00:00,4945,24827.0,-0.9827436804771423,SELL,0.004,-0.983,+0.00,+21171.90,271171.90
2026-03-06T19:25:17.535007+00:00,4946,24787.75,-0.9807119369506836,BUY,0.002,-0.981,+1.59,+21173.49,271173.49
2026-03-06T19:27:34.135000+00:00,4947,24823.25,-0.9847654104232788,SELL,0.004,-0.985,+0.00,+21173.49,271173.49
2026-03-06T19:38:10.744000+00:00,4948,24799.0,-0.987120509147644,SELL,0.002,-0.987,+0.00,+21173.49,271173.49
2026-03-06T19:40:56.218000+00:00,4949,24824.75,-0.9914804100990295,SELL,0.004,-0.991,+0.00,+21173.49,271173.49
2026-03-06T19:44:36.256000+00:00,4950,24800.5,-0.9937030076980591,SELL,0.002,-0.994,+0.00,+21173.49,271173.49
2026-03-06T19:58:27.428000+00:00,4951,24813.5,-0.9946123361587524,SELL,0.001,-0.995,+0.00,+21173.49,271173.49
2026-03-06T20:02:25.960000+00:00,4952,24847.0,-0.9948508143424988,SELL,0.000,-0.995,+0.00,+21173.49,271173.49
2026-03-06T20:08:26.010000+00:00,4953,24813.25,-0.9945580363273621,BUY,0.000,-0.995,+0.20,+21173.69,271173.69
2026-03-06T20:10:38.717000+00:00,4954,24775.0,-0.9929609298706055,BUY,0.002,-0.993,+1.22,+21174.91,271174.91
2026-03-06T20:11:22.462005+00:00,4955,24735.0,-0.9919760823249817,BUY,0.001,-0.992,+0.79,+21175.70,271175.70
2026-03-06T20:16:27.081023+00:00,4956,24764.25,-0.9908635020256042,BUY,0.001,-0.991,-0.65,+21175.05,271175.05
2026-03-06T20:21:02.839001+00:00,4957,24733.75,-0.990637481212616,BUY,0.000,-0.991,+0.14,+21175.19,271175.19
2026-03-06T20:23:55.477000+00:00,4958,24693.75,-0.9831936955451965,BUY,0.007,-0.983,+5.96,+21181.14,271181.14
2026-03-06T20:26:07.044000+00:00,4959,24666.0,-0.9714469313621521,BUY,0.012,-0.971,+6.52,+21187.66,271187.66
2026-03-06T20:32:29.695000+00:00,4960,24632.0,-0.9611880779266357,BUY,0.010,-0.961,+6.98,+21194.64,271194.64
2026-03-06T20:37:11.333001+00:00,4961,24609.0,-0.9586935639381409,BUY,0.002,-0.959,+1.15,+21195.79,271195.79
2026-03-06T20:37:44.291002+00:00,4962,24641.0,-0.9264294505119324,BUY,0.032,-0.926,-20.65,+21175.14,271175.14
2026-03-06T20:39:33.910001+00:00,4963,24651.25,-0.9099990725517273,BUY,0.016,-0.910,-3.37,+21171.77,271171.77
2026-03-06T20:40:34.097162+00:00,4964,24670.0,-0.8706448674201965,BUY,0.039,-0.871,-14.76,+21157.01,271157.01
2026-03-06T20:40:50.199009+00:00,4965,24703.5,-0.8727834224700928,SELL,0.002,-0.873,+0.00,+21157.01,271157.01
2026-03-06T20:50:08.884013+00:00,4966,24668.0,-0.9043335914611816,SELL,0.032,-0.904,+0.00,+21157.01,271157.01
2026-03-06T20:58:29.541002+00:00,4967,24691.25,-0.911749005317688,SELL,0.007,-0.912,+0.00,+21157.01,271157.01
2026-03-06T21:00:34.324003+00:00,4968,24653.25,-0.8790106177330017,BUY,0.033,-0.879,+24.88,+21181.89,271181.89
2026-03-06T21:14:08.036000+00:00,4969,24658.0,-0.9039756059646606,SELL,0.025,-0.904,+0.00,+21181.89,271181.89
2026-03-06T21:45:45.219005+00:00,4970,24670.0,-0.9212460517883301,SELL,0.017,-0.921,+0.00,+21181.89,271181.89
2026-03-08T22:00:00+00:00,4971,24630.0,-0.9335325360298157,SELL,0.012,-0.934,+0.00,+21181.89,271181.89
2026-03-08T22:00:00.000001+00:00,4972,24590.0,-0.9142662882804871,BUY,0.019,-0.914,+15.41,+21197.30,271197.30
2026-03-08T22:00:00.000002+00:00,4973,24550.0,-0.8699674606323242,BUY,0.044,-0.870,+35.44,+21232.74,271232.74
2026-03-08T22:00:00.000003+00:00,4974,24510.0,-0.8173585534095764,BUY,0.053,-0.817,+42.09,+21274.83,271274.83
2026-03-08T22:00:00.000004+00:00,4975,24470.0,-0.5398180484771729,BUY,0.278,-0.540,+222.03,+21496.86,271496.86
2026-03-08T22:00:00.066002+00:00,4976,24430.0,-0.1353500783443451,BUY,0.404,-0.135,+323.57,+21820.44,271820.44
2026-03-08T22:00:02.034000+00:00,4977,24449.75,0.6334920525550842,BUY,0.769,0.633,-53.46,+21766.97,271766.97
2026-03-08T22:00:06.330000+00:00,4978,24428.75,0.8396648168563843,BUY,0.206,0.840,+0.00,+21766.97,271766.97
2026-03-08T22:00:16.068004+00:00,4979,24419.75,0.9517914652824402,BUY,0.112,0.952,+0.00,+21766.97,271766.97
2026-03-08T22:00:17.410000+00:00,4980,24451.25,0.9628862738609314,BUY,0.011,0.963,+0.00,+21766.97,271766.97
2026-03-08T22:00:19.214004+00:00,4981,24411.25,0.8963757157325745,SELL,0.067,0.896,-53.21,+21713.77,271713.77
2026-03-08T22:00:28.921005+00:00,4982,24401.0,0.9735353589057922,BUY,0.077,0.974,+0.00,+21713.77,271713.77
2026-03-08T22:00:41.449001+00:00,4983,24374.0,0.9833722114562988,BUY,0.010,0.983,+0.00,+21713.77,271713.77
2026-03-08T22:00:56.808002+00:00,4984,24340.0,0.9919338822364807,BUY,0.009,0.992,+0.00,+21713.77,271713.77
2026-03-08T22:01:06.299010+00:00,4985,24370.75,0.99105304479599,SELL,0.001,0.991,+0.54,+21714.31,271714.31
2026-03-08T22:01:16.807000+00:00,4986,24338.0,0.9943523406982422,BUY,0.003,0.994,+0.00,+21714.31,271714.31
2026-03-08T22:01:45.116000+00:00,4987,24302.75,0.9954758286476135,BUY,0.001,0.995,+0.00,+21714.31,271714.31
2026-03-08T22:02:07.568000+00:00,4988,24293.0,0.9954549074172974,SELL,0.000,0.995,-0.00,+21714.30,271714.30
2026-03-08T22:02:21.202000+00:00,4989,24319.75,0.9949738383293152,SELL,0.000,0.995,+0.26,+21714.56,271714.56
2026-03-08T22:02:22.098027+00:00,4990,24280.0,0.9941944479942322,SELL,0.001,0.994,-0.62,+21713.94,271713.94
2026-03-08T22:03:21.648033+00:00,4991,24290.0,0.98843914270401,SELL,0.006,0.988,+1.15,+21715.09,271715.09
2026-03-08T22:04:27.543000+00:00,4992,24280.0,0.972685694694519,SELL,0.016,0.973,-3.15,+21711.94,271711.94
2026-03-08T22:06:21.836008+00:00,4993,24250.0,0.9604558944702148,SELL,0.012,0.960,-7.34,+21704.60,271704.60
2026-03-08T22:07:17.308004+00:00,4994,24290.0,0.946845531463623,SELL,0.014,0.947,+10.89,+21715.49,271715.49
2026-03-08T22:08:27.639006+00:00,4995,24259.5,0.9637687802314758,BUY,0.017,0.964,+0.00,+21715.49,271715.49
2026-03-08T22:09:40.582066+00:00,4996,24230.0,0.9731499552726746,BUY,0.009,0.973,+0.00,+21715.49,271715.49
2026-03-08T22:09:50.747000+00:00,4997,24264.0,0.9324972629547119,SELL,0.041,0.932,+27.64,+21743.14,271743.14
2026-03-08T22:10:05.525000+00:00,4998,24275.0,0.1786128729581833,SELL,0.754,0.179,+165.85,+21908.99,271908.99
2026-03-08T22:12:19.921000+00:00,4999,24240.0,-0.6566768288612366,SELL,0.835,-0.657,-125.03,+21783.96,271783.96
2026-03-08T22:14:39.033039+00:00,5000,24227.0,-0.8130437731742859,SELL,0.156,-0.813,+0.00,+21783.96,271783.96
2026-03-08T22:16:04.088002+00:00,5001,24264.0,-0.8901068568229675,SELL,0.077,-0.890,+0.00,+21783.96,271783.96
2026-03-08T22:20:34.172003+00:00,5002,24297.0,-0.9346212148666382,SELL,0.045,-0.935,+0.00,+21783.96,271783.96
2026-03-08T22:24:35.864004+00:00,5003,24258.25,-0.9532458186149597,SELL,0.019,-0.953,+0.00,+21783.96,271783.96
2026-03-08T22:29:21.631001+00:00,5004,24293.25,-0.9726771116256714,SELL,0.019,-0.973,+0.00,+21783.96,271783.96
2026-03-08T22:46:25.812000+00:00,5005,24315.75,-0.9819011092185974,SELL,0.009,-0.982,+0.00,+21783.96,271783.96
2026-03-08T22:57:44.018001+00:00,5006,24280.0,-0.9853643774986267,SELL,0.003,-0.985,+0.00,+21783.96,271783.96
2026-03-08T23:00:03.628000+00:00,5007,24319.0,-0.9885280728340149,SELL,0.003,-0.989,+0.00,+21783.96,271783.96
2026-03-08T23:06:50.874003+00:00,5008,24286.25,-0.9903854131698608,SELL,0.002,-0.990,+0.00,+21783.96,271783.96
2026-03-08T23:31:50.799000+00:00,5009,24258.5,-0.9918438196182251,SELL,0.001,-0.992,+0.00,+21783.96,271783.96
2026-03-08T23:39:28.539002+00:00,5010,24231.0,-0.9916688799858093,BUY,0.000,-0.992,+0.10,+21784.06,271784.06
2026-03-08T23:47:25.992009+00:00,5011,24209.5,-0.9908183217048645,BUY,0.001,-0.991,+0.37,+21784.42,271784.42
2026-03-08T23:49:28.607000+00:00,5012,24221.25,-0.9910110235214233,SELL,0.000,-0.991,+0.00,+21784.42,271784.42
2026-03-08T23:55:47.611000+00:00,5013,24188.25,-0.990439772605896,BUY,0.001,-0.990,+0.38,+21784.80,271784.80
2026-03-08T23:57:34.897000+00:00,5014,24172.25,-0.9896985292434692,BUY,0.001,-0.990,+0.24,+21785.04,271785.04
2026-03-08T23:59:08.929000+00:00,5015,24208.75,-0.9906918406486511,SELL,0.001,-0.991,+0.00,+21785.04,271785.04
2026-03-09T00:01:56.056000+00:00,5016,24190.0,-0.9910440444946289,SELL,0.000,-0.991,+0.00,+21785.04,271785.04
2026-03-09T00:05:06.509001+00:00,5017,24226.0,-0.9920061230659485,SELL,0.001,-0.992,+0.00,+21785.04,271785.04
2026-03-09T00:13:21.567007+00:00,5018,24198.25,-0.990458607673645,BUY,0.002,-0.990,+0.86,+21785.90,271785.90
2026-03-09T00:19:50.837000+00:00,5019,24168.5,-0.9886931777000427,BUY,0.002,-0.989,+1.05,+21786.95,271786.95
2026-03-09T00:23:46.775000+00:00,5020,24145.0,-0.9861518144607544,BUY,0.003,-0.986,+1.19,+21788.14,271788.14
2026-03-09T00:29:50.747000+00:00,5021,24163.5,-0.9842382073402405,BUY,0.002,-0.984,-0.71,+21787.43,271787.43
2026-03-09T00:34:03.989000+00:00,5022,24184.0,-0.9798985123634338,BUY,0.004,-0.980,-1.78,+21785.65,271785.65
2026-03-09T00:40:04.793000+00:00,5023,24166.0,-0.9813055396080017,SELL,0.001,-0.981,+0.00,+21785.65,271785.65
2026-03-09T00:47:07.793005+00:00,5024,24126.5,-0.9733386039733887,BUY,0.008,-0.973,+6.29,+21791.95,271791.95
2026-03-09T00:54:41.029008+00:00,5025,24107.0,-0.9685081243515015,BUY,0.005,-0.969,+1.88,+21793.83,271793.83
2026-03-09T01:01:54.977000+00:00,5026,24132.0,-0.9664031267166138,BUY,0.002,-0.966,-1.05,+21792.78,271792.78
2026-03-09T01:05:04.907003+00:00,5027,24097.25,-0.9638693928718567,BUY,0.003,-0.964,+1.76,+21794.54,271794.54
2026-03-09T01:10:08.708049+00:00,5028,24080.0,-0.9564184546470642,BUY,0.007,-0.956,+2.57,+21797.11,271797.11
2026-03-09T01:18:27.291000+00:00,5029,24102.5,-0.9482382535934448,BUY,0.008,-0.948,-3.68,+21793.43,271793.43
2026-03-09T01:30:20.976000+00:00,5030,24062.5,-0.9383061528205872,BUY,0.010,-0.938,+7.95,+21801.38,271801.38
2026-03-09T01:33:13.679000+00:00,5031,24098.25,-0.9114725589752197,BUY,0.027,-0.911,-19.19,+21782.19,271782.19
2026-03-09T01:38:29.408000+00:00,5032,24078.0,-0.855017364025116,BUY,0.056,-0.855,+22.86,+21805.05,271805.05
2026-03-09T01:47:38.556002+00:00,5033,24041.5,-0.7650884985923767,BUY,0.090,-0.765,+65.65,+21870.70,271870.70
2026-03-09T01:51:08.815021+00:00,5034,24013.0,-0.5286117792129517,BUY,0.236,-0.529,+134.79,+22005.49,272005.49
2026-03-09T01:55:48.431002+00:00,5035,24045.25,-0.5250862836837769,BUY,0.004,-0.525,-2.27,+22003.22,272003.22
2026-03-09T01:58:10.463000+00:00,5036,24012.0,-0.5828360319137573,SELL,0.058,-0.583,+0.00,+22003.22,272003.22
2026-03-09T02:02:07.925000+00:00,5037,24044.5,-0.5199077129364014,BUY,0.063,-0.520,-40.90,+21962.32,271962.32
2026-03-09T02:05:18.823000+00:00,5038,24006.5,-0.3495878279209137,BUY,0.170,-0.350,+129.44,+22091.76,272091.76
2026-03-09T02:11:18.884000+00:00,5039,24045.0,-0.22165906429290771,BUY,0.128,-0.222,-98.51,+21993.25,271993.25
2026-03-09T02:15:08.563001+00:00,5040,24017.75,-0.2727104425430298,SELL,0.051,-0.273,+0.00,+21993.25,271993.25
2026-03-09T02:22:38.874004+00:00,5041,24040.0,-0.4029597043991089,SELL,0.130,-0.403,+0.00,+21993.25,271993.25
2026-03-09T02:36:24.247009+00:00,5042,24067.5,-0.29638537764549255,BUY,0.107,-0.296,-58.62,+21934.64,271934.64
2026-03-09T02:55:18.823001+00:00,5043,24096.0,-0.303914874792099,SELL,0.008,-0.304,+0.00,+21934.64,271934.64
2026-03-09T03:16:53.154000+00:00,5044,24121.5,-0.31031450629234314,SELL,0.006,-0.310,+0.00,+21934.64,271934.64
2026-03-09T03:31:03.698000+00:00,5045,24090.0,-0.23974698781967163,BUY,0.071,-0.240,+44.46,+21979.10,271979.10
2026-03-09T03:35:04.207000+00:00,5046,24129.0,-0.4036322236061096,SELL,0.164,-0.404,+0.00,+21979.10,271979.10
2026-03-09T03:42:00.228007+00:00,5047,24092.0,-0.27124661207199097,BUY,0.132,-0.271,+97.97,+22077.06,272077.06
2026-03-09T04:02:10.099000+00:00,5048,24117.25,-0.08333920687437057,BUY,0.188,-0.083,-94.89,+21982.17,271982.17
2026-03-09T05:00:06.484002+00:00,5049,24094.0,0.18471422791481018,BUY,0.268,0.185,+38.75,+22020.92,272020.92
2026-03-09T05:04:39.520001+00:00,5050,24127.0,0.1537957340478897,SELL,0.031,0.154,+20.41,+22041.33,272041.33
2026-03-09T05:21:02.849000+00:00,5051,24155.0,0.2893369495868683,BUY,0.136,0.289,+0.00,+22041.33,272041.33
2026-03-09T05:22:05.220002+00:00,5052,24194.25,0.266895055770874,SELL,0.022,0.267,+17.62,+22058.94,272058.94
2026-03-09T05:32:13.473002+00:00,5053,24215.0,0.1956598460674286,SELL,0.071,0.196,+29.56,+22088.51,272088.51
2026-03-09T05:38:17.082000+00:00,5054,24180.75,0.14923736453056335,SELL,0.046,0.149,-31.80,+22056.71,272056.71
2026-03-09T05:42:54.322000+00:00,5055,24203.0,0.0837591364979744,SELL,0.065,0.084,+29.14,+22085.85,272085.85
2026-03-09T05:49:47.792001+00:00,5056,24235.0,0.043107811361551285,SELL,0.041,0.043,+26.02,+22111.86,272111.86
2026-03-09T05:59:57.629003+00:00,5057,24257.75,-0.21516181528568268,SELL,0.258,-0.215,+19.61,+22131.48,272131.48
2026-03-09T06:08:17.777000+00:00,5058,24270.75,-0.31219932436943054,SELL,0.097,-0.312,+0.00,+22131.48,272131.48
2026-03-09T06:11:07.227003+00:00,5059,24301.0,-0.2257423996925354,BUY,0.086,-0.226,-52.31,+22079.17,272079.17
2026-03-09T06:25:34.171000+00:00,5060,24310.5,-0.22497619688510895,BUY,0.001,-0.225,-0.15,+22079.02,272079.02
2026-03-09T06:37:21.365005+00:00,5061,24275.75,0.24107800424098969,BUY,0.466,0.241,+156.36,+22235.38,272235.38
2026-03-09T06:49:09.214001+00:00,5062,24239.0,0.6874358654022217,BUY,0.446,0.687,+0.00,+22235.38,272235.38
2026-03-09T06:55:47.522000+00:00,5063,24266.75,0.8909828066825867,BUY,0.204,0.891,+0.00,+22235.38,272235.38
2026-03-09T07:04:53.284000+00:00,5064,24229.0,0.9711888432502747,BUY,0.080,0.971,+0.00,+22235.38,272235.38
2026-03-09T07:06:31.447000+00:00,5065,24250.25,0.9947021007537842,BUY,0.024,0.995,+0.00,+22235.38,272235.38
2026-03-09T07:15:58.124000+00:00,5066,24284.75,0.9983067512512207,BUY,0.004,0.998,+0.00,+22235.38,272235.38
2026-03-09T07:18:29.234000+00:00,5067,24250.5,0.9996208548545837,BUY,0.001,1.000,+0.00,+22235.38,272235.38
2026-03-09T07:21:26.202000+00:00,5068,24286.0,0.9998341202735901,BUY,0.000,1.000,+0.00,+22235.38,272235.38
2026-03-09T07:33:08.769000+00:00,5069,24275.0,0.9999300241470337,BUY,0.000,1.000,+0.00,+22235.38,272235.38
2026-03-09T07:38:08.550000+00:00,5070,24300.0,0.9999631643295288,BUY,0.000,1.000,+0.00,+22235.38,272235.38
2026-03-09T07:47:26.111000+00:00,5071,24260.75,0.9999681711196899,BUY,0.000,1.000,+0.00,+22235.38,272235.38
2026-03-09T08:01:36.180001+00:00,5072,24298.75,0.9999698996543884,BUY,0.000,1.000,+0.00,+22235.38,272235.38
2026-03-09T08:04:58.782000+00:00,5074,24253.0,0.9999740123748779,BUY,0.000,1.000,+0.00,+22235.38,272235.38
2026-03-09T08:08:50.032001+00:00,5075,24287.75,0.9999694228172302,SELL,0.000,1.000,+0.00,+22235.39,272235.39
2026-03-09T08:11:12.493000+00:00,5076,24256.0,0.9999793171882629,BUY,0.000,1.000,+0.00,+22235.39,272235.39
2026-03-09T08:15:17.224000+00:00,5077,24240.75,0.9999761581420898,SELL,0.000,1.000,-0.00,+22235.38,272235.38
2026-03-09T08:22:44.740001+00:00,5079,24308.0,0.9999796748161316,BUY,0.000,1.000,+0.00,+22235.38,272235.38
2026-03-09T08:29:56.504000+00:00,5080,24275.0,0.9999764561653137,SELL,0.000,1.000,-0.00,+22235.38,272235.38
2026-03-09T08:33:11.108000+00:00,5081,24315.0,0.9999679923057556,SELL,0.000,1.000,+0.01,+22235.39,272235.39
2026-03-09T08:41:24.309000+00:00,5082,24297.0,0.9999409914016724,SELL,0.000,1.000,-0.01,+22235.38,272235.38
2026-03-09T08:49:06.719005+00:00,5083,24308.0,0.9998813271522522,SELL,0.000,1.000,+0.01,+22235.39,272235.39
2026-03-09T09:05:22.399000+00:00,5084,24292.75,0.9997922778129578,SELL,0.000,1.000,-0.03,+22235.37,272235.37
2026-03-09T09:12:08.885000+00:00,5085,24325.0,0.9995818734169006,SELL,0.000,1.000,+0.14,+22235.50,272235.50
2026-03-09T09:14:57.183000+00:00,5086,24349.5,0.9990391731262207,SELL,0.001,0.999,+0.27,+22235.77,272235.77
2026-03-09T09:17:55.011000+00:00,5087,24383.25,0.9980253577232361,SELL,0.001,0.998,+0.68,+22236.45,272236.45
2026-03-09T09:21:19.694000+00:00,5088,24407.5,0.9960604310035706,SELL,0.002,0.996,+0.95,+22237.40,272237.40
2026-03-09T09:31:07.170000+00:00,5089,24387.25,0.9811950325965881,SELL,0.015,0.981,-6.02,+22231.38,272231.38
2026-03-09T09:32:24.662000+00:00,5090,24420.25,0.9739874005317688,SELL,0.007,0.974,+4.76,+22236.14,272236.14
2026-03-09T09:32:52.263000+00:00,5091,24460.25,0.9882575273513794,BUY,0.014,0.988,+0.00,+22236.14,272236.14
2026-03-09T09:37:34.533000+00:00,5092,24455.0,0.980442225933075,SELL,0.008,0.980,-0.82,+22235.32,272235.32
2026-03-09T09:45:42.096000+00:00,5093,24482.75,0.9166592955589294,SELL,0.064,0.917,+35.40,+22270.72,272270.72
2026-03-09T09:46:53.987003+00:00,5094,24443.25,0.424281507730484,SELL,0.492,0.424,-388.98,+21881.74,271881.74
2026-03-09T09:52:32.117000+00:00,5095,24408.0,-0.21555791795253754,SELL,0.640,-0.216,-299.12,+21582.62,271582.62
2026-03-09T10:01:12.189001+00:00,5096,24432.75,-0.28535938262939453,SELL,0.070,-0.285,+0.00,+21582.62,271582.62
2026-03-09T10:02:23.859010+00:00,5097,24394.25,-0.24807405471801758,BUY,0.037,-0.248,+28.71,+21611.33,271611.33
2026-03-09T10:08:51.703002+00:00,5098,24375.75,-0.22393661737442017,BUY,0.024,-0.224,+8.93,+21620.26,271620.26
2026-03-09T10:16:53.599000+00:00,5099,24408.75,-0.1964264065027237,BUY,0.028,-0.196,-18.16,+21602.11,271602.11
2026-03-09T10:30:04.682000+00:00,5100,24375.5,-0.17954584956169128,BUY,0.017,-0.180,+11.23,+21613.33,271613.33
2026-03-09T10:36:38.612004+00:00,5101,24399.0,-0.14000922441482544,BUY,0.040,-0.140,-18.58,+21594.75,271594.75
2026-03-09T10:38:44.287005+00:00,5102,24376.25,-0.1187940165400505,BUY,0.021,-0.119,+9.65,+21604.40,271604.40
2026-03-09T10:40:02.560000+00:00,5103,24399.75,-0.0722585916519165,BUY,0.047,-0.072,-21.87,+21582.53,271582.53
2026-03-09T10:46:07.775000+00:00,5104,24370.5,-0.0581485778093338,BUY,0.014,-0.058,+8.25,+21590.79,271590.79
2026-03-09T10:50:57.959000+00:00,5105,24362.0,-0.1490325629711151,SELL,0.091,-0.149,+0.00,+21590.79,271590.79
2026-03-09T10:51:42.599001+00:00,5106,24380.0,-0.23843568563461304,SELL,0.089,-0.238,+0.00,+21590.79,271590.79
2026-03-09T11:03:12.665000+00:00,5107,24399.0,-0.5098744630813599,SELL,0.271,-0.510,+0.00,+21590.79,271590.79
2026-03-09T11:14:00.029000+00:00,5108,24373.25,-0.7281219363212585,SELL,0.218,-0.728,+0.00,+21590.79,271590.79
2026-03-09T11:23:36.599002+00:00,5109,24388.0,-0.7475135922431946,SELL,0.019,-0.748,+0.00,+21590.79,271590.79
2026-03-09T11:34:53.993000+00:00,5110,24396.0,-0.8435772061347961,SELL,0.096,-0.844,+0.00,+21590.79,271590.79
2026-03-09T11:41:15.132000+00:00,5111,24383.25,-0.8781946897506714,SELL,0.035,-0.878,+0.00,+21590.79,271590.79
2026-03-09T12:03:25.783001+00:00,5112,24415.0,-0.9150847792625427,SELL,0.037,-0.915,+0.00,+21590.79,271590.79
2026-03-09T12:15:15.589000+00:00,5113,24441.25,-0.9318214058876038,SELL,0.017,-0.932,+0.00,+21590.79,271590.79
2026-03-09T12:33:06.747000+00:00,5114,24419.0,-0.9363739490509033,SELL,0.005,-0.936,+0.00,+21590.79,271590.79
2026-03-09T12:41:30.624000+00:00,5115,24380.25,-0.9275169372558594,BUY,0.009,-0.928,+6.86,+21597.65,271597.65
2026-03-09T12:50:09.626000+00:00,5116,24358.0,-0.9209566712379456,BUY,0.007,-0.921,+2.92,+21600.57,271600.57
2026-03-09T13:00:43.005000+00:00,5117,24390.0,-0.9250194430351257,SELL,0.004,-0.925,+0.00,+21600.57,271600.57
2026-03-09T13:10:47.395000+00:00,5118,24416.0,-0.9354354739189148,SELL,0.010,-0.935,+0.00,+21600.57,271600.57
2026-03-09T13:20:07.929000+00:00,5119,24405.75,-0.942040205001831,SELL,0.007,-0.942,+0.00,+21600.57,271600.57
2026-03-09T13:29:03.726000+00:00,5120,24424.0,-0.948203444480896,SELL,0.006,-0.948,+0.00,+21600.57,271600.57
2026-03-09T13:30:01.613012+00:00,5121,24451.25,-0.9533871412277222,SELL,0.005,-0.953,+0.00,+21600.57,271600.57
2026-03-09T13:30:41.411000+00:00,5122,24488.75,-0.9604041576385498,SELL,0.007,-0.960,+0.00,+21600.57,271600.57
2026-03-09T13:31:07.685005+00:00,5123,24524.25,-0.9624501466751099,SELL,0.002,-0.962,+0.00,+21600.57,271600.57
2026-03-09T13:31:31.150000+00:00,5124,24485.25,-0.9645719528198242,SELL,0.002,-0.965,+0.00,+21600.57,271600.57
2026-03-09T13:33:24.473000+00:00,5125,24468.0,-0.9590532779693604,BUY,0.006,-0.959,+1.90,+21602.47,271602.47
2026-03-09T13:34:19.713002+00:00,5126,24480.5,-0.9438451528549194,BUY,0.015,-0.944,-3.80,+21598.67,271598.67
2026-03-09T13:36:05.483006+00:00,5127,24453.0,-0.9292582273483276,BUY,0.015,-0.929,+8.02,+21606.69,271606.69
2026-03-09T13:37:30.036002+00:00,5128,24419.0,-0.9159961938858032,BUY,0.013,-0.916,+9.02,+21615.71,271615.71
2026-03-09T13:40:01.844003+00:00,5129,24390.0,-0.8821338415145874,BUY,0.034,-0.882,+19.64,+21635.35,271635.35
2026-03-09T13:41:17.834023+00:00,5130,24369.25,-0.8819156289100647,BUY,0.000,-0.882,+0.09,+21635.44,271635.44
2026-03-09T13:42:07.026001+00:00,5131,24358.75,-0.7752630114555359,BUY,0.107,-0.775,+22.40,+21657.84,271657.84
2026-03-09T13:43:56.394034+00:00,5132,24394.0,-0.6577179431915283,BUY,0.118,-0.658,-82.87,+21574.97,271574.97
2026-03-09T13:44:41.507000+00:00,5133,24360.25,-0.33297574520111084,BUY,0.325,-0.333,+219.20,+21794.17,271794.17
2026-03-09T13:45:09.443004+00:00,5134,24396.0,-0.3405728340148926,SELL,0.008,-0.341,+0.00,+21794.17,271794.17
2026-03-09T13:45:42.938000+00:00,5135,24356.0,-0.19059468805789948,BUY,0.150,-0.191,+119.98,+21914.15,271914.15
2026-03-09T13:46:03.429021+00:00,5136,24384.0,-0.17672932147979736,BUY,0.014,-0.177,-7.76,+21906.39,271906.39
2026-03-09T13:46:07.992001+00:00,5137,24419.75,-0.12267738580703735,BUY,0.054,-0.123,-38.65,+21867.74,271867.74
2026-03-09T13:47:01.603000+00:00,5138,24379.75,-0.17247262597084045,SELL,0.050,-0.172,+0.00,+21867.74,271867.74
2026-03-09T13:47:44.733000+00:00,5139,24404.0,-0.19422543048858643,SELL,0.022,-0.194,+0.00,+21867.74,271867.74
2026-03-09T13:49:36.418000+00:00,5140,24372.0,-0.12890395522117615,BUY,0.065,-0.129,+41.81,+21909.55,271909.55
2026-03-09T13:50:57.775018+00:00,5141,24345.25,-0.14638537168502808,SELL,0.017,-0.146,+0.00,+21909.55,271909.55
2026-03-09T13:52:34.890000+00:00,5142,24370.0,-0.09963162243366241,BUY,0.047,-0.100,-23.14,+21886.41,271886.41
2026-03-09T13:53:42.677005+00:00,5143,24341.0,-0.08448769152164459,BUY,0.015,-0.084,+8.78,+21895.19,271895.19
2026-03-09T13:55:09.619016+00:00,5144,24315.0,-0.12388572841882706,SELL,0.039,-0.124,+0.00,+21895.19,271895.19
2026-03-09T13:55:28.513000+00:00,5145,24353.0,-0.1223672479391098,BUY,0.002,-0.122,-1.15,+21894.03,271894.03
2026-03-09T13:56:01.716002+00:00,5146,24392.0,-0.2139677256345749,SELL,0.092,-0.214,+0.00,+21894.03,271894.03
2026-03-09T13:56:15.808042+00:00,5147,24362.0,-0.17540396749973297,BUY,0.039,-0.175,+23.14,+21917.17,271917.17
2026-03-09T13:57:41.429013+00:00,5148,24356.5,-0.23729602992534637,SELL,0.062,-0.237,+0.00,+21917.17,271917.17
2026-03-09T13:57:56.462000+00:00,5149,24391.0,-0.3986893594264984,SELL,0.161,-0.399,+0.00,+21917.17,271917.17
2026-03-09T13:59:29.136001+00:00,5150,24373.5,-0.5330199599266052,SELL,0.134,-0.533,+0.00,+21917.17,271917.17
2026-03-09T14:02:02.136000+00:00,5151,24391.25,-0.7062779068946838,SELL,0.173,-0.706,+0.00,+21917.17,271917.17
2026-03-09T14:03:12.138003+00:00,5152,24416.25,-0.8358673453330994,SELL,0.130,-0.836,+0.00,+21917.17,271917.17
2026-03-09T14:04:17.805000+00:00,5153,24455.75,-0.9305746555328369,SELL,0.095,-0.931,+0.00,+21917.17,271917.17
2026-03-09T14:05:48.356003+00:00,5154,24439.75,-0.9620500206947327,SELL,0.031,-0.962,+0.00,+21917.17,271917.17
2026-03-09T14:05:52.200024+00:00,5155,24404.0,-0.96806401014328,SELL,0.006,-0.968,+0.00,+21917.17,271917.17
2026-03-09T14:06:00.639001+00:00,5156,24373.25,-0.9685729742050171,SELL,0.001,-0.969,+0.00,+21917.17,271917.17
2026-03-09T14:06:23.254003+00:00,5157,24364.0,-0.9737684726715088,SELL,0.005,-0.974,+0.00,+21917.17,271917.17
2026-03-09T14:08:16.784009+00:00,5158,24358.0,-0.9761606454849243,SELL,0.002,-0.976,+0.00,+21917.17,271917.17
2026-03-09T14:11:07.709001+00:00,5159,24352.0,-0.9791432619094849,SELL,0.003,-0.979,+0.00,+21917.17,271917.17
2026-03-09T14:14:18.946002+00:00,5160,24360.0,-0.9789347052574158,BUY,0.000,-0.979,-0.03,+21917.14,271917.14
2026-03-09T14:16:45.136002+00:00,5161,24381.25,-0.98005610704422,SELL,0.001,-0.980,+0.00,+21917.14,271917.14
2026-03-09T14:19:03.312000+00:00,5162,24405.0,-0.9803154468536377,SELL,0.000,-0.980,+0.00,+21917.14,271917.14
2026-03-09T14:21:05.198039+00:00,5163,24368.5,-0.9788656830787659,BUY,0.001,-0.979,+1.06,+21918.20,271918.20
2026-03-09T14:22:19.648000+00:00,5164,24392.25,-0.9809310436248779,SELL,0.002,-0.981,+0.00,+21918.20,271918.20
2026-03-09T14:22:51.450000+00:00,5165,24432.25,-0.986408531665802,SELL,0.005,-0.986,+0.00,+21918.20,271918.20
2026-03-09T14:26:15.790000+00:00,5166,24429.0,-0.9897971749305725,SELL,0.003,-0.990,+0.00,+21918.20,271918.20
2026-03-09T14:27:13.026001+00:00,5167,24393.5,-0.9861755967140198,BUY,0.004,-0.986,+2.57,+21920.77,271920.77
2026-03-09T14:30:03.590000+00:00,5168,24421.0,-0.9890488982200623,SELL,0.003,-0.989,+0.00,+21920.77,271920.77
2026-03-09T14:36:27.879000+00:00,5169,24447.25,-0.9900188446044922,SELL,0.001,-0.990,+0.00,+21920.77,271920.77
2026-03-09T14:38:09.319000+00:00,5170,24487.25,-0.9920724630355835,SELL,0.002,-0.992,+0.00,+21920.77,271920.77
2026-03-09T14:40:31.023000+00:00,5171,24466.0,-0.9907415509223938,BUY,0.001,-0.991,+0.57,+21921.33,271921.33
2026-03-09T14:41:37.075000+00:00,5172,24503.75,-0.9903020262718201,BUY,0.000,-0.990,-0.33,+21921.00,271921.00
2026-03-09T14:42:58.773000+00:00,5173,24508.75,-0.9883125424385071,BUY,0.002,-0.988,-0.20,+21920.80,271920.80
2026-03-09T14:44:55.779000+00:00,5174,24534.75,-0.9873942136764526,BUY,0.001,-0.987,-0.48,+21920.33,271920.33
2026-03-09T14:47:00.093000+00:00,5175,24570.0,-0.988990068435669,SELL,0.002,-0.989,+0.00,+21920.33,271920.33
2026-03-09T14:56:16.055006+00:00,5176,24545.25,-0.9871050119400024,BUY,0.002,-0.987,+0.93,+21921.26,271921.26
2026-03-09T14:57:33.215000+00:00,5177,24571.75,-0.9866089820861816,BUY,0.000,-0.987,-0.26,+21921.00,271921.00
2026-03-09T15:01:56.685006+00:00,5178,24579.5,-0.9825644493103027,BUY,0.004,-0.983,-0.63,+21920.37,271920.37
2026-03-09T15:12:31.056071+00:00,5179,24600.25,-0.9768552780151367,BUY,0.006,-0.977,-2.37,+21918.00,271918.00
2026-03-09T15:19:03.019000+00:00,5180,24584.75,-0.9691131114959717,BUY,0.008,-0.969,+2.40,+21920.40,271920.40
2026-03-09T15:23:43.251000+00:00,5181,24621.5,-0.960462749004364,BUY,0.009,-0.960,-6.36,+21914.04,271914.04
2026-03-09T15:27:17.284034+00:00,5182,24650.0,-0.9605421423912048,SELL,0.000,-0.961,+0.00,+21914.04,271914.04
2026-03-09T15:34:19.115009+00:00,5183,24610.0,-0.9475536942481995,BUY,0.013,-0.948,+10.39,+21924.43,271924.43
2026-03-09T15:45:55.655000+00:00,5184,24630.5,-0.953913152217865,SELL,0.006,-0.954,+0.00,+21924.43,271924.43
2026-03-09T15:53:58.022005+00:00,5185,24650.75,-0.954885721206665,SELL,0.001,-0.955,+0.00,+21924.43,271924.43
2026-03-09T16:03:52.790063+00:00,5186,24671.25,-0.9511366486549377,BUY,0.004,-0.951,-1.54,+21922.90,271922.90
2026-03-09T16:20:59.270000+00:00,5187,24640.0,-0.9406535029411316,BUY,0.010,-0.941,+6.55,+21929.45,271929.45
2026-03-09T16:23:41.284001+00:00,5188,24673.75,-0.9331914186477661,BUY,0.007,-0.933,-5.04,+21924.41,271924.41
2026-03-09T16:26:23.145016+00:00,5189,24702.5,-0.9249069690704346,BUY,0.008,-0.925,-4.76,+21919.65,271919.65
2026-03-09T16:29:33.108004+00:00,5190,24687.75,-0.8897090554237366,BUY,0.035,-0.890,+10.38,+21930.03,271930.03
2026-03-09T16:32:22.057000+00:00,5191,24661.75,-0.851559042930603,BUY,0.038,-0.852,+19.84,+21949.87,271949.87
2026-03-09T16:34:49.912004+00:00,5192,24693.75,-0.8306511640548706,BUY,0.021,-0.831,-13.38,+21936.49,271936.49
2026-03-09T16:41:01.638005+00:00,5193,24728.0,-0.8670787215232849,SELL,0.036,-0.867,+0.00,+21936.49,271936.49
2026-03-09T16:58:39.820000+00:00,5194,24709.25,-0.8636654019355774,BUY,0.003,-0.864,+1.28,+21937.77,271937.77
2026-03-09T17:07:07.687003+00:00,5195,24674.25,-0.8586855530738831,BUY,0.005,-0.859,+3.49,+21941.25,271941.25
2026-03-09T17:18:00.560004+00:00,5196,24659.75,-0.8542121052742004,BUY,0.004,-0.854,+1.30,+21942.55,271942.55
2026-03-09T17:21:32.240005+00:00,5197,24630.25,-0.8736189007759094,SELL,0.019,-0.874,+0.00,+21942.55,271942.55
2026-03-09T17:38:26.932000+00:00,5198,24594.5,-0.8699366450309753,BUY,0.004,-0.870,+2.63,+21945.18,271945.18
2026-03-09T17:48:29.243000+00:00,5199,24615.75,-0.8762801289558411,SELL,0.006,-0.876,+0.00,+21945.18,271945.18
2026-03-09T18:00:24.339004+00:00,5200,24632.5,-0.8909677267074585,SELL,0.015,-0.891,+0.00,+21945.18,271945.18
2026-03-09T18:17:37.624000+00:00,5201,24652.5,-0.8922355771064758,SELL,0.001,-0.892,+0.00,+21945.18,271945.18
2026-03-09T18:22:02.050000+00:00,5202,24642.75,-0.8830705881118774,BUY,0.009,-0.883,+1.79,+21946.97,271946.97
2026-03-09T18:32:25.104001+00:00,5203,24670.0,-0.9002070426940918,SELL,0.017,-0.900,+0.00,+21946.97,271946.97
2026-03-09T18:36:20.840000+00:00,5204,24701.25,-0.9139103889465332,SELL,0.014,-0.914,+0.00,+21946.97,271946.97
2026-03-09T18:55:43.660037+00:00,5205,24668.25,-0.9109224677085876,BUY,0.003,-0.911,+1.97,+21948.94,271948.94
2026-03-09T19:11:19.744049+00:00,5206,24680.0,-0.9412485957145691,SELL,0.030,-0.941,+0.00,+21948.94,271948.94
2026-03-09T19:17:06.299001+00:00,5207,24701.5,-0.9520941972732544,SELL,0.011,-0.952,+0.00,+21948.94,271948.94
2026-03-09T19:19:14.876017+00:00,5208,24714.5,-0.9627408981323242,SELL,0.011,-0.963,+0.00,+21948.94,271948.94
2026-03-09T19:19:30.590000+00:00,5209,24730.25,-0.9710574746131897,SELL,0.008,-0.971,+0.00,+21948.94,271948.94
2026-03-09T19:19:43.537066+00:00,5210,24754.0,-0.9819507598876953,SELL,0.011,-0.982,+0.00,+21948.94,271948.94
2026-03-09T19:19:54.222000+00:00,5211,24790.25,-0.9880512952804565,SELL,0.006,-0.988,+0.00,+21948.94,271948.94
2026-03-09T19:20:19.613000+00:00,5212,24813.75,-0.9912808537483215,SELL,0.003,-0.991,+0.00,+21948.94,271948.94
2026-03-09T19:20:44.457000+00:00,5213,24841.25,-0.9952622056007385,SELL,0.004,-0.995,+0.00,+21948.94,271948.94
2026-03-09T19:21:04.496003+00:00,5214,24859.75,-0.9963223338127136,SELL,0.001,-0.996,+0.00,+21948.94,271948.94
2026-03-09T19:21:33.793000+00:00,5215,24836.75,-0.9968739748001099,SELL,0.001,-0.997,+0.00,+21948.94,271948.94
2026-03-09T19:22:42.217000+00:00,5216,24827.75,-0.9974625110626221,SELL,0.001,-0.997,+0.00,+21948.94,271948.94
2026-03-09T19:22:59.818002+00:00,5217,24861.5,-0.9980866312980652,SELL,0.001,-0.998,+0.00,+21948.94,271948.94
2026-03-09T19:23:55.319004+00:00,5218,24890.0,-0.998593270778656,SELL,0.001,-0.999,+0.00,+21948.94,271948.94
2026-03-09T19:24:19.521049+00:00,5219,24850.0,-0.9987473487854004,SELL,0.000,-0.999,+0.00,+21948.94,271948.94
2026-03-09T19:26:35.142000+00:00,5220,24881.5,-0.9989485144615173,SELL,0.000,-0.999,+0.00,+21948.94,271948.94
2026-03-09T19:27:29.355001+00:00,5221,24918.25,-0.9990757703781128,SELL,0.000,-0.999,+0.00,+21948.94,271948.94
2026-03-09T19:28:14.751009+00:00,5222,24890.0,-0.9991427659988403,SELL,0.000,-0.999,+0.00,+21948.94,271948.94
2026-03-09T19:28:29.556010+00:00,5223,24922.75,-0.9991111159324646,BUY,0.000,-0.999,-0.02,+21948.92,271948.92
2026-03-09T19:29:51.489001+00:00,5224,24959.25,-0.9989937543869019,BUY,0.000,-0.999,-0.09,+21948.84,271948.84
2026-03-09T19:30:21.714006+00:00,5225,24929.0,-0.9987605214118958,BUY,0.000,-0.999,+0.14,+21948.98,271948.98
2026-03-09T19:31:17.799000+00:00,5226,24934.75,-0.998724102973938,BUY,0.000,-0.999,-0.00,+21948.97,271948.97
2026-03-09T19:32:34.430000+00:00,5227,24965.0,-0.9987964630126953,SELL,0.000,-0.999,+0.00,+21948.97,271948.97
2026-03-09T19:35:05.994026+00:00,5228,25000.0,-0.9990347623825073,SELL,0.000,-0.999,+0.00,+21948.97,271948.97
2026-03-09T19:35:57.610000+00:00,5229,24960.0,-0.9986960887908936,BUY,0.000,-0.999,+0.27,+21949.24,271949.24
2026-03-09T19:36:44.422000+00:00,5230,24981.75,-0.9983485341072083,BUY,0.000,-0.998,-0.15,+21949.09,271949.09
2026-03-09T19:37:53.305000+00:00,5231,25019.5,-0.9981316328048706,BUY,0.000,-0.998,-0.16,+21948.93,271948.93
2026-03-09T19:38:21.394001+00:00,5232,25051.5,-0.9967073202133179,BUY,0.001,-0.997,-0.91,+21948.02,271948.02
2026-03-09T19:38:59.703000+00:00,5233,25017.75,-0.9953444004058838,BUY,0.001,-0.995,+0.92,+21948.94,271948.94
2026-03-09T19:40:16.394001+00:00,5234,25006.25,-0.9952399730682373,BUY,0.000,-0.995,+0.02,+21948.96,271948.96
2026-03-09T19:41:04.826004+00:00,5235,24972.0,-0.9943602681159973,BUY,0.001,-0.994,+0.60,+21949.56,271949.56
2026-03-09T19:41:42.432015+00:00,5236,24951.5,-0.9917991757392883,BUY,0.003,-0.992,+1.05,+21950.61,271950.61
2026-03-09T19:43:01.655000+00:00,5237,24933.75,-0.987006664276123,BUY,0.005,-0.987,+1.70,+21952.32,271952.32
2026-03-09T19:43:51.545000+00:00,5238,24971.5,-0.9853714108467102,BUY,0.002,-0.985,-1.23,+21951.08,271951.08
2026-03-09T19:44:38.602000+00:00,5239,24983.75,-0.9841352701187134,BUY,0.001,-0.984,-0.30,+21950.78,271950.78
2026-03-09T19:46:39.263001+00:00,5240,24943.75,-0.9778657555580139,BUY,0.006,-0.978,+5.02,+21955.79,271955.79
2026-03-09T19:47:46.501000+00:00,5241,24983.75,-0.9710325002670288,BUY,0.007,-0.971,-5.47,+21950.33,271950.33
2026-03-09T19:50:00.105000+00:00,5242,24956.0,-0.9661509990692139,BUY,0.005,-0.966,+2.71,+21953.04,271953.04
2026-03-09T19:56:03.953000+00:00,5243,24977.75,-0.9653868675231934,BUY,0.001,-0.965,-0.33,+21952.70,271952.70
2026-03-09T19:58:09.525002+00:00,5244,25011.75,-0.9630011916160583,BUY,0.002,-0.963,-1.62,+21951.08,271951.08
2026-03-09T20:00:27.996000+00:00,5245,25019.0,-0.9741270542144775,SELL,0.011,-0.974,+0.00,+21951.08,271951.08
2026-03-09T20:02:51.946000+00:00,5246,24985.75,-0.9742380976676941,SELL,0.000,-0.974,+0.00,+21951.08,271951.08
2026-03-09T20:10:05.289000+00:00,5247,24947.0,-0.9725287556648254,BUY,0.002,-0.973,+1.32,+21952.41,271952.41
2026-03-09T20:19:13.304020+00:00,5248,24928.0,-0.9790352582931519,SELL,0.007,-0.979,+0.00,+21952.41,271952.41
2026-03-09T20:29:25.792006+00:00,5249,24947.5,-0.9839187264442444,SELL,0.005,-0.984,+0.00,+21952.41,271952.41
2026-03-09T20:32:59.366024+00:00,5250,24977.0,-0.9858493804931641,SELL,0.002,-0.986,+0.00,+21952.41,271952.41
2026-03-09T22:00:00+00:00,5251,24981.5,-0.9848253130912781,BUY,0.001,-0.985,-0.09,+21952.31,271952.31
2026-03-09T22:01:52.736000+00:00,5252,24941.5,-0.9825406670570374,BUY,0.002,-0.983,+1.83,+21954.14,271954.14
2026-03-09T22:03:39.875000+00:00,5253,24903.5,-0.9784741401672363,BUY,0.004,-0.978,+3.09,+21957.23,271957.23
2026-03-09T22:05:50.273010+00:00,5254,24924.0,-0.9739919900894165,BUY,0.004,-0.974,-1.84,+21955.40,271955.40
2026-03-09T22:06:57.845003+00:00,5255,24945.75,-0.967099130153656,BUY,0.007,-0.967,-3.00,+21952.40,271952.40
2026-03-09T22:08:51.306000+00:00,5256,24931.75,-0.9573016166687012,BUY,0.010,-0.957,+2.74,+21955.14,271955.14
2026-03-09T22:11:57.961008+00:00,5257,24910.5,-0.9476522207260132,BUY,0.010,-0.948,+4.10,+21959.24,271959.24
2026-03-09T22:19:44.735006+00:00,5258,24900.25,-0.9521262645721436,SELL,0.004,-0.952,+0.00,+21959.24,271959.24
2026-03-09T22:27:11.731000+00:00,5259,24910.25,-0.9583956599235535,SELL,0.006,-0.958,+0.00,+21959.24,271959.24
2026-03-09T22:29:55.213003+00:00,5260,24938.0,-0.95563805103302,BUY,0.003,-0.956,-1.53,+21957.71,271957.71
2026-03-09T22:33:13.020000+00:00,5261,24906.25,-0.9511173367500305,BUY,0.005,-0.951,+2.87,+21960.58,271960.58
2026-03-09T22:44:53.907000+00:00,5262,24928.0,-0.9595561027526855,SELL,0.008,-0.960,+0.00,+21960.58,271960.58
2026-03-09T22:57:38.445000+00:00,5263,24896.25,-0.9568824172019958,BUY,0.003,-0.957,+1.70,+21962.28,271962.28
2026-03-09T23:07:29.605003+00:00,5264,24929.75,-0.9467251300811768,BUY,0.010,-0.947,-6.81,+21955.47,271955.47
2026-03-09T23:37:40.307000+00:00,5265,24893.25,-0.9563415050506592,SELL,0.010,-0.956,+0.00,+21955.47,271955.47
2026-03-09T23:52:28.280001+00:00,5266,24862.0,-0.9683370590209961,SELL,0.012,-0.968,+0.00,+21955.47,271955.47
2026-03-10T00:10:17.811002+00:00,5267,24852.25,-0.9743202328681946,SELL,0.006,-0.974,+0.00,+21955.47,271955.47
2026-03-10T00:18:46.282016+00:00,5268,24870.0,-0.9837935566902161,SELL,0.009,-0.984,+0.00,+21955.47,271955.47
2026-03-10T00:24:38.283003+00:00,5269,24908.75,-0.9806051850318909,BUY,0.003,-0.981,-2.47,+21953.00,271953.00
2026-03-10T00:37:36.632000+00:00,5270,24933.5,-0.9800731539726257,BUY,0.001,-0.980,-0.26,+21952.74,271952.74
2026-03-10T00:46:34.729002+00:00,5271,24969.75,-0.9751058220863342,BUY,0.005,-0.975,-3.60,+21949.14,271949.14
2026-03-10T01:04:04.223000+00:00,5272,24930.0,-0.9675038456916809,BUY,0.008,-0.968,+6.04,+21955.18,271955.18
2026-03-10T01:09:51.360000+00:00,5273,24965.75,-0.9655842185020447,BUY,0.002,-0.966,-1.37,+21953.81,271953.81
2026-03-10T01:41:52.305001+00:00,5274,24937.25,-0.9681475162506104,SELL,0.003,-0.968,+0.00,+21953.81,271953.81
2026-03-10T01:49:47.250001+00:00,5275,24975.0,-0.9721542000770569,SELL,0.004,-0.972,+0.00,+21953.81,271953.81
2026-03-10T02:31:57.614000+00:00,5276,24958.75,-0.9747357964515686,SELL,0.003,-0.975,+0.00,+21953.81,271953.81
2026-03-10T02:50:19.118001+00:00,5277,24921.0,-0.9725137948989868,BUY,0.002,-0.973,+1.68,+21955.49,271955.49
2026-03-10T03:01:21.577000+00:00,5278,24947.0,-0.9756468534469604,SELL,0.003,-0.976,+0.00,+21955.49,271955.49
2026-03-10T03:21:26.207000+00:00,5279,24960.0,-0.9795606732368469,SELL,0.004,-0.980,+0.00,+21955.49,271955.49
2026-03-10T03:26:55.019000+00:00,5280,24923.0,-0.9761654138565063,BUY,0.003,-0.976,+2.51,+21958.00,271958.00
2026-03-10T03:38:53.640002+00:00,5281,24887.0,-0.9669802784919739,BUY,0.009,-0.967,+6.61,+21964.61,271964.61
2026-03-10T03:45:37.351000+00:00,5282,24857.0,-0.9628474712371826,BUY,0.004,-0.963,+2.48,+21967.09,271967.09
2026-03-10T03:55:06.277000+00:00,5283,24895.0,-0.9600263833999634,BUY,0.003,-0.960,-2.14,+21964.95,271964.95
2026-03-10T04:19:29.925003+00:00,5284,24903.25,-0.9573112726211548,BUY,0.003,-0.957,-0.45,+21964.50,271964.50
2026-03-10T04:40:51.602001+00:00,5285,24919.75,-0.9525936841964722,BUY,0.005,-0.953,-1.56,+21962.94,271962.94
2026-03-10T05:01:28.929003+00:00,5286,24922.75,-0.9360870122909546,BUY,0.017,-0.936,-0.99,+21961.95,271961.95
2026-03-10T05:53:02.327007+00:00,5287,24958.5,-0.936962366104126,SELL,0.001,-0.937,+0.00,+21961.95,271961.95
2026-03-10T06:30:54.333057+00:00,5288,24981.0,-0.9150465130805969,BUY,0.022,-0.915,-9.86,+21952.09,271952.09
2026-03-10T06:52:21.211001+00:00,5289,24946.25,-0.8895686864852905,BUY,0.025,-0.890,+17.71,+21969.80,271969.80
2026-03-10T07:03:45.528000+00:00,5290,24979.5,-0.8492297530174255,BUY,0.040,-0.849,-26.83,+21942.97,271942.97
2026-03-10T07:05:58.532000+00:00,5291,25017.75,-0.8314228653907776,BUY,0.018,-0.831,-13.62,+21929.35,271929.35
2026-03-10T07:20:55.582006+00:00,5292,25021.0,-0.7642073035240173,BUY,0.067,-0.764,-4.37,+21924.98,271924.98
2026-03-10T07:27:30.983037+00:00,5293,25058.0,-0.763364315032959,BUY,0.001,-0.763,-0.62,+21924.36,271924.36
2026-03-10T07:35:29.767000+00:00,5294,25036.25,-0.6268488764762878,BUY,0.137,-0.627,+59.38,+21983.74,271983.74
2026-03-10T07:46:32.217005+00:00,5295,25064.25,-0.5372703075408936,BUY,0.090,-0.537,-50.16,+21933.58,271933.58
2026-03-10T08:00:51.629001+00:00,5296,25085.0,-0.42881304025650024,BUY,0.108,-0.429,-45.01,+21888.57,271888.57
2026-03-10T08:07:20.802000+00:00,5297,25104.75,-0.3094682991504669,BUY,0.119,-0.309,-47.14,+21841.43,271841.43
2026-03-10T08:08:38.221025+00:00,5298,25137.75,-0.21415284276008606,BUY,0.095,-0.214,-62.91,+21778.52,271778.52
2026-03-10T08:12:45.256003+00:00,5299,25110.25,-0.06061283126473427,BUY,0.154,-0.061,+84.45,+21862.97,271862.97
2026-03-10T08:36:02.570000+00:00,5300,25138.75,-0.17833441495895386,SELL,0.118,-0.178,+0.00,+21862.97,271862.97
2026-03-10T08:51:05.892005+00:00,5301,25106.0,-0.20470385253429413,SELL,0.026,-0.205,+0.00,+21862.97,271862.97
2026-03-10T09:06:31.741000+00:00,5302,25118.75,-0.4292353391647339,SELL,0.225,-0.429,+0.00,+21862.97,271862.97
2026-03-10T09:27:26.510001+00:00,5303,25094.0,-0.41248998045921326,BUY,0.017,-0.412,+8.29,+21871.25,271871.25
2026-03-10T09:57:49.165000+00:00,5304,25088.0,-0.6346542835235596,SELL,0.222,-0.635,+0.00,+21871.25,271871.25
2026-03-10T10:08:33.946000+00:00,5305,25055.5,-0.5842859745025635,BUY,0.050,-0.584,+32.74,+21903.99,271903.99
2026-03-10T10:30:38.211008+00:00,5306,25085.0,-0.7357180714607239,SELL,0.151,-0.736,+0.00,+21903.99,271903.99
2026-03-10T10:36:08.969000+00:00,5307,25051.5,-0.7568149566650391,SELL,0.021,-0.757,+0.00,+21903.99,271903.99
2026-03-10T10:38:57.232000+00:00,5308,25024.75,-0.7408779263496399,BUY,0.016,-0.741,+8.53,+21912.52,271912.52
2026-03-10T10:43:04.769002+00:00,5309,25060.5,-0.6894912123680115,BUY,0.051,-0.689,-36.74,+21875.78,271875.78
2026-03-10T11:04:32.519008+00:00,5310,25079.25,-0.6673558354377747,BUY,0.022,-0.667,-8.30,+21867.48,271867.48
2026-03-10T11:04:48.650001+00:00,5311,25102.0,-0.6528636813163757,BUY,0.014,-0.653,-6.59,+21860.88,271860.88
2026-03-10T11:06:44.868000+00:00,5312,25068.75,-0.6495071649551392,BUY,0.003,-0.650,+2.23,+21863.12,271863.12
2026-03-10T11:09:17.739001+00:00,5313,25038.5,-0.501710057258606,BUY,0.148,-0.502,+89.42,+21952.53,271952.53
2026-03-10T11:19:34.211002+00:00,5314,25003.0,0.43658119440078735,BUY,0.938,0.437,+356.21,+22308.75,272308.75
2026-03-10T11:41:09.661048+00:00,5315,24988.5,0.9242850542068481,BUY,0.488,0.924,+0.00,+22308.75,272308.75
2026-03-10T11:45:50.037000+00:00,5316,24966.5,0.9908694624900818,BUY,0.067,0.991,+0.00,+22308.75,272308.75
2026-03-10T12:01:44.082013+00:00,5317,24953.0,0.9984302520751953,BUY,0.008,0.998,+0.00,+22308.75,272308.75
2026-03-10T12:05:51.966000+00:00,5318,24922.25,0.9995562434196472,BUY,0.001,1.000,+0.00,+22308.75,272308.75
2026-03-10T12:22:02.415000+00:00,5319,24940.75,0.9997574090957642,BUY,0.000,1.000,+0.00,+22308.75,272308.75
2026-03-10T12:30:22.014000+00:00,5320,24910.25,0.9998906850814819,BUY,0.000,1.000,+0.00,+22308.75,272308.75
2026-03-10T12:34:00.352000+00:00,5321,24932.0,0.9999229907989502,BUY,0.000,1.000,+0.00,+22308.75,272308.75
2026-03-10T12:42:10.676001+00:00,5322,24958.25,0.9999411702156067,BUY,0.000,1.000,+0.00,+22308.75,272308.75
2026-03-10T12:49:33.223036+00:00,5323,24988.0,0.9999474287033081,BUY,0.000,1.000,+0.00,+22308.75,272308.75
2026-03-10T13:23:42.582002+00:00,5325,24999.0,0.9999398589134216,SELL,0.000,1.000,+0.00,+22308.75,272308.75
2026-03-10T13:30:37.815000+00:00,5327,25059.25,0.9999415278434753,BUY,0.000,1.000,+0.00,+22308.75,272308.75
2026-03-10T13:31:45.063000+00:00,5328,25068.5,0.9999393820762634,SELL,0.000,1.000,+0.00,+22308.75,272308.75
2026-03-10T13:33:29.751001+00:00,5329,25041.25,0.9999462962150574,BUY,0.000,1.000,+0.00,+22308.75,272308.75
2026-03-10T13:35:53.501009+00:00,5330,25002.25,0.9999335408210754,SELL,0.000,1.000,-0.01,+22308.74,272308.74
2026-03-10T13:38:22.026001+00:00,5331,25033.0,0.9999439120292664,BUY,0.000,1.000,+0.00,+22308.74,272308.74
2026-03-10T13:41:45.895002+00:00,5332,24998.5,0.9999552369117737,BUY,0.000,1.000,+0.00,+22308.74,272308.74
2026-03-10T13:42:36.043001+00:00,5333,24968.5,0.9999074339866638,SELL,0.000,1.000,-0.03,+22308.71,272308.71
2026-03-10T13:44:20.850004+00:00,5334,24999.5,0.999762773513794,SELL,0.000,1.000,+0.09,+22308.80,272308.80
2026-03-10T13:44:54.774000+00:00,5335,25035.5,0.9994632005691528,SELL,0.000,0.999,+0.22,+22309.02,272309.02
2026-03-10T13:46:36.043003+00:00,5336,25041.25,0.9981197714805603,SELL,0.001,0.998,+0.15,+22309.17,272309.17
2026-03-10T13:47:48.790000+00:00,5337,25016.0,0.9942176342010498,SELL,0.004,0.994,-1.97,+22307.20,272307.20
2026-03-10T13:48:32.402003+00:00,5338,25035.5,0.982123613357544,SELL,0.012,0.982,+4.72,+22311.92,272311.92
2026-03-10T13:49:49.567003+00:00,5339,25043.75,0.9331711530685425,SELL,0.049,0.933,+8.08,+22319.99,272319.99
2026-03-10T13:52:46.922002+00:00,5340,25010.0,0.9034867882728577,SELL,0.030,0.903,-20.04,+22299.96,272299.96
2026-03-10T13:54:51.801000+00:00,5341,24999.75,0.8596600294113159,SELL,0.044,0.860,-8.98,+22290.97,272290.97
2026-03-10T13:57:01.902002+00:00,5342,24966.25,0.8645766377449036,BUY,0.005,0.865,+0.00,+22290.97,272290.97
2026-03-10T14:00:02.411039+00:00,5343,24942.5,0.8432247042655945,SELL,0.021,0.843,-10.14,+22280.83,272280.83
2026-03-10T14:01:01.020002+00:00,5344,24926.5,0.8658929467201233,BUY,0.023,0.866,+0.00,+22280.83,272280.83
2026-03-10T14:02:00.789000+00:00,5345,24960.0,0.8438345789909363,SELL,0.022,0.844,+14.78,+22295.61,272295.61
2026-03-10T14:03:08.150000+00:00,5346,24936.75,0.7918340563774109,SELL,0.052,0.792,-24.18,+22271.43,272271.43
2026-03-10T14:04:48.179000+00:00,5347,24966.75,0.6082409024238586,SELL,0.184,0.608,+110.16,+22381.59,272381.59
2026-03-10T14:07:05.900000+00:00,5348,24958.0,0.28992486000061035,SELL,0.318,0.290,-55.71,+22325.88,272325.88
2026-03-10T14:08:03.041003+00:00,5349,24921.0,0.05565613880753517,SELL,0.234,0.056,-173.36,+22152.52,272152.52
2026-03-10T14:12:11.223001+00:00,5350,24935.0,-0.13954322040081024,SELL,0.195,-0.140,+15.58,+22168.10,272168.10
2026-03-10T14:16:04.998000+00:00,5351,24902.0,-0.1788775771856308,SELL,0.039,-0.179,+0.00,+22168.10,272168.10
2026-03-10T14:19:14.068000+00:00,5352,24932.5,-0.17005163431167603,BUY,0.009,-0.170,-5.38,+22162.72,272162.72
2026-03-10T14:20:57.422000+00:00,5353,24971.5,-0.20097985863685608,SELL,0.031,-0.201,+0.00,+22162.72,272162.72
2026-03-10T14:25:28.303000+00:00,5354,25000.75,-0.30508989095687866,SELL,0.104,-0.305,+0.00,+22162.72,272162.72
2026-03-10T14:30:17.190000+00:00,5355,25029.0,-0.15779124200344086,BUY,0.147,-0.158,-83.22,+22079.50,272079.50
2026-03-10T14:34:14.162000+00:00,5356,25051.0,-0.14553675055503845,BUY,0.012,-0.146,-5.39,+22074.11,272074.11
2026-03-10T14:38:59.559000+00:00,5357,25078.0,-0.10878704488277435,BUY,0.037,-0.109,-19.84,+22054.26,272054.26
2026-03-10T14:43:24.228000+00:00,5358,25109.25,-0.1118408739566803,SELL,0.003,-0.112,+0.00,+22054.26,272054.26
2026-03-10T14:53:32.616000+00:00,5359,25125.75,-0.3147135376930237,SELL,0.203,-0.315,+0.00,+22054.26,272054.26
2026-03-10T15:00:38.223000+00:00,5360,25162.75,-0.4606270492076874,SELL,0.146,-0.461,+0.00,+22054.26,272054.26
2026-03-10T15:06:16.216013+00:00,5361,25142.0,-0.39293330907821655,BUY,0.068,-0.393,+28.09,+22082.35,272082.35
2026-03-10T15:17:08.861000+00:00,5362,25157.75,-0.5403125286102295,SELL,0.147,-0.540,+0.00,+22082.35,272082.35
2026-03-10T15:30:35.515000+00:00,5363,25137.5,-0.6233174800872803,SELL,0.083,-0.623,+0.00,+22082.35,272082.35
2026-03-10T15:42:21.174000+00:00,5364,25149.75,-0.6184690594673157,BUY,0.005,-0.618,-1.19,+22081.17,272081.17
2026-03-10T15:47:02.427000+00:00,5365,25132.25,-0.5212799310684204,BUY,0.097,-0.521,+34.02,+22115.18,272115.18
2026-03-10T15:50:28.773000+00:00,5366,25161.25,-0.5774636268615723,SELL,0.056,-0.577,+0.00,+22115.18,272115.18
2026-03-10T16:03:15.323000+00:00,5367,25123.75,-0.6178038716316223,SELL,0.040,-0.618,+0.00,+22115.18,272115.18
2026-03-10T16:06:06.417000+00:00,5368,25086.5,-0.5585338473320007,BUY,0.059,-0.559,+44.16,+22159.34,272159.34
2026-03-10T16:10:34.957000+00:00,5369,25120.5,-0.5145211815834045,BUY,0.044,-0.515,-29.93,+22129.41,272129.41
2026-03-10T16:18:38.136000+00:00,5370,25135.75,-0.6264988780021667,SELL,0.112,-0.626,+0.00,+22129.41,272129.41
2026-03-10T16:22:00.902000+00:00,5371,25108.0,-0.6348743438720703,SELL,0.008,-0.635,+0.00,+22129.41,272129.41
2026-03-10T16:25:55.543158+00:00,5372,25147.5,-0.6898736953735352,SELL,0.055,-0.690,+0.00,+22129.41,272129.41
2026-03-10T16:29:10.914001+00:00,5373,25123.25,-0.7014868855476379,SELL,0.012,-0.701,+0.00,+22129.41,272129.41
2026-03-10T16:35:19.194000+00:00,5374,25160.25,-0.8026345372200012,SELL,0.101,-0.803,+0.00,+22129.41,272129.41
2026-03-10T16:46:14.476000+00:00,5375,25124.0,-0.8528988361358643,SELL,0.050,-0.853,+0.00,+22129.41,272129.41
2026-03-10T16:52:23.390000+00:00,5376,25157.75,-0.9176983833312988,SELL,0.065,-0.918,+0.00,+22129.41,272129.41
2026-03-10T17:17:15.232000+00:00,5377,25186.0,-0.9334403276443481,SELL,0.016,-0.933,+0.00,+22129.41,272129.41
2026-03-10T17:33:42.337002+00:00,5378,25177.5,-0.9391950964927673,SELL,0.006,-0.939,+0.00,+22129.41,272129.41
2026-03-10T17:35:58.204000+00:00,5379,25139.75,-0.9453147053718567,SELL,0.006,-0.945,+0.00,+22129.41,272129.41
2026-03-10T17:37:16.275000+00:00,5380,25120.0,-0.9451920986175537,BUY,0.000,-0.945,+0.05,+22129.46,272129.46
2026-03-10T17:41:20.857000+00:00,5381,25142.25,-0.9585774540901184,SELL,0.013,-0.959,+0.00,+22129.46,272129.46
2026-03-10T17:48:05.268006+00:00,5382,25165.5,-0.9626467823982239,SELL,0.004,-0.963,+0.00,+22129.46,272129.46
2026-03-10T18:09:02.235000+00:00,5383,25147.75,-0.9663506746292114,SELL,0.004,-0.966,+0.00,+22129.46,272129.46
2026-03-10T18:13:51.169000+00:00,5384,25129.0,-0.9685884714126587,SELL,0.002,-0.969,+0.00,+22129.46,272129.46
2026-03-10T18:14:04.565000+00:00,5385,25093.0,-0.9705020189285278,SELL,0.002,-0.971,+0.00,+22129.46,272129.46
2026-03-10T18:14:42.457003+00:00,5386,25068.0,-0.9711096882820129,SELL,0.001,-0.971,+0.00,+22129.46,272129.46
2026-03-10T18:15:05.922017+00:00,5387,25028.0,-0.9717130661010742,SELL,0.001,-0.972,+0.00,+22129.46,272129.46
2026-03-10T18:15:27.090001+00:00,5388,25065.5,-0.9733471870422363,SELL,0.002,-0.973,+0.00,+22129.46,272129.46
2026-03-10T18:16:41.094000+00:00,5389,25046.25,-0.975080132484436,SELL,0.002,-0.975,+0.00,+22129.46,272129.46
2026-03-10T18:17:07.745000+00:00,5390,25020.25,-0.9684784412384033,BUY,0.007,-0.968,+3.43,+22132.89,272132.89
2026-03-10T18:18:18.271003+00:00,5391,25051.75,-0.9714735746383667,SELL,0.003,-0.971,+0.00,+22132.89,272132.89
2026-03-10T18:18:58.827000+00:00,5392,25018.0,-0.9638317227363586,BUY,0.008,-0.964,+5.16,+22138.05,272138.05
2026-03-10T18:20:36.065000+00:00,5393,25034.0,-0.9643502831459045,SELL,0.001,-0.964,+0.00,+22138.05,272138.05
2026-03-10T18:21:43.668000+00:00,5394,25009.75,-0.961277186870575,BUY,0.003,-0.961,+1.49,+22139.54,272139.54
2026-03-10T18:23:07.556014+00:00,5395,25027.75,-0.9660769701004028,SELL,0.005,-0.966,+0.00,+22139.54,272139.54
2026-03-10T18:24:48.649017+00:00,5396,25057.25,-0.9605855941772461,BUY,0.005,-0.961,-3.24,+22136.30,272136.30
2026-03-10T18:26:40.861001+00:00,5397,25068.0,-0.9740437865257263,SELL,0.013,-0.974,+0.00,+22136.30,272136.30
2026-03-10T18:29:48.906001+00:00,5398,25063.25,-0.9785470366477966,SELL,0.005,-0.979,+0.00,+22136.30,272136.30
2026-03-10T18:31:25.429000+00:00,5399,25088.0,-0.9822187423706055,SELL,0.004,-0.982,+0.00,+22136.30,272136.30
2026-03-10T18:35:09.248000+00:00,5400,25066.75,-0.9829373359680176,SELL,0.001,-0.983,+0.00,+22136.30,272136.30
2026-03-10T18:36:14.233003+00:00,5401,25034.25,-0.9846524596214294,SELL,0.002,-0.985,+0.00,+22136.30,272136.30
2026-03-10T18:36:36.199000+00:00,5402,25067.5,-0.987785279750824,SELL,0.003,-0.988,+0.00,+22136.30,272136.30
2026-03-10T18:37:53.351002+00:00,5403,25096.25,-0.9899541735649109,SELL,0.002,-0.990,+0.00,+22136.30,272136.30
2026-03-10T18:39:39.421000+00:00,5404,25057.25,-0.9899046421051025,BUY,0.000,-0.990,+0.04,+22136.34,272136.34
2026-03-10T18:42:52.317000+00:00,5405,25064.5,-0.9912416934967041,SELL,0.001,-0.991,+0.00,+22136.34,272136.34
2026-03-10T18:45:57.463000+00:00,5406,25030.25,-0.9909892678260803,BUY,0.000,-0.991,+0.17,+22136.51,272136.51
2026-03-10T18:50:42.053000+00:00,5407,25070.0,-0.9918871521949768,SELL,0.001,-0.992,+0.00,+22136.51,272136.51
2026-03-10T18:53:04.982000+00:00,5408,25045.0,-0.9917324185371399,BUY,0.000,-0.992,+0.08,+22136.59,272136.59
2026-03-10T19:00:56.009000+00:00,5409,25022.75,-0.9916977882385254,BUY,0.000,-0.992,+0.02,+22136.60,272136.60
2026-03-10T19:09:33.690003+00:00,5410,25049.75,-0.9928543567657471,SELL,0.001,-0.993,+0.00,+22136.60,272136.60
2026-03-10T19:15:12.562000+00:00,5411,25053.0,-0.9934242963790894,SELL,0.001,-0.993,+0.00,+22136.60,272136.60
2026-03-10T19:21:14.344004+00:00,5412,25032.5,-0.9933563470840454,BUY,0.000,-0.993,+0.03,+22136.63,272136.63
2026-03-10T19:23:09.789001+00:00,5413,25043.0,-0.9930678606033325,BUY,0.000,-0.993,-0.06,+22136.57,272136.57
2026-03-10T19:25:23.820000+00:00,5414,25018.0,-0.9917618036270142,BUY,0.001,-0.992,+0.65,+22137.22,272137.22
2026-03-10T19:27:08.473005+00:00,5415,24985.75,-0.9900159239768982,BUY,0.002,-0.990,+1.13,+22138.35,272138.35
2026-03-10T19:30:08.464000+00:00,5416,24976.0,-0.9878203868865967,BUY,0.002,-0.988,+0.43,+22138.78,272138.78
2026-03-10T19:36:04.577000+00:00,5417,24958.25,-0.9846357107162476,BUY,0.003,-0.985,+1.13,+22139.91,272139.91
2026-03-10T19:39:06.303000+00:00,5418,24997.75,-0.9823978543281555,BUY,0.002,-0.982,-1.77,+22138.14,272138.14
2026-03-10T19:40:34.286001+00:00,5419,24968.0,-0.9767297506332397,BUY,0.006,-0.977,+3.37,+22141.51,272141.51
2026-03-10T19:40:43.197022+00:00,5420,25007.25,-0.9730353951454163,BUY,0.004,-0.973,-2.90,+22138.61,272138.61
2026-03-10T19:41:46.888000+00:00,5421,24994.0,-0.9634128212928772,BUY,0.010,-0.963,+2.55,+22141.16,272141.16
2026-03-10T19:47:42.055002+00:00,5422,24976.75,-0.9590268135070801,BUY,0.004,-0.959,+1.51,+22142.68,272142.68
2026-03-10T19:55:04.156000+00:00,5423,24980.5,-0.9508811831474304,BUY,0.008,-0.951,-0.61,+22142.07,272142.07
2026-03-10T19:59:47.303093+00:00,5424,24986.0,-0.9567981362342834,SELL,0.006,-0.957,+0.00,+22142.07,272142.07
2026-03-10T20:12:18.927001+00:00,5425,25020.0,-0.9565474390983582,BUY,0.000,-0.957,-0.17,+22141.90,272141.90
2026-03-10T20:54:24.197000+00:00,5426,24999.0,-0.934441328048706,BUY,0.022,-0.934,+9.28,+22151.18,272151.18
2026-03-10T22:28:06.208001+00:00,5427,24978.5,-0.9158399701118469,BUY,0.019,-0.916,+7.63,+22158.81,272158.81
2026-03-10T23:22:10.445001+00:00,5428,24991.5,-0.8967825174331665,BUY,0.019,-0.897,-4.95,+22153.85,272153.85
2026-03-10T23:50:23.378000+00:00,5429,25015.0,-0.8983927369117737,SELL,0.002,-0.898,+0.00,+22153.85,272153.85
2026-03-11T00:09:30.892008+00:00,5430,25049.25,-0.9231709241867065,SELL,0.025,-0.923,+0.00,+22153.85,272153.85
2026-03-11T00:17:07.721002+00:00,5431,25075.0,-0.9123871922492981,BUY,0.011,-0.912,-5.55,+22148.30,272148.30
2026-03-11T01:42:14.213004+00:00,5432,25091.0,-0.8920274376869202,BUY,0.020,-0.892,-6.52,+22141.78,272141.78
2026-03-11T03:35:25.000076+00:00,5433,25114.25,-0.8615443110466003,BUY,0.030,-0.862,-14.17,+22127.61,272127.61
2026-03-11T05:06:18.006000+00:00,5434,25085.0,-0.8371989130973816,BUY,0.024,-0.837,+14.24,+22141.85,272141.85
2026-03-11T05:43:35.078003+00:00,5435,25047.25,-0.7539007067680359,BUY,0.083,-0.754,+62.89,+22204.74,272204.74
2026-03-11T06:26:44.365018+00:00,5436,25007.25,-0.7205861210823059,BUY,0.033,-0.721,+26.65,+22231.39,272231.39
2026-03-11T06:35:33.471000+00:00,5437,25047.0,-0.4180529713630676,BUY,0.303,-0.418,-240.51,+21990.88,271990.88
2026-03-11T07:05:48.777000+00:00,5438,25013.25,0.22990109026432037,BUY,0.648,0.230,+282.19,+22273.06,272273.06
2026-03-11T07:29:01.285001+00:00,5439,24998.75,0.461364209651947,BUY,0.231,0.461,+0.00,+22273.06,272273.06
2026-03-11T07:37:52.028015+00:00,5440,24968.75,0.7247130870819092,BUY,0.263,0.725,+0.00,+22273.06,272273.06
2026-03-11T07:51:00.808000+00:00,5441,24985.25,0.9119402170181274,BUY,0.187,0.912,+0.00,+22273.06,272273.06
2026-03-11T08:00:34.655000+00:00,5442,25025.0,0.9416564702987671,BUY,0.030,0.942,+0.00,+22273.06,272273.06
2026-03-11T08:33:27.769000+00:00,5443,25037.5,0.9722560048103333,BUY,0.031,0.972,+0.00,+22273.06,272273.06
2026-03-11T08:38:05.241004+00:00,5444,24997.5,0.9808943867683411,BUY,0.009,0.981,+0.00,+22273.06,272273.06
2026-03-11T08:49:12.305000+00:00,5445,24964.25,0.9857439398765564,BUY,0.005,0.986,+0.00,+22273.06,272273.06
2026-03-11T08:57:18.779000+00:00,5446,24935.0,0.9876292943954468,BUY,0.002,0.988,+0.00,+22273.06,272273.06
2026-03-11T08:57:41.865000+00:00,5447,24974.0,0.9863924980163574,SELL,0.001,0.986,+0.96,+22274.03,272274.03
2026-03-11T09:00:17.281000+00:00,5448,24958.25,0.9863468408584595,SELL,0.000,0.986,-0.01,+22274.01,272274.01
2026-03-11T09:23:06.292000+00:00,5449,24966.0,0.9601901769638062,SELL,0.026,0.960,+4.05,+22278.07,272278.07
2026-03-11T09:28:52.479000+00:00,5450,24930.0,0.9605453014373779,BUY,0.000,0.961,+0.00,+22278.07,272278.07
2026-03-11T09:56:36.492003+00:00,5451,24908.0,0.9730455875396729,BUY,0.013,0.973,+0.00,+22278.07,272278.07
2026-03-11T10:03:47.629000+00:00,5452,24936.25,0.9747520089149475,BUY,0.002,0.975,+0.00,+22278.07,272278.07
2026-03-11T10:14:28.270000+00:00,5453,24970.0,0.9698375463485718,SELL,0.005,0.970,+3.32,+22281.39,272281.39
2026-03-11T10:32:24.257000+00:00,5454,24998.0,0.959446907043457,SELL,0.010,0.959,+5.82,+22287.20,272287.20
2026-03-11T11:02:26.776002+00:00,5455,25032.75,0.9107955098152161,SELL,0.049,0.911,+33.81,+22321.02,272321.02
2026-03-11T11:20:07.309000+00:00,5456,25003.25,0.6335496306419373,SELL,0.277,0.634,-163.58,+22157.44,272157.44
2026-03-11T11:43:18.089000+00:00,5457,24967.75,0.24710826575756073,SELL,0.386,0.247,-274.37,+21883.07,271883.07
2026-03-11T11:50:06.067000+00:00,5458,24933.0,0.10628385096788406,SELL,0.141,0.106,-97.87,+21785.20,271785.20
2026-03-11T11:50:08.192001+00:00,5459,24968.25,-0.2312394082546234,SELL,0.338,-0.231,+74.93,+21860.13,271860.13
2026-03-11T11:50:29.301000+00:00,5460,24959.75,-0.29981037974357605,SELL,0.069,-0.300,+0.00,+21860.13,271860.13
2026-03-11T12:23:02.844001+00:00,5461,24978.75,-0.6253138780593872,SELL,0.326,-0.625,+0.00,+21860.13,271860.13
2026-03-11T12:29:41.975001+00:00,5462,24997.0,-0.6939221620559692,SELL,0.069,-0.694,+0.00,+21860.13,271860.13
2026-03-11T12:30:01.025019+00:00,5463,25024.0,-0.7018528580665588,SELL,0.008,-0.702,+0.00,+21860.13,271860.13
2026-03-11T12:30:06.844015+00:00,5464,25017.0,-0.6938188672065735,BUY,0.008,-0.694,+1.12,+21861.25,271861.25
2026-03-11T12:30:07.484005+00:00,5465,25026.0,-0.7021141648292542,SELL,0.008,-0.702,+0.00,+21861.25,271861.25
2026-03-11T12:30:09.661005+00:00,5466,24999.0,-0.679293692111969,BUY,0.023,-0.679,+12.32,+21873.57,271873.57
2026-03-11T12:32:40.492002+00:00,5467,24977.0,-0.6359029412269592,BUY,0.043,-0.636,+19.09,+21892.67,271892.67
2026-03-11T12:33:49.373001+00:00,5468,24942.5,-0.560165524482727,BUY,0.076,-0.560,+52.26,+21944.92,271944.92
2026-03-11T12:42:24.312011+00:00,5469,24928.25,-0.5281752347946167,BUY,0.032,-0.528,+9.12,+21954.04,271954.04
2026-03-11T12:55:31.968000+00:00,5470,24949.5,-0.5356158018112183,SELL,0.007,-0.536,+0.00,+21954.04,271954.04
2026-03-11T13:01:43.536003+00:00,5471,24975.25,-0.7290310263633728,SELL,0.193,-0.729,+0.00,+21954.04,271954.04
2026-03-11T13:21:52.280000+00:00,5472,25000.5,-0.7759780287742615,SELL,0.047,-0.776,+0.00,+21954.04,271954.04
2026-03-11T13:28:27.119000+00:00,5473,25032.0,-0.8427613973617554,SELL,0.067,-0.843,+0.00,+21954.04,271954.04
2026-03-11T13:30:03.011000+00:00,5474,25062.75,-0.8937058448791504,SELL,0.051,-0.894,+0.00,+21954.04,271954.04
2026-03-11T13:32:19.771000+00:00,5475,25093.25,-0.9162737131118774,SELL,0.023,-0.916,+0.00,+21954.04,271954.04
2026-03-11T13:39:11.650008+00:00,5476,25108.75,-0.9402799010276794,SELL,0.024,-0.940,+0.00,+21954.04,271954.04
2026-03-11T13:44:09.267000+00:00,5477,25075.25,-0.9601665735244751,SELL,0.020,-0.960,+0.00,+21954.04,271954.04
2026-03-11T13:47:27.322000+00:00,5478,25057.0,-0.9643834829330444,SELL,0.004,-0.964,+0.00,+21954.04,271954.04
2026-03-11T13:50:41.589004+00:00,5479,25035.0,-0.9650030732154846,SELL,0.001,-0.965,+0.00,+21954.04,271954.04
2026-03-11T13:53:03.269019+00:00,5480,25055.25,-0.9694334268569946,SELL,0.004,-0.969,+0.00,+21954.04,271954.04
2026-03-11T13:55:43.339022+00:00,5481,25037.5,-0.9693885445594788,BUY,0.000,-0.969,+0.02,+21954.06,271954.06
2026-03-11T13:58:48.245001+00:00,5482,25071.25,-0.9793586134910583,SELL,0.010,-0.979,+0.00,+21954.06,271954.06
2026-03-11T14:00:35.176000+00:00,5483,25110.5,-0.9678918719291687,BUY,0.011,-0.968,-9.00,+21945.06,271945.06
2026-03-11T14:00:47.510001+00:00,5484,25150.5,-0.9654386043548584,BUY,0.002,-0.965,-1.96,+21943.09,271943.09
2026-03-11T14:01:49.980000+00:00,5485,25140.0,-0.9652591347694397,BUY,0.000,-0.965,+0.04,+21943.13,271943.13
2026-03-11T14:03:09.270001+00:00,5486,25112.0,-0.9740987420082092,SELL,0.009,-0.974,+0.00,+21943.13,271943.13
2026-03-11T14:04:03.349000+00:00,5487,25126.0,-0.969937801361084,BUY,0.004,-0.970,-1.17,+21941.97,271941.97
2026-03-11T14:06:50.348000+00:00,5488,25109.25,-0.9676956534385681,BUY,0.002,-0.968,+0.75,+21942.72,271942.72
2026-03-11T14:08:15.826016+00:00,5489,25077.25,-0.9549617171287537,BUY,0.013,-0.955,+8.15,+21950.87,271950.87
2026-03-11T14:11:19.213000+00:00,5490,25067.75,-0.9401782155036926,BUY,0.015,-0.940,+2.81,+21953.68,271953.68
2026-03-11T14:13:36.596000+00:00,5491,25098.0,-0.9238311648368835,BUY,0.016,-0.924,-9.89,+21943.79,271943.79
2026-03-11T14:15:50.127003+00:00,5492,25073.0,-0.8920421004295349,BUY,0.032,-0.892,+15.89,+21959.68,271959.68
2026-03-11T14:18:55.875001+00:00,5493,25095.0,-0.8301030993461609,BUY,0.062,-0.830,-27.25,+21932.43,271932.43
2026-03-11T14:22:03.041000+00:00,5494,25070.25,-0.7630787491798401,BUY,0.067,-0.763,+33.18,+21965.60,271965.60
2026-03-11T14:23:53.546000+00:00,5495,25037.75,-0.6594518423080444,BUY,0.104,-0.659,+67.36,+22032.96,272032.96
2026-03-11T14:27:03.274008+00:00,5496,24997.75,-0.4884125888347626,BUY,0.171,-0.488,+136.83,+22169.79,272169.79
2026-03-11T14:29:22.565000+00:00,5497,25018.75,-0.2857761085033417,BUY,0.203,-0.286,-85.11,+22084.69,272084.69
2026-03-11T14:31:50.059000+00:00,5498,25005.0,-0.25743579864501953,BUY,0.028,-0.257,+7.79,+22092.48,272092.48
2026-03-11T14:34:01.352000+00:00,5499,24968.5,-0.23943911492824554,BUY,0.018,-0.239,+13.14,+22105.62,272105.62
2026-03-11T14:35:04.806001+00:00,5500,24998.25,-0.31195640563964844,SELL,0.073,-0.312,+0.00,+22105.62,272105.62
2026-03-11T14:37:18.402000+00:00,5501,25014.0,-0.19960448145866394,BUY,0.112,-0.200,-35.39,+22070.23,272070.23
2026-03-11T14:43:01.879009+00:00,5502,25036.5,-0.1147071123123169,BUY,0.085,-0.115,-38.20,+22032.02,272032.02
2026-03-11T14:48:05.588001+00:00,5503,25056.5,-0.070570208132267,BUY,0.044,-0.071,-17.65,+22014.37,272014.37
2026-03-11T14:58:26.570000+00:00,5504,25072.0,-0.05128888040781021,BUY,0.019,-0.051,-5.98,+22008.39,272008.39
2026-03-11T15:02:24.060001+00:00,5505,25050.0,-0.05060356482863426,BUY,0.001,-0.051,+0.30,+22008.69,272008.69
2026-03-11T15:04:56.587000+00:00,5506,25068.5,-0.02959413267672062,BUY,0.021,-0.030,-7.77,+22000.92,272000.92
2026-03-11T15:10:45.321000+00:00,5507,25036.0,-0.03398527950048447,SELL,0.004,-0.034,+0.00,+22000.92,272000.92
2026-03-11T15:12:37.898000+00:00,5508,25002.5,-0.042638737708330154,SELL,0.009,-0.043,+0.00,+22000.92,272000.92
2026-03-11T15:12:56.423006+00:00,5509,24962.5,-0.008960559964179993,BUY,0.034,-0.009,+26.94,+22027.86,272027.86
2026-03-11T15:14:19.714001+00:00,5510,24994.0,0.09022130817174911,BUY,0.099,0.090,-5.65,+22022.22,272022.22
2026-03-11T15:15:45.755000+00:00,5511,24964.0,0.2437630444765091,BUY,0.154,0.244,+0.00,+22022.22,272022.22
2026-03-11T15:20:44.679117+00:00,5512,24987.5,0.23280541598796844,SELL,0.011,0.233,+5.15,+22027.37,272027.37
2026-03-11T15:24:28.551002+00:00,5513,24994.0,0.432266503572464,BUY,0.199,0.432,+0.00,+22027.37,272027.37
2026-03-11T15:27:06.318003+00:00,5514,24978.5,0.6970058083534241,BUY,0.265,0.697,+0.00,+22027.37,272027.37
2026-03-11T15:29:48.939000+00:00,5515,24953.25,0.8322393298149109,BUY,0.135,0.832,+0.00,+22027.37,272027.37
2026-03-11T15:31:21.753000+00:00,5516,24913.25,0.9146233201026917,BUY,0.082,0.915,+0.00,+22027.37,272027.37
2026-03-11T15:34:15.268000+00:00,5517,24951.5,0.9457201957702637,BUY,0.031,0.946,+0.00,+22027.37,272027.37
2026-03-11T15:44:34.830000+00:00,5518,24923.25,0.9811536073684692,BUY,0.035,0.981,+0.00,+22027.37,272027.37
2026-03-11T15:50:35.096000+00:00,5519,24928.0,0.9862821698188782,BUY,0.005,0.986,+0.00,+22027.37,272027.37
2026-03-11T15:53:28.707000+00:00,5520,24959.5,0.9939228892326355,BUY,0.008,0.994,+0.00,+22027.37,272027.37
2026-03-11T16:00:14.047000+00:00,5521,24920.0,0.9972388744354248,BUY,0.003,0.997,+0.00,+22027.37,272027.37
2026-03-11T16:15:03.094000+00:00,5522,24937.75,0.9984087944030762,BUY,0.001,0.998,+0.00,+22027.37,272027.37
2026-03-11T16:23:03.594000+00:00,5523,24946.0,0.9987938404083252,BUY,0.000,0.999,+0.00,+22027.37,272027.37
2026-03-11T16:30:19.551000+00:00,5524,24961.5,0.9990733861923218,BUY,0.000,0.999,+0.00,+22027.37,272027.37
2026-03-11T16:34:13.884000+00:00,5525,24999.75,0.9992955327033997,BUY,0.000,0.999,+0.00,+22027.37,272027.37
2026-03-11T16:46:02.295001+00:00,5526,24967.0,0.9995595812797546,BUY,0.000,1.000,+0.00,+22027.37,272027.37
2026-03-11T16:58:50.750000+00:00,5527,25006.0,0.9996120929718018,BUY,0.000,1.000,+0.00,+22027.37,272027.37
2026-03-11T17:14:35.278000+00:00,5528,24986.25,0.9996746778488159,BUY,0.000,1.000,+0.00,+22027.37,272027.37
2026-03-11T17:25:12.335008+00:00,5529,25010.5,0.9997516870498657,BUY,0.000,1.000,+0.00,+22027.37,272027.37
2026-03-11T17:36:36.077000+00:00,5530,24981.25,0.9998186826705933,BUY,0.000,1.000,+0.00,+22027.37,272027.37
2026-03-11T17:37:12.417001+00:00,5531,24942.5,0.9998674988746643,BUY,0.000,1.000,+0.00,+22027.37,272027.37
2026-03-11T17:37:52.332000+00:00,5532,24909.5,0.9999330639839172,BUY,0.000,1.000,+0.00,+22027.37,272027.37
2026-03-11T17:39:12.656000+00:00,5533,24913.5,0.9999593496322632,BUY,0.000,1.000,+0.00,+22027.37,272027.37
2026-03-11T17:41:25.539000+00:00,5534,24908.0,0.9999771118164062,BUY,0.000,1.000,+0.00,+22027.37,272027.37
2026-03-11T17:44:44.918000+00:00,5535,24939.0,0.9999691843986511,SELL,0.000,1.000,+0.00,+22027.37,272027.37
2026-03-11T17:50:01.383000+00:00,5536,24956.25,0.999926745891571,SELL,0.000,1.000,+0.01,+22027.39,272027.39
2026-03-11T17:55:01.026002+00:00,5537,24944.75,0.9998949766159058,SELL,0.000,1.000,-0.01,+22027.38,272027.38
2026-03-11T18:09:09.067000+00:00,5538,24925.25,0.9998132586479187,SELL,0.000,1.000,-0.03,+22027.35,272027.35
2026-03-11T18:18:42.492000+00:00,5539,24929.0,0.9996563196182251,SELL,0.000,1.000,+0.01,+22027.36,272027.36
2026-03-11T18:27:35.259001+00:00,5540,24948.0,0.9994246363639832,SELL,0.000,0.999,+0.09,+22027.45,272027.45
2026-03-11T18:54:17.241016+00:00,5541,24970.0,0.9978289008140564,SELL,0.002,0.998,+0.70,+22028.15,272028.15
2026-03-11T19:02:10.004002+00:00,5542,24937.0,0.9919309616088867,SELL,0.006,0.992,-3.89,+22024.26,272024.26
2026-03-11T19:15:37.835001+00:00,5543,24914.75,0.977735161781311,SELL,0.014,0.978,-6.32,+22017.94,272017.94
2026-03-11T19:33:21.508001+00:00,5544,24953.5,0.8734776377677917,SELL,0.104,0.873,+80.80,+22098.74,272098.74
2026-03-11T19:40:23.103029+00:00,5545,24988.0,0.3680003583431244,SELL,0.505,0.368,+348.78,+22447.52,272447.52
2026-03-11T19:54:50.028000+00:00,5546,24995.0,-0.5215088129043579,SELL,0.890,-0.522,+51.52,+22499.04,272499.04
2026-03-11T20:01:03.146005+00:00,5547,24966.75,-0.5453807711601257,SELL,0.024,-0.545,+0.00,+22499.04,272499.04
2026-03-11T22:00:10.126001+00:00,5548,24931.5,-0.7544493079185486,SELL,0.209,-0.754,+0.00,+22499.04,272499.04
2026-03-11T22:06:55.811000+00:00,5549,24899.25,-0.7534281611442566,BUY,0.001,-0.753,+0.66,+22499.70,272499.70
2026-03-11T22:26:23.312003+00:00,5550,24866.75,-0.6974020004272461,BUY,0.056,-0.697,+36.42,+22536.11,272536.11
2026-03-11T22:28:32.478002+00:00,5551,24842.0,-0.7384631633758545,SELL,0.041,-0.738,+0.00,+22536.11,272536.11
2026-03-11T22:37:15.361002+00:00,5552,24830.5,-0.7294747233390808,BUY,0.009,-0.729,+2.07,+22538.18,272538.18
2026-03-11T23:09:33.012013+00:00,5553,24813.0,-0.6820662617683411,BUY,0.047,-0.682,+16.59,+22554.77,272554.77
2026-03-11T23:11:40.767001+00:00,5554,24827.25,-0.6366084814071655,BUY,0.045,-0.637,-12.96,+22541.82,272541.82
2026-03-11T23:25:32.856014+00:00,5555,24807.75,-0.5262512564659119,BUY,0.110,-0.526,+43.04,+22584.86,272584.86
2026-03-11T23:30:25.982038+00:00,5556,24782.25,-0.6423414349555969,SELL,0.116,-0.642,+0.00,+22584.86,272584.86
2026-03-11T23:44:12.679003+00:00,5557,24745.0,-0.599345326423645,BUY,0.043,-0.599,+32.03,+22616.89,272616.89
2026-03-11T23:50:42.857006+00:00,5558,24773.25,-0.603538990020752,SELL,0.004,-0.604,+0.00,+22616.89,272616.89
2026-03-12T00:06:09.856001+00:00,5559,24751.0,-0.4967651665210724,BUY,0.107,-0.497,+47.51,+22664.40,272664.40
2026-03-12T00:18:07.904001+00:00,5560,24780.0,-0.37157142162323,BUY,0.125,-0.372,-72.61,+22591.79,272591.79
2026-03-12T00:35:55.008004+00:00,5561,24796.5,-0.3295726180076599,BUY,0.042,-0.330,-13.86,+22577.93,272577.93
2026-03-12T01:22:39.046000+00:00,5562,24810.0,-0.32738423347473145,BUY,0.002,-0.327,-0.59,+22577.34,272577.34
2026-03-12T01:50:05.950001+00:00,5563,24802.25,-0.4689081311225891,SELL,0.142,-0.469,+0.00,+22577.34,272577.34
2026-03-12T02:21:34.341000+00:00,5564,24764.5,-0.5004693865776062,SELL,0.032,-0.500,+0.00,+22577.34,272577.34
2026-03-12T02:36:02.484001+00:00,5565,24725.25,-0.5941678285598755,SELL,0.094,-0.594,+0.00,+22577.34,272577.34
2026-03-12T03:06:02.555000+00:00,5566,24744.5,-0.6709216833114624,SELL,0.077,-0.671,+0.00,+22577.34,272577.34
2026-03-12T03:30:12.603000+00:00,5567,24718.25,-0.6113384962081909,BUY,0.060,-0.611,+31.28,+22608.62,272608.62
2026-03-12T04:02:13.429000+00:00,5568,24735.5,-0.6148307919502258,SELL,0.003,-0.615,+0.00,+22608.62,272608.62
2026-03-12T04:36:50.642001+00:00,5569,24712.0,-0.5775445699691772,BUY,0.037,-0.578,+17.52,+22626.15,272626.15
2026-03-12T05:02:52.364000+00:00,5570,24750.0,-0.6280890703201294,SELL,0.051,-0.628,+0.00,+22626.15,272626.15
2026-03-12T05:50:59.158000+00:00,5571,24737.25,-0.6825565099716187,SELL,0.054,-0.683,+0.00,+22626.15,272626.15
2026-03-12T05:59:45.591000+00:00,5572,24772.75,-0.8183212280273438,SELL,0.136,-0.818,+0.00,+22626.15,272626.15
2026-03-12T06:29:22.466003+00:00,5573,24786.5,-0.8333005309104919,SELL,0.015,-0.833,+0.00,+22626.15,272626.15
2026-03-12T07:00:58.780000+00:00,5574,24820.0,-0.8235772252082825,BUY,0.010,-0.824,-6.51,+22619.63,272619.63
2026-03-12T07:54:10.121001+00:00,5575,24849.0,-0.7717776894569397,BUY,0.052,-0.772,-30.04,+22589.59,272589.59
2026-03-12T08:01:02.518000+00:00,5576,24887.0,-0.768182635307312,BUY,0.004,-0.768,-2.73,+22586.86,272586.86
2026-03-12T08:28:27.748000+00:00,5577,24862.25,-0.7429390549659729,BUY,0.025,-0.743,+12.50,+22599.35,272599.35
2026-03-12T08:45:41.022000+00:00,5578,24876.75,-0.6662789583206177,BUY,0.077,-0.666,-22.23,+22577.12,272577.12
2026-03-12T09:06:53.116009+00:00,5579,24850.0,-0.6076549887657166,BUY,0.059,-0.608,+31.36,+22608.48,272608.48
2026-03-12T09:20:45.617001+00:00,5580,24818.5,-0.4908478856086731,BUY,0.117,-0.491,+73.59,+22682.07,272682.07
2026-03-12T09:27:05.409001+00:00,5581,24853.0,-0.421886146068573,BUY,0.069,-0.422,-47.58,+22634.49,272634.49
2026-03-12T09:40:00.029000+00:00,5582,24880.25,-0.48495495319366455,SELL,0.063,-0.485,+0.00,+22634.49,272634.49
2026-03-12T09:55:52.981002+00:00,5583,24918.25,-0.4239175319671631,BUY,0.061,-0.424,-46.39,+22588.10,272588.10
2026-03-12T10:26:37.640000+00:00,5584,24886.75,-0.3224121332168579,BUY,0.102,-0.322,+63.95,+22652.05,272652.05
2026-03-12T10:30:22.430001+00:00,5585,24922.0,-0.29518741369247437,BUY,0.027,-0.295,-19.19,+22632.86,272632.86
2026-03-12T10:40:53.940000+00:00,5586,24886.5,-0.1901891827583313,BUY,0.105,-0.190,+74.55,+22707.40,272707.40
2026-03-12T11:03:44.561004+00:00,5587,24866.5,-0.23518897593021393,SELL,0.045,-0.235,+0.00,+22707.40,272707.40
2026-03-12T11:30:16.628003+00:00,5588,24887.5,-0.318186491727829,SELL,0.083,-0.318,+0.00,+22707.40,272707.40
2026-03-12T11:43:15.350002+00:00,5589,24925.75,-0.522429883480072,SELL,0.204,-0.522,+0.00,+22707.40,272707.40
2026-03-12T11:50:19.458000+00:00,5590,24888.0,-0.6560804843902588,SELL,0.134,-0.656,+0.00,+22707.40,272707.40
2026-03-12T12:01:29.840000+00:00,5591,24848.25,-0.5835775136947632,BUY,0.073,-0.584,+57.64,+22765.04,272765.04
2026-03-12T12:07:05.969004+00:00,5592,24810.5,-0.5572641491889954,BUY,0.026,-0.557,+19.87,+22784.91,272784.91
2026-03-12T12:31:21.447000+00:00,5593,24807.0,-0.5848477482795715,SELL,0.028,-0.585,+0.00,+22784.91,272784.91
2026-03-12T13:03:01.829063+00:00,5594,24841.25,-0.6067642569541931,SELL,0.022,-0.607,+0.00,+22784.91,272784.91
2026-03-12T13:14:09.888000+00:00,5595,24812.75,-0.6563736200332642,SELL,0.050,-0.656,+0.00,+22784.91,272784.91
2026-03-12T13:15:59.210000+00:00,5596,24775.25,-0.5672588348388672,BUY,0.089,-0.567,+66.84,+22851.75,272851.75
2026-03-12T13:20:56.009003+00:00,5597,24773.25,-0.5605794787406921,BUY,0.007,-0.561,+0.27,+22852.01,272852.01
2026-03-12T13:24:57.109002+00:00,5598,24790.5,-0.6160221099853516,SELL,0.055,-0.616,+0.00,+22852.01,272852.01
2026-03-12T13:30:11.175000+00:00,5599,24806.0,-0.6685048937797546,SELL,0.052,-0.669,+0.00,+22852.01,272852.01
2026-03-12T13:30:19.607000+00:00,5600,24772.25,-0.5709272027015686,BUY,0.098,-0.571,+65.86,+22917.88,272917.88
2026-03-12T13:31:26.405001+00:00,5601,24757.75,-0.6144333481788635,SELL,0.044,-0.614,+0.00,+22917.88,272917.88
2026-03-12T13:32:31.528000+00:00,5602,24782.75,-0.4494471251964569,BUY,0.165,-0.449,-82.49,+22835.39,272835.39
2026-03-12T13:33:58.004000+00:00,5603,24795.75,-0.3937549591064453,BUY,0.056,-0.394,-14.48,+22820.91,272820.91
2026-03-12T13:38:16.895000+00:00,5604,24832.75,-0.5072277188301086,SELL,0.113,-0.507,+0.00,+22820.91,272820.91
2026-03-12T13:40:04.402040+00:00,5605,24794.5,-0.541754424571991,SELL,0.035,-0.542,+0.00,+22820.91,272820.91
2026-03-12T13:42:03.344000+00:00,5606,24788.5,-0.6630781292915344,SELL,0.121,-0.663,+0.00,+22820.91,272820.91
2026-03-12T13:45:01.929000+00:00,5607,24754.0,-0.6363053917884827,BUY,0.027,-0.636,+18.47,+22839.38,272839.38
2026-03-12T13:46:14.235001+00:00,5608,24715.5,-0.6014999747276306,BUY,0.035,-0.601,+26.80,+22866.18,272866.18
2026-03-12T13:47:11.975045+00:00,5609,24687.25,-0.6279646158218384,SELL,0.026,-0.628,+0.00,+22866.18,272866.18
2026-03-12T13:48:25.263003+00:00,5610,24716.25,-0.6676626801490784,SELL,0.040,-0.668,+0.00,+22866.18,272866.18
2026-03-12T13:50:02.277000+00:00,5611,24745.5,-0.6280083060264587,BUY,0.040,-0.628,-23.20,+22842.98,272842.98
2026-03-12T13:52:00.004000+00:00,5612,24727.25,-0.5678062438964844,BUY,0.060,-0.568,+21.97,+22864.95,272864.95
2026-03-12T13:53:08.387000+00:00,5613,24689.25,-0.4544820487499237,BUY,0.113,-0.454,+86.13,+22951.08,272951.08
2026-03-12T13:55:48.736000+00:00,5614,24651.75,-0.37681740522384644,BUY,0.078,-0.377,+58.25,+23009.33,273009.33
2026-03-12T14:00:01.073056+00:00,5615,24670.5,-0.3806106150150299,SELL,0.004,-0.381,+0.00,+23009.33,273009.33
2026-03-12T14:00:24.307020+00:00,5616,24703.0,-0.6260967254638672,SELL,0.245,-0.626,+0.00,+23009.33,273009.33
2026-03-12T14:01:57.476000+00:00,5617,24720.0,-0.6442852020263672,SELL,0.018,-0.644,+0.00,+23009.33,273009.33
2026-03-12T14:05:43.563000+00:00,5618,24707.5,-0.6708471775054932,SELL,0.027,-0.671,+0.00,+23009.33,273009.33
2026-03-12T14:12:41.273000+00:00,5619,24734.0,-0.7675539255142212,SELL,0.097,-0.768,+0.00,+23009.33,273009.33
2026-03-12T14:16:31.141001+00:00,5620,24707.5,-0.8240525126457214,SELL,0.056,-0.824,+0.00,+23009.33,273009.33
2026-03-12T14:19:01.362009+00:00,5621,24681.0,-0.8109735250473022,BUY,0.013,-0.811,+6.93,+23016.26,273016.26
2026-03-12T14:25:05.122000+00:00,5622,24698.0,-0.8287234902381897,SELL,0.018,-0.829,+0.00,+23016.26,273016.26
2026-03-12T14:27:32.677003+00:00,5623,24662.75,-0.8321135640144348,SELL,0.003,-0.832,+0.00,+23016.26,273016.26
2026-03-12T14:29:40.212081+00:00,5624,24627.0,-0.8297086358070374,BUY,0.002,-0.830,+1.72,+23017.98,273017.98
2026-03-12T14:36:04.381000+00:00,5625,24631.5,-0.8412676453590393,SELL,0.012,-0.841,+0.00,+23017.98,273017.98
2026-03-12T14:37:58.028000+00:00,5626,24592.25,-0.8442586064338684,SELL,0.003,-0.844,+0.00,+23017.98,273017.98
2026-03-12T14:39:11.108000+00:00,5627,24613.0,-0.83144611120224,BUY,0.013,-0.831,-5.32,+23012.66,273012.66
2026-03-12T14:43:50.544012+00:00,5628,24624.75,-0.8209314346313477,BUY,0.011,-0.821,-2.47,+23010.19,273010.19
2026-03-12T14:46:02.108000+00:00,5629,24659.25,-0.8139147162437439,BUY,0.007,-0.814,-4.84,+23005.35,273005.35
2026-03-12T14:46:07.977000+00:00,5630,24694.25,-0.8171645402908325,SELL,0.003,-0.817,+0.00,+23005.35,273005.35
2026-03-12T14:46:29.310010+00:00,5631,24713.5,-0.824608564376831,SELL,0.007,-0.825,+0.00,+23005.35,273005.35
2026-03-12T14:47:35.333014+00:00,5632,24680.0,-0.7817766070365906,BUY,0.043,-0.782,+28.70,+23034.05,273034.05
2026-03-12T14:48:59.723000+00:00,5633,24642.0,-0.7578567266464233,BUY,0.024,-0.758,+18.18,+23052.23,273052.23
2026-03-12T14:50:32.638023+00:00,5634,24602.0,-0.6405925750732422,BUY,0.117,-0.641,+93.81,+23146.04,273146.04
2026-03-12T14:55:11.900000+00:00,5635,24641.25,-0.8521703481674194,SELL,0.212,-0.852,+0.00,+23146.04,273146.04
2026-03-12T15:00:41.027065+00:00,5636,24605.75,-0.6449649930000305,BUY,0.207,-0.645,+147.12,+23293.16,273293.16
2026-03-12T15:02:41.713001+00:00,5637,24587.0,-0.5113641023635864,BUY,0.134,-0.511,+50.10,+23343.26,273343.26
2026-03-12T15:12:55.293000+00:00,5638,24579.0,-0.6012654900550842,SELL,0.090,-0.601,+0.00,+23343.26,273343.26
2026-03-12T15:23:17.419000+00:00,5639,24601.25,-0.8094678521156311,SELL,0.208,-0.809,+0.00,+23343.26,273343.26
2026-03-12T15:26:34.027001+00:00,5640,24624.0,-0.8984021544456482,SELL,0.089,-0.898,+0.00,+23343.26,273343.26
2026-03-12T15:34:42.911013+00:00,5641,24599.75,-0.8527973890304565,BUY,0.046,-0.853,+22.12,+23365.37,273365.37
2026-03-12T15:37:16.703001+00:00,5642,24579.25,-0.8009867668151855,BUY,0.052,-0.801,+21.24,+23386.62,273386.62
2026-03-12T15:38:40.150000+00:00,5643,24619.0,-0.8516524434089661,SELL,0.051,-0.852,+0.00,+23386.62,273386.62
2026-03-12T15:39:21.617000+00:00,5644,24645.25,-0.8989056348800659,SELL,0.047,-0.899,+0.00,+23386.62,273386.62
2026-03-12T15:39:42.288000+00:00,5645,24679.5,-0.9000559449195862,SELL,0.001,-0.900,+0.00,+23386.62,273386.62
2026-03-12T15:40:40.667000+00:00,5646,24658.0,-0.668316662311554,BUY,0.232,-0.668,+99.65,+23486.26,273486.26
2026-03-12T15:42:39.320001+00:00,5647,24685.0,-0.6860603094100952,SELL,0.018,-0.686,+0.00,+23486.26,273486.26
2026-03-12T15:46:32.921000+00:00,5648,24669.5,-0.7074345350265503,SELL,0.021,-0.707,+0.00,+23486.26,273486.26
2026-03-12T15:47:06.791000+00:00,5649,24631.5,-0.39555004239082336,BUY,0.312,-0.396,+237.03,+23723.30,273723.30
2026-03-12T15:48:22.290000+00:00,5650,24664.75,-0.46034643054008484,SELL,0.065,-0.460,+0.00,+23723.30,273723.30
2026-03-12T15:53:07.667013+00:00,5651,24677.25,-0.7427196502685547,SELL,0.282,-0.743,+0.00,+23723.30,273723.30
2026-03-12T15:58:33.949069+00:00,5652,24642.0,-0.836335301399231,SELL,0.094,-0.836,+0.00,+23723.30,273723.30
2026-03-12T16:01:28.187034+00:00,5653,24681.5,-0.8867124915122986,SELL,0.050,-0.887,+0.00,+23723.30,273723.30
2026-03-12T16:05:01.249002+00:00,5654,24693.5,-0.9136287569999695,SELL,0.027,-0.914,+0.00,+23723.30,273723.30
2026-03-12T16:07:19.552000+00:00,5655,24666.25,-0.9071349501609802,BUY,0.006,-0.907,+3.54,+23726.84,273726.84
2026-03-12T16:08:10.205015+00:00,5656,24634.0,-0.9030154943466187,BUY,0.004,-0.903,+2.66,+23729.49,273729.49
2026-03-12T16:09:10.564075+00:00,5657,24598.5,-0.8687670826911926,BUY,0.034,-0.869,+24.32,+23753.81,273753.81
2026-03-12T16:11:00.511000+00:00,5658,24628.0,-0.8656161427497864,BUY,0.003,-0.866,-1.86,+23751.95,273751.95
2026-03-12T16:14:21.081001+00:00,5659,24643.25,-0.8274620175361633,BUY,0.038,-0.827,-11.64,+23740.31,273740.31
2026-03-12T16:15:46.410004+00:00,5660,24681.0,-0.8509698510169983,SELL,0.024,-0.851,+0.00,+23740.31,273740.31
2026-03-12T16:21:01.440000+00:00,5661,24703.0,-0.8880749344825745,SELL,0.037,-0.888,+0.00,+23740.31,273740.31
2026-03-12T16:24:29.970020+00:00,5662,24695.25,-0.9141917824745178,SELL,0.026,-0.914,+0.00,+23740.31,273740.31
2026-03-12T16:26:14.290000+00:00,5663,24659.25,-0.9308720231056213,SELL,0.017,-0.931,+0.00,+23740.31,273740.31
2026-03-12T16:33:35.709000+00:00,5664,24671.0,-0.9552152156829834,SELL,0.024,-0.955,+0.00,+23740.31,273740.31
2026-03-12T16:38:54.685000+00:00,5665,24707.25,-0.9527484774589539,BUY,0.002,-0.953,-1.79,+23738.52,273738.52
2026-03-12T16:45:50.850000+00:00,5666,24676.0,-0.953586757183075,SELL,0.001,-0.954,+0.00,+23738.52,273738.52
2026-03-12T16:46:38.133000+00:00,5667,24636.0,-0.9548314809799194,SELL,0.001,-0.955,+0.00,+23738.52,273738.52
2026-03-12T16:49:40.692000+00:00,5668,24664.0,-0.9467672109603882,BUY,0.008,-0.947,-4.52,+23734.01,273734.01
2026-03-12T16:53:36.120000+00:00,5669,24638.75,-0.943091630935669,BUY,0.004,-0.943,+1.86,+23735.86,273735.86
2026-03-12T17:00:06.872000+00:00,5670,24668.25,-0.9414283633232117,BUY,0.002,-0.941,-0.98,+23734.88,273734.88
2026-03-12T17:04:09.810004+00:00,5671,24696.5,-0.9334349036216736,BUY,0.008,-0.933,-4.52,+23730.37,273730.37
2026-03-12T17:09:10.556000+00:00,5672,24684.0,-0.9283723831176758,BUY,0.005,-0.928,+1.27,+23731.63,273731.63
2026-03-12T17:15:03.542000+00:00,5673,24655.75,-0.8973664045333862,BUY,0.031,-0.897,+17.52,+23749.15,273749.15
2026-03-12T17:20:04.303000+00:00,5674,24632.0,-0.8547011613845825,BUY,0.043,-0.855,+20.27,+23769.42,273769.42
2026-03-12T17:22:36.990000+00:00,5675,24670.5,-0.8540850281715393,BUY,0.001,-0.854,-0.47,+23768.94,273768.94
2026-03-12T17:28:59.932000+00:00,5676,24648.5,-0.8536036610603333,BUY,0.000,-0.854,+0.21,+23769.15,273769.15
2026-03-12T17:35:45.773000+00:00,5677,24682.75,-0.8347048163414001,BUY,0.019,-0.835,-12.95,+23756.21,273756.21
2026-03-12T17:42:14.606000+00:00,5678,24652.0,-0.8709828853607178,SELL,0.036,-0.871,+0.00,+23756.21,273756.21
2026-03-12T17:46:04.441000+00:00,5679,24621.0,-0.8645347356796265,BUY,0.006,-0.865,+4.00,+23760.21,273760.21
2026-03-12T17:55:05.396009+00:00,5680,24616.75,-0.8310887217521667,BUY,0.033,-0.831,+2.84,+23763.05,273763.05
2026-03-12T17:59:00.904002+00:00,5681,24625.25,-0.7733765244483948,BUY,0.058,-0.773,-9.81,+23753.24,273753.24
2026-03-12T18:02:07.580009+00:00,5682,24658.75,-0.6704279184341431,BUY,0.103,-0.670,-68.98,+23684.26,273684.26
2026-03-12T18:08:06.157005+00:00,5683,24665.5,-0.5870445370674133,BUY,0.083,-0.587,-11.26,+23673.01,273673.01
2026-03-12T18:20:01.454000+00:00,5684,24631.5,-0.4486539363861084,BUY,0.138,-0.449,+94.11,+23767.11,273767.11
2026-03-12T18:36:31.098023+00:00,5685,24606.5,-0.264102041721344,BUY,0.185,-0.264,+92.28,+23859.39,273859.39
2026-03-12T19:02:14.513000+00:00,5686,24590.5,-0.14084748923778534,BUY,0.123,-0.141,+39.44,+23898.83,273898.83
2026-03-12T19:11:51.431008+00:00,5687,24578.75,-0.27275243401527405,SELL,0.132,-0.273,+0.00,+23898.83,273898.83
2026-03-12T19:18:43.605012+00:00,5688,24610.0,-0.5057935118675232,SELL,0.233,-0.506,+0.00,+23898.83,273898.83
2026-03-12T19:32:45.851000+00:00,5689,24636.0,-0.3442387580871582,BUY,0.162,-0.344,-84.01,+23814.82,273814.82
2026-03-12T19:36:09.444000+00:00,5690,24603.0,-0.27663132548332214,BUY,0.068,-0.277,+44.62,+23859.44,273859.44
2026-03-12T19:40:52.137000+00:00,5691,24586.5,-0.3970237970352173,SELL,0.120,-0.397,+0.00,+23859.44,273859.44
2026-03-12T19:54:10.054001+00:00,5692,24553.25,-0.5088528990745544,SELL,0.112,-0.509,+0.00,+23859.44,273859.44
2026-03-12T19:57:40.924002+00:00,5693,24544.25,-0.5088547468185425,SELL,0.000,-0.509,+0.00,+23859.44,273859.44
2026-03-12T20:10:54.564013+00:00,5694,24534.0,-0.3929714262485504,BUY,0.116,-0.393,+23.76,+23883.20,273883.20
2026-03-12T20:28:05.276061+00:00,5695,24557.75,-0.45437100529670715,SELL,0.061,-0.454,+0.00,+23883.20,273883.20
2026-03-12T22:01:30.833000+00:00,5696,24542.0,-0.6623689532279968,SELL,0.208,-0.662,+0.00,+23883.20,273883.20
2026-03-12T22:07:07.151004+00:00,5697,24580.0,-0.7792791724205017,SELL,0.117,-0.779,+0.00,+23883.20,273883.20
2026-03-12T22:17:35.297001+00:00,5698,24546.75,-0.759181559085846,BUY,0.020,-0.759,+13.36,+23896.56,273896.56
2026-03-12T22:28:41.788001+00:00,5699,24581.75,-0.8300859332084656,SELL,0.071,-0.830,+0.00,+23896.56,273896.56
2026-03-12T23:05:22.016004+00:00,5700,24610.5,-0.8530846834182739,SELL,0.023,-0.853,+0.00,+23896.56,273896.56
2026-03-12T23:16:59.192000+00:00,5701,24573.5,-0.8477036952972412,BUY,0.005,-0.848,+3.98,+23900.54,273900.54
2026-03-12T23:46:13.162005+00:00,5702,24546.75,-0.8174761533737183,BUY,0.030,-0.817,+16.17,+23916.72,273916.72
2026-03-13T00:00:03.737026+00:00,5703,24515.5,-0.534145712852478,BUY,0.283,-0.534,+177.08,+24093.80,274093.80
2026-03-13T00:09:13.860001+00:00,5704,24531.25,0.015090150758624077,BUY,0.549,0.015,-168.26,+23925.54,273925.54
2026-03-13T00:13:00.030003+00:00,5705,24571.25,0.47619640827178955,BUY,0.461,0.476,+0.00,+23925.54,273925.54
2026-03-13T00:16:39.487001+00:00,5706,24607.25,0.38682276010513306,SELL,0.089,0.387,+64.35,+23989.89,273989.89
2026-03-13T00:35:11.055006+00:00,5707,24640.25,0.5520499348640442,BUY,0.165,0.552,+0.00,+23989.89,273989.89
2026-03-13T01:01:39.549007+00:00,5708,24645.25,0.41866400837898254,SELL,0.133,0.419,+13.34,+24003.23,274003.23
2026-03-13T01:52:57.780001+00:00,5709,24622.25,0.4159795045852661,SELL,0.003,0.416,-1.23,+24001.99,274001.99
2026-03-13T02:43:06.648000+00:00,5710,24611.25,0.39543724060058594,SELL,0.021,0.395,-4.52,+23997.48,273997.48
2026-03-13T03:46:44.279013+00:00,5711,24622.0,0.4227345287799835,BUY,0.027,0.423,+0.00,+23997.48,273997.48
2026-03-13T04:22:12.386000+00:00,5712,24589.0,0.7431198954582214,BUY,0.320,0.743,+0.00,+23997.48,273997.48
2026-03-13T05:33:56.214007+00:00,5713,24593.5,0.6164706349372864,SELL,0.127,0.616,+11.40,+24008.87,274008.87
2026-03-13T06:25:03.846002+00:00,5714,24559.25,0.5208344459533691,SELL,0.096,0.521,-65.51,+23943.36,273943.36
2026-03-13T06:37:35.762000+00:00,5715,24523.0,0.7271857857704163,BUY,0.206,0.727,+0.00,+23943.36,273943.36
2026-03-13T06:46:04.422006+00:00,5716,24504.5,0.7304812073707581,BUY,0.003,0.730,+0.00,+23943.36,273943.36
2026-03-13T06:54:54.897005+00:00,5717,24481.5,0.745378315448761,BUY,0.015,0.745,+0.00,+23943.36,273943.36
2026-03-13T07:04:52.175000+00:00,5718,24453.75,0.7258167266845703,SELL,0.020,0.726,-10.86,+23932.51,273932.51
2026-03-13T07:16:10.696000+00:00,5719,24418.5,0.9489420056343079,BUY,0.223,0.949,+0.00,+23932.51,273932.51
2026-03-13T07:28:08.347000+00:00,5720,24450.5,0.9516406059265137,BUY,0.003,0.952,+0.00,+23932.51,273932.51
2026-03-13T07:54:55.265000+00:00,5721,24435.5,0.9843485951423645,BUY,0.033,0.984,+0.00,+23932.51,273932.51
2026-03-13T08:04:44.304000+00:00,5722,24419.25,0.9858697056770325,BUY,0.002,0.986,+0.00,+23932.51,273932.51
2026-03-13T08:30:16.700003+00:00,5723,24437.0,0.9823381304740906,SELL,0.004,0.982,+1.25,+23933.76,273933.76
2026-03-13T08:38:31.509003+00:00,5724,24464.0,0.9694671630859375,SELL,0.013,0.969,+6.95,+23940.71,273940.71
2026-03-13T08:50:32.620000+00:00,5725,24496.5,0.9770210385322571,BUY,0.008,0.977,+0.00,+23940.71,273940.71
2026-03-13T09:00:15.071000+00:00,5726,24531.75,0.9401151537895203,SELL,0.037,0.940,+26.02,+23966.73,273966.73
2026-03-13T09:02:52.858000+00:00,5727,24561.5,0.9742727875709534,BUY,0.034,0.974,+0.00,+23966.73,273966.73
2026-03-13T09:06:40.201004+00:00,5728,24534.25,0.9808759093284607,BUY,0.007,0.981,+0.00,+23966.73,273966.73
2026-03-13T09:51:49.094000+00:00,5729,24548.5,0.8462213277816772,SELL,0.135,0.846,+38.38,+24005.11,274005.11
2026-03-13T10:02:56.910000+00:00,5730,24565.5,0.35579434037208557,SELL,0.490,0.356,+166.75,+24171.85,274171.85
2026-03-13T10:13:04.669000+00:00,5731,24594.0,-0.8990485668182373,SELL,1.255,-0.899,+202.80,+24374.65,274374.65
2026-03-13T10:30:42.012000+00:00,5732,24573.25,-0.917241632938385,SELL,0.018,-0.917,+0.00,+24374.65,274374.65
2026-03-13T10:48:44.165002+00:00,5733,24608.75,-0.957668125629425,SELL,0.040,-0.958,+0.00,+24374.65,274374.65
2026-03-13T11:03:13.202015+00:00,5734,24636.25,-0.9635894298553467,SELL,0.006,-0.964,+0.00,+24374.65,274374.65
2026-03-13T11:10:36.838001+00:00,5735,24605.5,-0.9424816966056824,BUY,0.021,-0.942,+12.98,+24387.63,274387.63
2026-03-13T11:26:03.717005+00:00,5736,24642.0,-0.9426360130310059,SELL,0.000,-0.943,+0.00,+24387.63,274387.63
2026-03-13T11:53:22.569023+00:00,5737,24660.25,-0.9450886845588684,SELL,0.002,-0.945,+0.00,+24387.63,274387.63
2026-03-13T12:11:07.373000+00:00,5738,24636.5,-0.9432355165481567,BUY,0.002,-0.943,+0.88,+24388.51,274388.51
2026-03-13T12:30:30.717001+00:00,5739,24671.5,-0.9420868158340454,BUY,0.001,-0.942,-0.80,+24387.71,274387.71
2026-03-13T12:38:01.878000+00:00,5740,24640.0,-0.9384831190109253,BUY,0.004,-0.938,+2.27,+24389.98,274389.98
2026-03-13T12:45:08.361003+00:00,5741,24674.0,-0.9399617314338684,SELL,0.001,-0.940,+0.00,+24389.98,274389.98
2026-03-13T12:45:17.054000+00:00,5742,24713.25,-0.9478788375854492,SELL,0.008,-0.948,+0.00,+24389.98,274389.98
2026-03-13T12:46:07.757008+00:00,5743,24733.5,-0.9499473571777344,SELL,0.002,-0.950,+0.00,+24389.98,274389.98
2026-03-13T12:47:11.346005+00:00,5744,24698.0,-0.9487041234970093,BUY,0.001,-0.949,+0.88,+24390.86,274390.86
2026-03-13T12:54:10.456000+00:00,5745,24662.5,-0.9461376667022705,BUY,0.003,-0.946,+1.82,+24392.69,274392.69
2026-03-13T13:03:54.513010+00:00,5746,24651.0,-0.9471924304962158,SELL,0.001,-0.947,+0.00,+24392.69,274392.69
2026-03-13T13:19:49.571009+00:00,5747,24682.75,-0.9525733590126038,SELL,0.005,-0.953,+0.00,+24392.69,274392.69
2026-03-13T13:29:18.983000+00:00,5748,24644.25,-0.9496366381645203,BUY,0.003,-0.950,+2.26,+24394.95,274394.95
2026-03-13T13:30:06.975001+00:00,5749,24676.25,-0.9422529339790344,BUY,0.007,-0.942,-4.73,+24390.22,274390.22
2026-03-13T13:30:29.897000+00:00,5750,24647.0,-0.9420662522315979,BUY,0.000,-0.942,+0.11,+24390.33,274390.33
2026-03-13T13:33:22.845058+00:00,5751,24683.75,-0.9432849287986755,SELL,0.001,-0.943,+0.00,+24390.33,274390.33
2026-03-13T13:33:57.551001+00:00,5752,24661.25,-0.9271862506866455,BUY,0.016,-0.927,+7.24,+24397.58,274397.58
2026-03-13T13:35:35.991000+00:00,5753,24636.25,-0.9323898553848267,SELL,0.005,-0.932,+0.00,+24397.58,274397.58
2026-03-13T13:37:17.598001+00:00,5754,24651.0,-0.682385265827179,BUY,0.250,-0.682,-73.75,+24323.82,274323.82
2026-03-13T13:39:01.853003+00:00,5755,24683.25,0.45470529794692993,BUY,1.137,0.455,-440.14,+23883.69,273883.69
2026-03-13T13:42:07.171000+00:00,5756,24706.25,0.9351973533630371,BUY,0.480,0.935,+0.00,+23883.69,273883.69
2026-03-13T13:43:45.466015+00:00,5757,24746.0,0.975825846195221,BUY,0.041,0.976,+0.00,+23883.69,273883.69
2026-03-13T13:45:47.058008+00:00,5758,24779.0,0.9784727692604065,BUY,0.003,0.978,+0.00,+23883.69,273883.69
2026-03-13T13:48:47.256000+00:00,5759,24765.25,0.993666410446167,BUY,0.015,0.994,+0.00,+23883.69,273883.69
2026-03-13T13:53:54.469004+00:00,5760,24774.75,0.9958726763725281,BUY,0.002,0.996,+0.00,+23883.69,273883.69
2026-03-13T13:56:14.241000+00:00,5761,24756.75,0.9979655742645264,BUY,0.002,0.998,+0.00,+23883.69,273883.69
2026-03-13T13:57:52.586000+00:00,5762,24735.75,0.9989933967590332,BUY,0.001,0.999,+0.00,+23883.69,273883.69
2026-03-13T14:00:28.016001+00:00,5763,24761.0,0.9994616508483887,BUY,0.000,0.999,+0.00,+23883.69,273883.69
2026-03-13T14:02:09.870000+00:00,5764,24725.0,0.9997658133506775,BUY,0.000,1.000,+0.00,+23883.69,273883.69
2026-03-13T14:03:13.122001+00:00,5765,24694.25,0.9998610615730286,BUY,0.000,1.000,+0.00,+23883.69,273883.69
2026-03-13T14:05:21.876036+00:00,5766,24734.0,0.9998522996902466,SELL,0.000,1.000,+0.01,+23883.69,273883.69
2026-03-13T14:06:01.644001+00:00,5767,24699.25,0.9999132752418518,BUY,0.000,1.000,+0.00,+23883.69,273883.69
2026-03-13T14:08:11.261000+00:00,5768,24686.75,0.9999222159385681,BUY,0.000,1.000,+0.00,+23883.69,273883.69
2026-03-13T14:11:03.638000+00:00,5769,24665.0,0.9999540448188782,BUY,0.000,1.000,+0.00,+23883.69,273883.69
2026-03-13T14:17:34.772003+00:00,5770,24647.0,0.999958872795105,BUY,0.000,1.000,+0.00,+23883.69,273883.69
2026-03-13T14:20:04.591000+00:00,5771,24674.0,0.9999421834945679,SELL,0.000,1.000,+0.01,+23883.70,273883.70
2026-03-13T14:27:27.338000+00:00,5772,24693.75,0.9999223351478577,SELL,0.000,1.000,+0.01,+23883.71,273883.71
2026-03-13T14:28:08.157005+00:00,5773,24663.25,0.9999259114265442,BUY,0.000,1.000,+0.00,+23883.71,273883.71
2026-03-13T14:30:56.319002+00:00,5774,24700.25,0.9998914003372192,SELL,0.000,1.000,+0.03,+23883.73,273883.73
2026-03-13T14:34:12.388005+00:00,5775,24688.25,0.9998399019241333,SELL,0.000,1.000,-0.01,+23883.72,273883.72
2026-03-13T14:35:45.069000+00:00,5776,24652.5,0.9998538494110107,BUY,0.000,1.000,+0.00,+23883.72,273883.72
2026-03-13T14:37:29.338001+00:00,5777,24679.25,0.9998218417167664,SELL,0.000,1.000,+0.02,+23883.74,273883.74
2026-03-13T14:40:30.619003+00:00,5778,24645.75,0.9996765851974487,SELL,0.000,1.000,-0.10,+23883.64,273883.64
2026-03-13T14:42:32.444000+00:00,5779,24606.5,0.9996826648712158,BUY,0.000,1.000,+0.00,+23883.64,273883.64
2026-03-13T14:45:00.895000+00:00,5780,24591.0,0.9996767044067383,SELL,0.000,1.000,-0.00,+23883.64,273883.64
2026-03-13T14:46:51.585001+00:00,5781,24558.0,0.9996034502983093,SELL,0.000,1.000,-0.05,+23883.59,273883.59
2026-03-13T14:50:04.508000+00:00,5782,24585.75,0.9995356798171997,SELL,0.000,1.000,+0.04,+23883.63,273883.63
2026-03-13T14:52:03.513000+00:00,5783,24557.25,0.9994126558303833,SELL,0.000,0.999,-0.07,+23883.56,273883.56
2026-03-13T14:55:45.457006+00:00,5784,24532.5,0.9992961287498474,SELL,0.000,0.999,-0.06,+23883.50,273883.50
2026-03-13T14:56:53.605040+00:00,5785,24495.5,0.9994783401489258,BUY,0.000,0.999,+0.00,+23883.50,273883.50
2026-03-13T15:00:57.795000+00:00,5786,24473.0,0.9995803236961365,BUY,0.000,1.000,+0.00,+23883.50,273883.50
2026-03-13T15:05:06.192000+00:00,5787,24502.5,0.9995108246803284,SELL,0.000,1.000,+0.04,+23883.54,273883.54
2026-03-13T15:08:35.829002+00:00,5788,24512.75,0.9995169043540955,BUY,0.000,1.000,+0.00,+23883.54,273883.54
2026-03-13T15:12:30.621035+00:00,5789,24550.25,0.999281108379364,SELL,0.000,0.999,+0.18,+23883.72,273883.72
2026-03-13T15:18:10.229000+00:00,5790,24529.25,0.9990662932395935,SELL,0.000,0.999,-0.09,+23883.63,273883.63
2026-03-13T15:23:38.083000+00:00,5791,24508.0,0.9982503652572632,SELL,0.001,0.998,-0.35,+23883.28,273883.28
2026-03-13T15:25:22.547000+00:00,5792,24475.5,0.998390793800354,BUY,0.000,0.998,+0.00,+23883.28,273883.28
2026-03-13T15:34:24.663000+00:00,5793,24495.25,0.9969564080238342,SELL,0.001,0.997,+0.57,+23883.85,273883.85
2026-03-13T15:36:23.235002+00:00,5794,24456.0,0.9972772598266602,BUY,0.000,0.997,+0.00,+23883.85,273883.85
2026-03-13T15:39:01.744000+00:00,5795,24480.75,0.9967418909072876,SELL,0.001,0.997,+0.27,+23884.11,273884.11
2026-03-13T15:41:23.625000+00:00,5796,24442.0,0.9965884685516357,SELL,0.000,0.997,-0.12,+23884.00,273884.00
2026-03-13T15:44:10.022053+00:00,5797,24403.0,0.9962949752807617,SELL,0.000,0.996,-0.23,+23883.77,273883.77
2026-03-13T15:47:00.520003+00:00,5798,24435.5,0.9956873655319214,SELL,0.001,0.996,+0.39,+23884.16,273884.16
2026-03-13T15:47:20.218000+00:00,5799,24466.25,0.9953545331954956,SELL,0.000,0.995,+0.20,+23884.37,273884.37
2026-03-13T15:48:57.060000+00:00,5800,24436.0,0.994032621383667,SELL,0.001,0.994,-0.80,+23883.57,273883.57
2026-03-13T15:52:15.447000+00:00,5801,24410.75,0.9939932227134705,SELL,0.000,0.994,-0.02,+23883.55,273883.55
2026-03-13T16:00:37.276053+00:00,5802,24431.75,0.9859651923179626,SELL,0.008,0.986,+3.37,+23886.92,273886.92
2026-03-13T16:07:29.849000+00:00,5803,24454.25,0.9010381102561951,SELL,0.085,0.901,+38.22,+23925.14,273925.14
2026-03-13T16:13:40.177000+00:00,5804,24435.0,0.4652169644832611,SELL,0.436,0.465,-167.79,+23757.34,273757.34
2026-03-13T16:15:07.529000+00:00,5805,24448.5,-0.6078056693077087,SELL,1.073,-0.608,+125.61,+23882.95,273882.95
2026-03-13T16:22:01.329000+00:00,5806,24457.25,-0.8531047105789185,SELL,0.245,-0.853,+0.00,+23882.95,273882.95
2026-03-13T16:26:15.607000+00:00,5807,24422.75,-0.8779307007789612,SELL,0.025,-0.878,+0.00,+23882.95,273882.95
2026-03-13T16:28:41.278000+00:00,5808,24451.75,-0.9009333848953247,SELL,0.023,-0.901,+0.00,+23882.95,273882.95
2026-03-13T16:36:33.749000+00:00,5809,24476.25,-0.9203931093215942,SELL,0.019,-0.920,+0.00,+23882.95,273882.95
2026-03-13T16:39:25.839000+00:00,5810,24448.5,-0.9297707080841064,SELL,0.009,-0.930,+0.00,+23882.95,273882.95
2026-03-13T16:44:21.544000+00:00,5811,24430.5,-0.9304965734481812,SELL,0.001,-0.930,+0.00,+23882.95,273882.95
2026-03-13T16:46:59.316000+00:00,5812,24407.25,-0.922893226146698,BUY,0.008,-0.923,+3.54,+23886.49,273886.49
2026-03-13T16:50:22.120002+00:00,5813,24440.25,-0.927784264087677,SELL,0.005,-0.928,+0.00,+23886.49,273886.49
2026-03-13T16:56:13.350000+00:00,5814,24433.25,-0.9267093539237976,BUY,0.001,-0.927,+0.15,+23886.64,273886.64
2026-03-13T16:59:03.892000+00:00,5815,24404.0,-0.9279832243919373,SELL,0.001,-0.928,+0.00,+23886.64,273886.64
2026-03-13T17:08:19.955000+00:00,5816,24422.0,-0.9284284114837646,SELL,0.000,-0.928,+0.00,+23886.64,273886.64
2026-03-13T17:12:39.381000+00:00,5817,24442.0,-0.9233388900756836,BUY,0.005,-0.923,-2.04,+23884.60,273884.60
2026-03-13T17:22:18.594000+00:00,5818,24433.75,-0.9381720423698425,SELL,0.015,-0.938,+0.00,+23884.60,273884.60
2026-03-13T17:29:23.556000+00:00,5819,24460.0,-0.907817006111145,BUY,0.030,-0.908,-15.94,+23868.67,273868.67
2026-03-13T17:41:34.152000+00:00,5820,24421.0,-0.8987682461738586,BUY,0.009,-0.899,+7.06,+23875.72,273875.72
2026-03-13T17:46:59.119000+00:00,5821,24396.25,-0.8771136403083801,BUY,0.022,-0.877,+10.72,+23886.44,273886.44
2026-03-13T17:50:15.210000+00:00,5822,24357.25,-0.8649043440818787,BUY,0.012,-0.865,+9.52,+23895.97,273895.97
2026-03-13T17:55:52.689018+00:00,5823,24393.0,-0.8456921577453613,BUY,0.019,-0.846,-13.74,+23882.23,273882.23
2026-03-13T18:11:24.860000+00:00,5824,24402.5,-0.8621065616607666,SELL,0.016,-0.862,+0.00,+23882.23,273882.23
2026-03-13T18:20:19.441002+00:00,5825,24375.75,-0.8344769477844238,BUY,0.028,-0.834,+14.78,+23897.01,273897.01
2026-03-13T18:29:08.502013+00:00,5826,24407.25,-0.8232602477073669,BUY,0.011,-0.823,-7.07,+23889.95,273889.95
2026-03-13T18:32:44.753002+00:00,5827,24438.5,-0.8182279467582703,BUY,0.005,-0.818,-3.15,+23886.80,273886.80
2026-03-13T18:47:07.047003+00:00,5828,24463.75,-0.8844727873802185,SELL,0.066,-0.884,+0.00,+23886.80,273886.80
2026-03-13T19:01:43.254016+00:00,5829,24432.5,-0.8806754350662231,BUY,0.004,-0.881,+2.37,+23889.17,273889.17
2026-03-13T19:20:52.343002+00:00,5830,24402.75,-0.8806062340736389,BUY,0.000,-0.881,+0.04,+23889.21,273889.21
2026-03-13T19:39:17.698000+00:00,5831,24362.75,-0.8586082458496094,BUY,0.022,-0.859,+17.60,+23906.81,273906.81
2026-03-13T19:54:10.067002+00:00,5832,24390.5,-0.8548933267593384,BUY,0.004,-0.855,-2.06,+23904.75,273904.75
2026-03-13T20:02:55.984010+00:00,5833,24364.0,-0.8179497718811035,BUY,0.037,-0.818,+19.58,+23924.33,273924.33
2026-03-13T20:52:29.291000+00:00,5834,24343.5,-0.7438154220581055,BUY,0.074,-0.744,+30.40,+23954.73,273954.73
2026-03-15T22:00:00+00:00,5835,24303.5,-0.4952529966831207,BUY,0.249,-0.495,+198.85,+24153.58,274153.58
2026-03-15T22:00:00.155001+00:00,5836,24320.0,-0.5274537205696106,SELL,0.032,-0.527,+0.00,+24153.58,274153.58
2026-03-15T22:00:00.334000+00:00,5837,24286.5,-0.5130727887153625,BUY,0.014,-0.513,+9.64,+24163.21,274163.21
2026-03-15T22:00:00.735000+00:00,5838,24326.5,-0.3729028105735779,BUY,0.140,-0.373,-112.14,+24051.08,274051.08
2026-03-15T22:00:01.037000+00:00,5839,24286.5,0.25947824120521545,BUY,0.632,0.259,+298.32,+24349.40,274349.40
2026-03-15T22:00:03.749000+00:00,5840,24319.0,0.5377245545387268,BUY,0.278,0.538,+0.00,+24349.40,274349.40
2026-03-15T22:00:31.971001+00:00,5841,24331.75,0.49681687355041504,SELL,0.041,0.497,+10.43,+24359.83,274359.83
2026-03-15T22:00:34.598002+00:00,5842,24350.0,-0.1522853672504425,SELL,0.649,-0.152,+181.34,+24541.17,274541.17
2026-03-15T22:00:51.415000+00:00,5843,24319.25,-0.2211753875017166,SELL,0.069,-0.221,+0.00,+24541.17,274541.17
2026-03-15T22:01:17.048001+00:00,5844,24354.75,-0.3017832040786743,SELL,0.081,-0.302,+0.00,+24541.17,274541.17
2026-03-15T22:01:58.690002+00:00,5845,24388.0,-0.31463322043418884,SELL,0.013,-0.315,+0.00,+24541.17,274541.17
2026-03-15T22:04:41.175005+00:00,5846,24365.0,-0.24938179552555084,BUY,0.065,-0.249,+30.02,+24571.18,274571.18
2026-03-15T22:08:54.073015+00:00,5847,24327.25,-0.24139003455638885,BUY,0.008,-0.241,+6.03,+24577.22,274577.22
2026-03-15T22:17:01.663000+00:00,5848,24295.5,-0.378173828125,SELL,0.137,-0.378,+0.00,+24577.22,274577.22
2026-03-15T22:25:07.478000+00:00,5849,24335.5,-0.47567111253738403,SELL,0.097,-0.476,+0.00,+24577.22,274577.22
2026-03-15T22:42:43.012009+00:00,5850,24362.75,-0.5652713179588318,SELL,0.090,-0.565,+0.00,+24577.22,274577.22
2026-03-15T22:47:17.173000+00:00,5851,24399.75,-0.7170239090919495,SELL,0.152,-0.717,+0.00,+24577.22,274577.22
2026-03-15T22:50:25.079000+00:00,5852,24439.75,-0.8354983925819397,SELL,0.118,-0.835,+0.00,+24577.22,274577.22
2026-03-15T23:00:28.467005+00:00,5853,24477.0,-0.8994069695472717,SELL,0.064,-0.899,+0.00,+24577.22,274577.22
2026-03-15T23:03:25.897001+00:00,5854,24456.75,-0.9221272468566895,SELL,0.023,-0.922,+0.00,+24577.22,274577.22
2026-03-15T23:10:35.796003+00:00,5855,24434.25,-0.943803071975708,SELL,0.022,-0.944,+0.00,+24577.22,274577.22
2026-03-15T23:37:15.137000+00:00,5856,24414.5,-0.963320255279541,SELL,0.020,-0.963,+0.00,+24577.22,274577.22
2026-03-15T23:42:07.028002+00:00,5857,24448.5,-0.9760996699333191,SELL,0.013,-0.976,+0.00,+24577.22,274577.22
2026-03-16T00:01:11.532002+00:00,5858,24472.0,-0.9846817851066589,SELL,0.009,-0.985,+0.00,+24577.22,274577.22
2026-03-16T00:07:53.062000+00:00,5859,24504.25,-0.9910271763801575,SELL,0.006,-0.991,+0.00,+24577.22,274577.22
2026-03-16T00:30:36.995006+00:00,5860,24485.5,-0.9931607246398926,SELL,0.002,-0.993,+0.00,+24577.22,274577.22
2026-03-16T01:32:42.798005+00:00,5861,24483.5,-0.9959045648574829,SELL,0.003,-0.996,+0.00,+24577.22,274577.22
2026-03-16T01:50:05.255000+00:00,5862,24510.25,-0.9965097904205322,SELL,0.001,-0.997,+0.00,+24577.22,274577.22
2026-03-16T02:15:31.439063+00:00,5863,24483.5,-0.9969541430473328,SELL,0.000,-0.997,+0.00,+24577.22,274577.22
2026-03-16T03:31:02.089001+00:00,5864,24514.25,-0.997700572013855,SELL,0.001,-0.998,+0.00,+24577.22,274577.22
2026-03-16T04:50:11.066006+00:00,5865,24510.0,-0.9981533885002136,SELL,0.000,-0.998,+0.00,+24577.22,274577.22
2026-03-16T05:47:06.771000+00:00,5866,24546.0,-0.9981091618537903,BUY,0.000,-0.998,-0.03,+24577.19,274577.19
2026-03-16T07:02:25.801012+00:00,5867,24576.25,-0.9985752105712891,SELL,0.000,-0.999,+0.00,+24577.19,274577.19
2026-03-16T07:14:03.219011+00:00,5868,24543.25,-0.9986153244972229,SELL,0.000,-0.999,+0.00,+24577.19,274577.19
2026-03-16T07:34:42.399000+00:00,5869,24515.75,-0.9987506866455078,SELL,0.000,-0.999,+0.00,+24577.19,274577.19
2026-03-16T08:02:31.900001+00:00,5870,24544.0,-0.998878538608551,SELL,0.000,-0.999,+0.00,+24577.19,274577.19
2026-03-16T08:07:05.661009+00:00,5871,24559.25,-0.9975784420967102,BUY,0.001,-0.998,-0.40,+24576.79,274576.79
2026-03-16T08:15:00.244000+00:00,5872,24530.0,-0.9972153306007385,BUY,0.000,-0.997,+0.21,+24577.00,274577.00
2026-03-16T08:23:19.426010+00:00,5873,24544.5,-0.9965248107910156,BUY,0.001,-0.997,-0.20,+24576.80,274576.80
2026-03-16T08:36:28.986001+00:00,5874,24510.0,-0.9953292012214661,BUY,0.001,-0.995,+0.82,+24577.63,274577.63
2026-03-16T08:56:00.138000+00:00,5875,24537.75,-0.9949937462806702,BUY,0.000,-0.995,-0.19,+24577.44,274577.44
2026-03-16T09:06:52.033009+00:00,5876,24500.75,-0.9939785003662109,BUY,0.001,-0.994,+0.75,+24578.19,274578.19
2026-03-16T09:13:24.364002+00:00,5877,24526.5,-0.990525484085083,BUY,0.003,-0.991,-1.78,+24576.41,274576.41
2026-03-16T09:31:04.891000+00:00,5878,24495.75,-0.990298867225647,BUY,0.000,-0.990,+0.14,+24576.55,274576.55
2026-03-16T10:09:26.822000+00:00,5879,24518.25,-0.9877879023551941,BUY,0.003,-0.988,-1.13,+24575.42,274575.42
2026-03-16T10:23:23.841000+00:00,5880,24558.25,-0.9841979146003723,BUY,0.004,-0.984,-2.87,+24572.55,274572.55
2026-03-16T10:42:37.090077+00:00,5881,24592.0,-0.9818374514579773,BUY,0.002,-0.982,-1.59,+24570.96,274570.96
2026-03-16T10:45:14.513004+00:00,5882,24557.25,-0.9768798351287842,BUY,0.005,-0.977,+3.45,+24574.40,274574.40
2026-03-16T10:50:11.197000+00:00,5883,24596.75,-0.9711582660675049,BUY,0.006,-0.971,-4.52,+24569.88,274569.88
2026-03-16T11:36:46.321000+00:00,5884,24616.25,-0.9676438570022583,BUY,0.004,-0.968,-1.37,+24568.51,274568.51
2026-03-16T12:11:49.872003+00:00,5885,24649.0,-0.9737287759780884,SELL,0.006,-0.974,+0.00,+24568.51,274568.51
2026-03-16T12:42:22.134000+00:00,5886,24686.0,-0.9761790037155151,SELL,0.002,-0.976,+0.00,+24568.51,274568.51
2026-03-16T12:59:21.723000+00:00,5887,24648.75,-0.9817265868186951,SELL,0.006,-0.982,+0.00,+24568.51,274568.51
2026-03-16T13:30:22.377005+00:00,5888,24642.0,-0.9840965867042542,SELL,0.002,-0.984,+0.00,+24568.51,274568.51
2026-03-16T13:31:02.376000+00:00,5889,24663.5,-0.9874927997589111,SELL,0.003,-0.987,+0.00,+24568.51,274568.51
2026-03-16T13:33:24.105000+00:00,5890,24696.0,-0.9880650043487549,SELL,0.001,-0.988,+0.00,+24568.51,274568.51
2026-03-16T13:38:58.048003+00:00,5891,24677.0,-0.9857195615768433,BUY,0.002,-0.986,+0.89,+24569.40,274569.40
2026-03-16T13:45:22.531022+00:00,5892,24704.75,-0.9865054488182068,SELL,0.001,-0.987,+0.00,+24569.40,274569.40
2026-03-16T13:48:50.630001+00:00,5893,24695.0,-0.9867457747459412,SELL,0.000,-0.987,+0.00,+24569.40,274569.40
2026-03-16T13:56:58.568002+00:00,5894,24720.25,-0.9873162508010864,SELL,0.001,-0.987,+0.00,+24569.40,274569.40
2026-03-16T14:00:11.400066+00:00,5895,24700.75,-0.986068844795227,BUY,0.001,-0.986,+0.49,+24569.89,274569.89
2026-03-16T14:01:50.259000+00:00,5896,24724.25,-0.9851259589195251,BUY,0.001,-0.985,-0.44,+24569.45,274569.45
2026-03-16T14:08:37.259000+00:00,5897,24737.75,-0.9829508066177368,BUY,0.002,-0.983,-0.59,+24568.86,274568.86
2026-03-16T14:21:49.439019+00:00,5898,24764.5,-0.9865111112594604,SELL,0.004,-0.987,+0.00,+24568.86,274568.86
2026-03-16T14:29:30.601021+00:00,5899,24724.5,-0.9843523502349854,BUY,0.002,-0.984,+1.73,+24570.59,274570.59
2026-03-16T14:30:32.100001+00:00,5900,24690.0,-0.9769448637962341,BUY,0.007,-0.977,+5.11,+24575.70,274575.70
2026-03-16T14:34:25.699003+00:00,5901,24671.0,-0.9721550345420837,BUY,0.005,-0.972,+1.82,+24577.52,274577.52
2026-03-16T14:38:47.293000+00:00,5902,24658.0,-0.970763087272644,BUY,0.001,-0.971,+0.36,+24577.88,274577.88
2026-03-16T14:47:57.326001+00:00,5903,24630.0,-0.9685390591621399,BUY,0.002,-0.969,+1.25,+24579.12,274579.12
2026-03-16T14:50:21.717046+00:00,5904,24622.25,-0.9650748372077942,BUY,0.003,-0.965,+0.54,+24579.66,274579.66
2026-03-16T14:51:49.363001+00:00,5905,24650.75,-0.9612364172935486,BUY,0.004,-0.961,-2.19,+24577.47,274577.47
2026-03-16T14:59:45.607016+00:00,5906,24688.75,-0.9666426181793213,SELL,0.005,-0.967,+0.00,+24577.47,274577.47
2026-03-16T15:05:13.171004+00:00,5907,24659.0,-0.9678080081939697,SELL,0.001,-0.968,+0.00,+24577.47,274577.47
2026-03-16T15:13:54.523001+00:00,5908,24687.5,-0.968543529510498,SELL,0.001,-0.969,+0.00,+24577.47,274577.47
2026-03-16T15:22:47.509005+00:00,5909,24720.5,-0.9686457514762878,SELL,0.000,-0.969,+0.00,+24577.47,274577.47
2026-03-16T15:53:09.604000+00:00,5910,24699.0,-0.9639462828636169,BUY,0.005,-0.964,+2.02,+24579.49,274579.49
2026-03-16T15:58:33.205046+00:00,5911,24673.5,-0.9582523107528687,BUY,0.006,-0.958,+2.90,+24582.40,274582.40
2026-03-16T16:17:07.233004+00:00,5912,24663.75,-0.951949417591095,BUY,0.006,-0.952,+1.23,+24583.63,274583.63
2026-03-16T16:21:51.534000+00:00,5913,24648.5,-0.9511315226554871,BUY,0.001,-0.951,+0.25,+24583.88,274583.88
2026-03-16T16:38:58.433000+00:00,5914,24657.75,-0.9485200643539429,BUY,0.003,-0.949,-0.48,+24583.39,274583.39
2026-03-16T16:52:01.197005+00:00,5915,24690.25,-0.9380161762237549,BUY,0.011,-0.938,-6.83,+24576.57,274576.57
2026-03-16T17:00:50.138032+00:00,5916,24709.0,-0.9146931171417236,BUY,0.023,-0.915,-8.75,+24567.82,274567.82
2026-03-16T17:23:26.234009+00:00,5917,24722.0,-0.9117120504379272,BUY,0.003,-0.912,-0.78,+24567.05,274567.05
2026-03-16T17:39:46.156012+00:00,5918,24685.0,-0.888709306716919,BUY,0.023,-0.889,+17.02,+24584.07,274584.07
2026-03-16T17:50:42.604000+00:00,5919,24655.75,-0.7688812613487244,BUY,0.120,-0.769,+70.10,+24654.17,274654.17
2026-03-16T18:04:38.057000+00:00,5920,24692.75,-0.28354570269584656,BUY,0.485,-0.284,-359.15,+24295.02,274295.02
2026-03-16T18:44:55.086000+00:00,5921,24731.75,-0.4212873876094818,SELL,0.138,-0.421,+0.00,+24295.02,274295.02
2026-03-16T19:03:57.227002+00:00,5922,24694.75,-0.2841082215309143,BUY,0.137,-0.284,+101.51,+24396.53,274396.53
2026-03-16T19:09:38.026000+00:00,5923,24729.0,-0.44116100668907166,SELL,0.157,-0.441,+0.00,+24396.53,274396.53
2026-03-16T19:09:55.360011+00:00,5924,24768.25,-0.5147386193275452,SELL,0.074,-0.515,+0.00,+24396.53,274396.53
2026-03-16T19:10:02.443000+00:00,5925,24804.0,-0.7043724656105042,SELL,0.190,-0.704,+0.00,+24396.53,274396.53
2026-03-16T19:10:51.993000+00:00,5926,24776.25,-0.6408737301826477,BUY,0.063,-0.641,+35.24,+24431.77,274431.77
2026-03-16T19:12:29.559001+00:00,5927,24736.25,-0.5700780153274536,BUY,0.071,-0.570,+56.64,+24488.41,274488.41
2026-03-16T19:19:09.873003+00:00,5928,24700.0,-0.0697169378399849,BUY,0.500,-0.070,+362.76,+24851.17,274851.17
2026-03-16T19:25:42.855017+00:00,5929,24667.25,0.4615984857082367,BUY,0.531,0.462,+45.66,+24896.84,274896.84
2026-03-16T19:42:14.349000+00:00,5930,24656.75,0.3774285912513733,SELL,0.084,0.377,-17.68,+24879.16,274879.16
2026-03-16T19:59:06.340000+00:00,5931,24677.25,0.08880715072154999,SELL,0.289,0.089,+118.33,+24997.49,274997.49
2026-03-16T20:36:14.357034+00:00,5932,24645.0,-0.21990954875946045,SELL,0.309,-0.220,-57.28,+24940.21,274940.21
2026-03-16T22:17:29.814000+00:00,5933,24628.75,-0.5533644556999207,SELL,0.333,-0.553,+0.00,+24940.21,274940.21
2026-03-16T22:53:49.148000+00:00,5934,24620.0,-0.5414994955062866,BUY,0.012,-0.541,+2.08,+24942.29,274942.29
2026-03-16T23:59:43.099000+00:00,5935,24660.0,-0.7224306464195251,SELL,0.181,-0.722,+0.00,+24942.29,274942.29
2026-03-17T00:20:41.595000+00:00,5936,24629.0,-0.549115002155304,BUY,0.173,-0.549,+107.46,+25049.75,275049.75
2026-03-17T00:35:58.299000+00:00,5937,24646.0,-0.7035015821456909,SELL,0.154,-0.704,+0.00,+25049.75,275049.75
2026-03-17T00:50:32.112001+00:00,5938,24606.5,-0.597611129283905,BUY,0.106,-0.598,+83.65,+25133.40,275133.40
2026-03-17T01:35:00.788000+00:00,5939,24630.0,-0.6756497621536255,SELL,0.078,-0.676,+0.00,+25133.40,275133.40
2026-03-17T02:51:57.482000+00:00,5940,24591.25,-0.6787176728248596,SELL,0.003,-0.679,+0.00,+25133.40,275133.40
2026-03-17T04:35:56.855000+00:00,5941,24607.5,-0.6181952953338623,BUY,0.061,-0.618,-19.67,+25113.73,275113.73
2026-03-17T05:45:12.548000+00:00,5942,24600.25,-0.5407268404960632,BUY,0.077,-0.541,+11.23,+25124.96,275124.96
2026-03-17T05:54:22.888000+00:00,5943,24560.25,-0.34503594040870667,BUY,0.196,-0.345,+156.55,+25281.52,275281.52
2026-03-17T06:02:27.024000+00:00,5944,24526.25,-0.1842900663614273,BUY,0.161,-0.184,+109.31,+25390.82,275390.82
2026-03-17T06:21:20.187000+00:00,5945,24558.0,-0.1510472595691681,BUY,0.033,-0.151,-21.11,+25369.71,275369.71
2026-03-17T07:19:15.576000+00:00,5946,24565.75,-0.16463984549045563,SELL,0.014,-0.165,+0.00,+25369.71,275369.71
2026-03-17T07:50:59.800000+00:00,5947,24561.75,-0.23026353120803833,SELL,0.066,-0.230,+0.00,+25369.71,275369.71
2026-03-17T08:01:21.957000+00:00,5948,24591.5,-0.3776703476905823,SELL,0.147,-0.378,+0.00,+25369.71,275369.71
2026-03-17T08:10:55.008000+00:00,5949,24553.0,-0.3854464888572693,SELL,0.008,-0.385,+0.00,+25369.71,275369.71
2026-03-17T08:35:44.072000+00:00,5950,24539.75,-0.42570751905441284,SELL,0.040,-0.426,+0.00,+25369.71,275369.71
2026-03-17T08:40:46.347000+00:00,5951,24568.25,-0.541560173034668,SELL,0.116,-0.542,+0.00,+25369.71,275369.71
2026-03-17T08:53:07.344000+00:00,5952,24546.0,-0.6682073473930359,SELL,0.127,-0.668,+0.00,+25369.71,275369.71
2026-03-17T09:02:05.510000+00:00,5953,24577.75,-0.705147922039032,SELL,0.037,-0.705,+0.00,+25369.71,275369.71
2026-03-17T09:25:36.134000+00:00,5954,24602.0,-0.8137024641036987,SELL,0.109,-0.814,+0.00,+25369.71,275369.71
2026-03-17T10:17:06.901000+00:00,5955,24595.75,-0.8927417397499084,SELL,0.079,-0.893,+0.00,+25369.71,275369.71
2026-03-17T10:57:53.005003+00:00,5956,24619.25,-0.9343196749687195,SELL,0.042,-0.934,+0.00,+25369.71,275369.71
2026-03-17T11:53:57.565000+00:00,5957,24605.5,-0.9560399055480957,SELL,0.022,-0.956,+0.00,+25369.71,275369.71
2026-03-17T12:05:27.132000+00:00,5958,24639.0,-0.9696088433265686,SELL,0.014,-0.970,+0.00,+25369.71,275369.71
2026-03-17T12:13:25.777000+00:00,5959,24677.0,-0.976503849029541,SELL,0.007,-0.977,+0.00,+25369.71,275369.71
2026-03-17T12:32:20.589000+00:00,5960,24706.0,-0.9817860722541809,SELL,0.005,-0.982,+0.00,+25369.71,275369.71
2026-03-17T13:06:53.585000+00:00,5961,24740.75,-0.9870604872703552,SELL,0.005,-0.987,+0.00,+25369.71,275369.71
2026-03-17T13:19:17.646000+00:00,5962,24777.75,-0.9915200471878052,SELL,0.004,-0.992,+0.00,+25369.71,275369.71
2026-03-17T13:30:02.348000+00:00,5963,24767.25,-0.993560254573822,SELL,0.002,-0.994,+0.00,+25369.71,275369.71
2026-03-17T13:30:46.738000+00:00,5964,24785.5,-0.9941691756248474,SELL,0.001,-0.994,+0.00,+25369.71,275369.71
2026-03-17T13:32:06.258000+00:00,5965,24805.0,-0.9924134612083435,BUY,0.002,-0.992,-0.68,+25369.03,275369.03
2026-03-17T13:32:59.828009+00:00,5966,24842.0,-0.9934951066970825,SELL,0.001,-0.993,+0.00,+25369.03,275369.03
2026-03-17T13:45:58.653000+00:00,5967,24867.0,-0.9932523369789124,BUY,0.000,-0.993,-0.12,+25368.91,275368.91
2026-03-17T14:02:34.137000+00:00,5968,24856.0,-0.9937151074409485,SELL,0.000,-0.994,+0.00,+25368.91,275368.91
2026-03-17T14:11:37.250002+00:00,5969,24821.75,-0.9929189682006836,BUY,0.001,-0.993,+0.55,+25369.45,275369.45
2026-03-17T14:17:47.773000+00:00,5970,24789.5,-0.9920120239257812,BUY,0.001,-0.992,+0.58,+25370.04,275370.04
2026-03-17T14:19:00.134000+00:00,5971,24818.25,-0.9912146925926208,BUY,0.001,-0.991,-0.46,+25369.58,275369.58
2026-03-17T14:28:29.056002+00:00,5972,24855.5,-0.9904086589813232,BUY,0.001,-0.990,-0.60,+25368.98,275368.98
2026-03-17T14:31:11.738000+00:00,5973,24820.0,-0.9885748028755188,BUY,0.002,-0.989,+1.30,+25370.28,275370.28
2026-03-17T14:35:45.194000+00:00,5974,24860.0,-0.9899561405181885,SELL,0.001,-0.990,+0.00,+25370.28,275370.28
2026-03-17T14:38:50.601000+00:00,5975,24827.75,-0.9890878796577454,BUY,0.001,-0.989,+0.56,+25370.84,275370.84
2026-03-17T14:43:42.223000+00:00,5976,24860.0,-0.9880669116973877,BUY,0.001,-0.988,-0.66,+25370.18,275370.18
2026-03-17T15:06:53.191000+00:00,5977,24831.25,-0.9884605407714844,SELL,0.000,-0.988,+0.00,+25370.18,275370.18
2026-03-17T15:10:04.166000+00:00,5978,24800.0,-0.9878991842269897,BUY,0.001,-0.988,+0.35,+25370.53,275370.53
2026-03-17T15:17:01.631000+00:00,5979,24835.25,-0.9881849884986877,SELL,0.000,-0.988,+0.00,+25370.53,275370.53
2026-03-17T15:21:54.799000+00:00,5980,24796.0,-0.9872079491615295,BUY,0.001,-0.987,+0.77,+25371.30,275371.30
2026-03-17T15:33:05.561000+00:00,5981,24784.75,-0.9883688688278198,SELL,0.001,-0.988,+0.00,+25371.30,275371.30
2026-03-17T15:36:40.962000+00:00,5982,24752.25,-0.9844682216644287,BUY,0.004,-0.984,+2.54,+25373.84,275373.84
2026-03-17T15:44:15.166000+00:00,5983,24775.5,-0.9796965718269348,BUY,0.005,-0.980,-2.22,+25371.62,275371.62
2026-03-17T16:02:34.440000+00:00,5984,24756.5,-0.9667355418205261,BUY,0.013,-0.967,+4.93,+25376.54,275376.54
2026-03-17T16:07:38.150001+00:00,5985,24731.25,-0.9417158365249634,BUY,0.025,-0.942,+12.63,+25389.18,275389.18
2026-03-17T16:11:14.457000+00:00,5986,24770.75,-0.9316133260726929,BUY,0.010,-0.932,-7.98,+25381.20,275381.20
2026-03-17T16:18:57.314000+00:00,5987,24795.0,-0.9336647987365723,SELL,0.002,-0.934,+0.00,+25381.20,275381.20
2026-03-17T17:02:58.165000+00:00,5988,24812.5,-0.8995423913002014,BUY,0.034,-0.900,-11.94,+25369.25,275369.25
2026-03-17T17:47:53.936000+00:00,5989,24780.0,-0.859878420829773,BUY,0.040,-0.860,+25.78,+25395.03,275395.03
2026-03-17T17:53:25.976000+00:00,5990,24818.75,-0.806364893913269,BUY,0.054,-0.806,-41.47,+25353.56,275353.56
2026-03-17T18:24:31.951000+00:00,5991,24800.0,-0.7186135053634644,BUY,0.088,-0.719,+32.91,+25386.47,275386.47
2026-03-17T19:15:55.427000+00:00,5992,24803.5,-0.5779470205307007,BUY,0.141,-0.578,-9.85,+25376.62,275376.62
2026-03-18T00:06:43.058001+00:00,5993,24812.0,-0.47337469458580017,BUY,0.105,-0.473,-17.78,+25358.84,275358.84
2026-03-18T00:45:20.589000+00:00,5994,24845.0,-0.40522071719169617,BUY,0.068,-0.405,-44.98,+25313.86,275313.86
2026-03-18T02:00:55.760000+00:00,5995,24885.0,-0.3363233208656311,BUY,0.069,-0.336,-55.12,+25258.74,275258.74
2026-03-18T03:57:49.530000+00:00,5996,24921.0,-0.3313804268836975,BUY,0.005,-0.331,-3.56,+25255.19,275255.19
2026-03-18T06:00:26.407000+00:00,5997,24950.5,-0.2945629358291626,BUY,0.037,-0.295,-21.72,+25233.46,275233.46
2026-03-18T06:25:45.677004+00:00,5998,24987.25,-0.1579442024230957,BUY,0.137,-0.158,-100.41,+25133.05,275133.05
2026-03-18T07:25:19.537000+00:00,5999,24948.5,-0.13060066103935242,BUY,0.027,-0.131,+21.19,+25154.24,275154.24
2026-03-18T10:19:20.097000+00:00,6000,24973.25,-0.400787353515625,SELL,0.270,-0.401,+0.00,+25154.24,275154.24
2026-03-18T11:00:11.539000+00:00,6001,24937.25,-0.6346625685691833,SELL,0.234,-0.635,+0.00,+25154.24,275154.24
2026-03-18T11:26:39.639000+00:00,6002,24916.25,-0.5658188462257385,BUY,0.069,-0.566,+28.91,+25183.15,275183.15
2026-03-18T11:41:18.494000+00:00,6003,24918.0,-0.5935526490211487,SELL,0.028,-0.594,+0.00,+25183.15,275183.15
2026-03-18T12:01:10.373000+00:00,6004,24889.0,-0.5571655631065369,BUY,0.036,-0.557,+21.10,+25204.26,275204.26
2026-03-18T12:06:03.567000+00:00,6005,24850.0,-0.5343285202980042,BUY,0.023,-0.534,+17.81,+25222.07,275222.07
2026-03-18T12:13:59.412000+00:00,6006,24817.0,-0.4840298295021057,BUY,0.050,-0.484,+33.20,+25255.27,275255.27
2026-03-18T12:19:19.974000+00:00,6007,24791.0,-0.4880705773830414,SELL,0.004,-0.488,+0.00,+25255.27,275255.27
2026-03-18T12:30:29.419000+00:00,6008,24775.0,-0.4966505467891693,SELL,0.009,-0.497,+0.00,+25255.27,275255.27
2026-03-18T12:33:03.091002+00:00,6009,24735.0,-0.29782238602638245,BUY,0.199,-0.298,+159.06,+25414.33,275414.33
2026-03-18T12:39:23.203000+00:00,6010,24767.5,-0.3048734664916992,SELL,0.007,-0.305,+0.00,+25414.33,275414.33
2026-03-18T12:42:44.707000+00:00,6011,24737.0,-0.22633887827396393,BUY,0.079,-0.226,+47.91,+25462.24,275462.24
2026-03-18T12:44:07.267000+00:00,6012,24700.0,-0.12497609108686447,BUY,0.101,-0.125,+75.01,+25537.25,275537.25
2026-03-18T12:48:44.165000+00:00,6013,24676.0,0.09907042235136032,BUY,0.224,0.099,+59.99,+25597.23,275597.23
2026-03-18T12:57:57.676011+00:00,6014,24660.25,0.1415005475282669,BUY,0.042,0.142,+0.00,+25597.23,275597.23
2026-03-18T13:07:24.218000+00:00,6015,24688.0,-0.030580813065171242,SELL,0.172,-0.031,+78.53,+25675.77,275675.77
2026-03-18T13:21:30.856001+00:00,6016,24700.75,0.012733549810945988,BUY,0.043,0.013,-7.80,+25667.97,275667.97
2026-03-18T13:30:04.497001+00:00,6017,24727.0,-0.07307090610265732,SELL,0.086,-0.073,+6.69,+25674.65,275674.65
2026-03-18T13:31:04.754000+00:00,6018,24703.0,0.2829776108264923,BUY,0.356,0.283,+35.07,+25709.73,275709.73
2026-03-18T13:32:28.420000+00:00,6019,24728.25,0.2901054322719574,BUY,0.007,0.290,+0.00,+25709.73,275709.73
2026-03-18T13:37:19.762000+00:00,6020,24747.75,0.48623692989349365,BUY,0.196,0.486,+0.00,+25709.73,275709.73
2026-03-18T13:43:43.336000+00:00,6021,24730.75,0.662233829498291,BUY,0.176,0.662,+0.00,+25709.73,275709.73
2026-03-18T13:46:09.109000+00:00,6022,24750.0,0.691517174243927,BUY,0.029,0.692,+0.00,+25709.73,275709.73
2026-03-18T13:46:51.708002+00:00,6023,24770.25,0.7123624682426453,BUY,0.021,0.712,+0.00,+25709.73,275709.73
2026-03-18T13:50:19.286000+00:00,6024,24740.0,0.9027349948883057,BUY,0.190,0.903,+0.00,+25709.73,275709.73
2026-03-18T13:57:27.511001+00:00,6025,24711.5,0.9632146954536438,BUY,0.060,0.963,+0.00,+25709.73,275709.73
2026-03-18T14:00:00.180000+00:00,6026,24751.5,0.9733759164810181,BUY,0.010,0.973,+0.00,+25709.73,275709.73
2026-03-18T14:02:57.661000+00:00,6027,24713.5,0.9729083776473999,SELL,0.000,0.973,-0.36,+25709.37,275709.37
2026-03-18T14:04:23.597000+00:00,6028,24735.5,0.9474332928657532,SELL,0.025,0.947,+11.21,+25720.58,275720.58
2026-03-18T14:07:43.290002+00:00,6029,24750.75,0.8408118486404419,SELL,0.107,0.841,+32.52,+25753.10,275753.10
2026-03-18T14:10:54.614000+00:00,6030,24723.75,0.44080665707588196,SELL,0.400,0.441,-216.00,+25537.10,275537.10
2026-03-18T14:13:51.247000+00:00,6031,24686.25,0.2819112241268158,SELL,0.159,0.282,-119.17,+25417.93,275417.93
2026-03-18T14:25:34.963000+00:00,6032,24666.0,0.3048226535320282,BUY,0.023,0.305,+0.00,+25417.93,275417.93
2026-03-18T14:26:35.016000+00:00,6033,24626.5,0.6266206502914429,BUY,0.322,0.627,+0.00,+25417.93,275417.93
2026-03-18T14:32:46.862010+00:00,6034,24636.0,0.7945003509521484,BUY,0.168,0.795,+0.00,+25417.93,275417.93
2026-03-18T14:37:20.018000+00:00,6035,24614.0,0.9086622595787048,BUY,0.114,0.909,+0.00,+25417.93,275417.93
2026-03-18T14:57:19.381001+00:00,6036,24643.25,0.9030463099479675,SELL,0.006,0.903,+3.29,+25421.21,275421.21
2026-03-18T15:00:27.011000+00:00,6037,24677.25,0.8000300526618958,SELL,0.103,0.800,+70.05,+25491.26,275491.26
2026-03-18T15:02:30.028000+00:00,6038,24651.75,0.7057434320449829,SELL,0.094,0.706,-48.09,+25443.18,275443.18
2026-03-18T15:05:50.998000+00:00,6039,24687.0,-0.12099327147006989,SELL,0.827,-0.121,+497.55,+25940.73,275940.73
2026-03-18T15:18:42.670000+00:00,6040,24673.25,-0.642043948173523,SELL,0.521,-0.642,+0.00,+25940.73,275940.73
2026-03-18T15:25:20.095002+00:00,6041,24682.0,-0.9048590660095215,SELL,0.263,-0.905,+0.00,+25940.73,275940.73
2026-03-18T16:09:53.754000+00:00,6042,24657.25,-0.9558976292610168,SELL,0.051,-0.956,+0.00,+25940.73,275940.73
2026-03-18T16:13:53.924000+00:00,6043,24689.0,-0.975999653339386,SELL,0.020,-0.976,+0.00,+25940.73,275940.73
2026-03-18T16:33:52.917185+00:00,6044,24652.25,-0.9836860299110413,SELL,0.008,-0.984,+0.00,+25940.73,275940.73
2026-03-18T16:35:40.589000+00:00,6045,24614.25,-0.9887964725494385,SELL,0.005,-0.989,+0.00,+25940.73,275940.73
2026-03-18T16:53:18.434000+00:00,6046,24653.0,-0.992917537689209,SELL,0.004,-0.993,+0.00,+25940.73,275940.73
2026-03-18T17:01:02.203000+00:00,6047,24616.75,-0.9938158392906189,SELL,0.001,-0.994,+0.00,+25940.73,275940.73
2026-03-18T17:11:49.336002+00:00,6048,24579.25,-0.9940182566642761,SELL,0.000,-0.994,+0.00,+25940.73,275940.73
2026-03-18T17:30:04.626000+00:00,6049,24619.25,-0.9945497512817383,SELL,0.001,-0.995,+0.00,+25940.73,275940.73
2026-03-18T17:35:24.298001+00:00,6050,24634.25,-0.9948588013648987,SELL,0.000,-0.995,+0.00,+25940.73,275940.73
2026-03-18T18:00:12.708001+00:00,6051,24669.75,-0.9953286647796631,SELL,0.000,-0.995,+0.00,+25940.73,275940.73
2026-03-18T18:07:31.046000+00:00,6052,24655.75,-0.9947068691253662,BUY,0.001,-0.995,+0.17,+25940.90,275940.90
2026-03-18T18:15:29.774001+00:00,6053,24629.25,-0.9950464367866516,SELL,0.000,-0.995,+0.00,+25940.90,275940.90
2026-03-18T18:24:19.949000+00:00,6054,24608.75,-0.9962871670722961,SELL,0.001,-0.996,+0.00,+25940.90,275940.90
2026-03-18T18:32:56.624000+00:00,6055,24604.5,-0.9969688057899475,SELL,0.001,-0.997,+0.00,+25940.90,275940.90
2026-03-18T18:36:12.555000+00:00,6056,24610.0,-0.9967348575592041,BUY,0.000,-0.997,-0.03,+25940.88,275940.88
2026-03-18T18:37:01.354000+00:00,6057,24639.75,-0.996676504611969,BUY,0.000,-0.997,-0.03,+25940.84,275940.84
2026-03-18T18:38:55.284000+00:00,6058,24599.75,-0.9962005615234375,BUY,0.000,-0.996,+0.38,+25941.22,275941.22
2026-03-18T18:40:21.731000+00:00,6059,24570.5,-0.9952360987663269,BUY,0.001,-0.995,+0.56,+25941.79,275941.79
2026-03-18T18:42:49.176000+00:00,6060,24610.5,-0.9938511252403259,BUY,0.001,-0.994,-1.11,+25940.68,275940.68
2026-03-18T18:50:04.937000+00:00,6061,24577.5,-0.9923710227012634,BUY,0.001,-0.992,+0.98,+25941.65,275941.65
2026-03-18T18:53:37.445000+00:00,6062,24544.0,-0.9925024509429932,SELL,0.000,-0.993,+0.00,+25941.65,275941.65
2026-03-18T19:04:17.521000+00:00,6063,24562.0,-0.9930883049964905,SELL,0.001,-0.993,+0.00,+25941.65,275941.65
2026-03-18T19:11:44.901001+00:00,6064,24542.75,-0.9932794570922852,SELL,0.000,-0.993,+0.00,+25941.65,275941.65
2026-03-18T19:21:08.247000+00:00,6065,24512.75,-0.9916823506355286,BUY,0.002,-0.992,+0.96,+25942.61,275942.61
2026-03-18T19:41:04.042000+00:00,6066,24484.75,-0.9916160106658936,BUY,0.000,-0.992,+0.04,+25942.65,275942.65
2026-03-18T19:58:04.409000+00:00,6067,24444.75,-0.9879095554351807,BUY,0.004,-0.988,+2.97,+25945.61,275945.61
2026-03-18T20:01:00.151006+00:00,6068,24470.0,-0.9799683690071106,BUY,0.008,-0.980,-4.01,+25941.60,275941.60
2026-03-18T20:01:00.696000+00:00,6069,24457.0,-0.9725034236907959,BUY,0.007,-0.973,+1.94,+25943.55,275943.55
2026-03-18T20:05:39.031000+00:00,6070,24423.0,-0.9681100249290466,BUY,0.004,-0.968,+2.99,+25946.53,275946.53
2026-03-18T20:22:51.710000+00:00,6071,24387.0,-0.9589040279388428,BUY,0.009,-0.959,+6.63,+25953.16,275953.16
2026-03-18T20:27:08.981000+00:00,6072,24354.5,-0.9494351148605347,BUY,0.009,-0.949,+6.15,+25959.32,275959.32
2026-03-18T20:38:50.112000+00:00,6073,24390.75,-0.9115081429481506,BUY,0.038,-0.912,-27.50,+25931.82,275931.82
2026-03-18T22:00:00.789000+00:00,6074,24350.75,-0.9020779132843018,BUY,0.009,-0.902,+7.54,+25939.36,275939.36
2026-03-18T22:00:10.789000+00:00,6075,24310.75,-0.8735361099243164,BUY,0.029,-0.874,+22.83,+25962.20,275962.20
2026-03-18T22:00:20.792000+00:00,6076,24350.75,-0.8562366366386414,BUY,0.017,-0.856,-13.84,+25948.36,275948.36
2026-03-18T22:00:20.792001+00:00,6077,24390.75,-0.7896405458450317,BUY,0.067,-0.790,-53.28,+25895.08,275895.08
2026-03-18T22:28:19.835000+00:00,6078,24364.0,-0.7599673271179199,BUY,0.030,-0.760,+15.88,+25910.96,275910.96
2026-03-18T23:01:56.658000+00:00,6079,24388.25,-0.5884473919868469,BUY,0.172,-0.588,-83.19,+25827.77,275827.77
2026-03-18T23:41:55.664000+00:00,6080,24427.5,-0.18047471344470978,BUY,0.408,-0.180,-320.26,+25507.51,275507.51
2026-03-18T23:45:10.770000+00:00,6081,24387.5,0.14829105138778687,BUY,0.329,0.148,+144.38,+25651.89,275651.89
